primary_publisher,game_count,review_score,avg_owners_mid,avg_language_count,avg_positive_review_ratio,avg_active_users_rate,recent_release_count,avg_price,total_est_revenue,avg_est_revenue_per_game,max_single_game_revenue,recent_release_ratio,avg_owners_mid_norm,avg_language_count_norm,game_count_norm,recent_release_count_norm,avg_active_users_rate_norm
072 Project,34,6.911764705882353,11911.764705882353,4.0,0.8238497394266904,0.0002223529411764706,33,1298.9411764705883,584965000.0,17204852.94117647,165375000.0,0.9705882352941176,0.02240946151079589,0.34653368921458433,0.30153980279160447,0.7291470167501014,0.8431372549019608
0Cube,15,6.785714285714286,31333.333333333332,1.6666666666666667,0.773875670080501,8.888888888888889e-07,0,144.35714285714286,38385000.0,2741785.714285714,11515000.0,0.0,0.14630386357835776,0.21118576672627967,0.09761520293164012,0.0,0.16911764705882354
101XP,12,6.5,90000.0,5.083333333333333,0.7550810344766135,0.00012666666666666666,3,982.0,1068025000.0,97093181.81818181,699650000.0,0.25,0.28147214359651435,0.38875986767052506,0.04352095933159413,0.2866446555001863,0.758578431372549
10tons Ltd,18,7.277777777777778,123333.33333333333,5.0,0.8335061671131243,4.673015873015873e-05,1,1201.3333333333333,3586650000.0,199258333.33333334,1499250000.0,0.05555555555555555,0.321836374452985,0.3857899793833686,0.14238566189952076,0.14332232775009315,0.5772058823529411
11 bit studios,19,7.052631578947368,801578.947368421,9.0,0.8246807207859286,0.00048387969924812034,5,2071.2631578947367,67038030000.0,3528317368.4210525,57750000000.0,0.2631578947368421,0.5616155746919982,0.49577762574199646,0.1557485999176193,0.370482842750058,0.9301470588235294
2 Left Thumbs,15,8.071428571428571,71666.66666666667,4.066666666666666,0.9221415540708602,0.00028565079365079366,11,1079.3333333333333,1124045000.0,74936333.33333333,437150000.0,0.7333333333333333,0.25229141003870625,0.3493855651737051,0.09761520293164012,0.5138051705001512,0.8823529411764706
2Awesome Studio,12,6.4,16250.0,7.583333333333333,0.7735533099770645,2.261904761904762e-05,2,784.0,155755000.0,12979583.333333334,45465000.0,0.16666666666666666,0.06219283637099554,0.4628857443586589,0.04352095933159413,0.22716051499996484,0.44730392156862747
2K,84,6.580246913580247,1566309.5238095238,6.261904761904762,0.7569912326849458,0.0025052819727891156,7,4336.820512820513,877686225000.0,11252387500.0,524650000000.0,0.08333333333333333,0.6474347352165165,0.42688959680172106,0.5327001862224586,0.4299669832502795,0.9987745098039216
2P Games,21,7.285714285714286,80000.0,3.4761904761904763,0.8368336911107954,0.00021977324263038547,15,1174.8095238095239,2365730000.0,112653809.52380952,594650000.0,0.7142857142857143,0.26638329282758,0.3227058998896206,0.18057882461709088,0.5732893110003726,0.8419117647058824
3000AD,11,4.6,42727.27272727273,1.0,0.17982545603183261,6.060606060606061e-07,0,556.4,275420000.0,27542000.0,74925000.0,0.0,0.18603631038998455,0.14924393652741208,0.022668219139849854,0.0,0.16053921568627452
3D Realms,23,6.318181818181818,53260.86956521739,3.4782608695652173,0.7492328497614884,4.761904761904762e-05,7,1264.5714285714287,2113295000.0,100633095.23809524,874650000.0,0.30434782608695654,0.21426631974143642,0.32280546682185074,0.20324704375694072,0.4299669832502795,0.5784313725490197
3dm_live_wallpapers,14,5.846153846153846,27500.0,11.571428571428571,0.7366433612728002,0.0009661904761904762,1,299.07142857142856,124125000.0,8866071.42857143,29925000.0,0.07142857142857142,0.12958670112592563,0.5450503026975805,0.08080161612582903,0.14332232775009315,0.9669117647058824
430Games,13,5.416666666666667,11923.076923076924,8.923076923076923,0.6445061963253765,0.00013846153846153847,8,156.0,21755000.0,1673461.5384615385,4990000.0,0.6153846153846154,0.022531054236311854,0.4941149650698859,0.06282758118853439,0.4543210299999297,0.7745098039215687
505 Games,48,6.361702127659575,490833.3333333333,9.270833333333334,0.7290956161701189,0.0002422579365079365,6,1879.3541666666667,58095570000.0,1210324375.0,10496500000.0,0.125,0.49878108133275006,0.5015314631603097,0.3891976086796104,0.4023566422499772,0.8578431372549019
616 GAMES,12,6.75,14166.666666666666,1.1666666666666667,0.7525161026947634,3.928571428571428e-05,6,278.1666666666667,45830000.0,3819166.6666666665,10465000.0,0.5,0.04461734169328633,0.16647821103439517,0.04352095933159413,0.4023566422499772,0.5416666666666666
727 Not Hound,11,7.222222222222222,10000.0,1.5454545454545454,0.8970427087320808,4.545454545454546e-05,7,667.1818181818181,73390000.0,6671818.181818182,16790000.0,0.6363636363636364,0.0,0.2011693799394799,0.022668219139849854,0.4299669832502795,0.5735294117647058
7DOTS,11,7.454545454545454,28636.363636363636,2.1818181818181817,0.8428694374718646,1.0303030303030304e-05,0,440.45454545454544,152295000.0,13845000.0,61425000.0,0.0,0.13477381094428456,0.24921519609924006,0.022668219139849854,0.0,0.33578431372549017
7miao game,11,4.5,49090.90909090909,3.5454545454545454,0.3967532467532467,0.0,9,169.9090909090909,95010000.0,8637272.727272727,69650000.0,0.8181818181818182,0.20382207479437428,0.32601212204375357,0.022668219139849854,0.4761064671776892,0.07659313725490197
8Floor,48,6.390243902439025,128020.83333333333,4.145833333333333,0.6905297100346677,3.866468253968254e-05,2,457.3333333333333,1244620000.0,25929583.333333332,131850000.0,0.041666666666666664,0.326615083913937,0.35272382564158083,0.3891976086796104,0.22716051499996484,0.5367647058823529
8floor,268,5.752808988764045,10522.388059701492,3.925373134328358,0.5826150670905427,2.6865671641791047e-05,43,469.410447761194,1322880000.0,4936119.402985075,37425000.0,0.16044776119402984,0.006522669403011228,0.3432958314004799,0.8328350908348392,0.7824584477755563,0.48284313725490197
AFBIK Studio,21,5.809523809523809,22142.85714285714,21.80952380952381,0.6985856524616701,1.9727891156462588e-05,0,94.28571428571429,42570000.0,2027142.857142857,7425000.0,0.0,0.10183038858873855,0.6733236343791877,0.18057882461709088,0.0,0.42769607843137253
AK Studio,12,5.916666666666667,26250.0,5.083333333333333,0.7474411697774629,0.0,3,841.6666666666666,256805000.0,21400416.666666668,74925000.0,0.25,0.12362730536315605,0.38875986767052506,0.04352095933159413,0.2866446555001863,0.07659313725490197
ALPHY,12,,10000.0,1.1666666666666667,0.5,0.0,0,182.41666666666666,21890000.0,1824166.6666666667,10000000.0,0.0,0.0,0.16647821103439517,0.04352095933159413,0.0,0.07659313725490197
AMG GAMES,10,7.4,10000.0,2.1,0.948063215941836,0.0,2,567.0,56700000.0,5670000.0,27990000.0,0.2,0.0,0.2436061339497215,0.0,0.22716051499996484,0.07659313725490197
ANPA.US,35,4.90625,60142.857142857145,1.7428571428571429,0.4893116974163467,4.326530612244899e-06,0,99.0,208395000.0,5954142.857142857,34650000.0,0.0,0.22983391037600379,0.21725133648094966,0.3088788845822412,0.0,0.22426470588235295
ARTE France,13,7.0,50000.0,7.3076923076923075,0.8194100555028273,2.527472527472528e-05,2,800.6923076923077,423170000.0,32551538.46153846,174650000.0,0.15384615384615385,0.20617271119921624,0.45585781120492996,0.06282758118853439,0.22716051499996484,0.4693627450980392
ARTLINK,13,6.0,10000.0,2.3076923076923075,0.7641414141414141,7.692307692307692e-06,4,2677.5384615384614,348080000.0,26775384.615384616,58990000.0,0.3076923076923077,0.0,0.25756892221392935,0.06282758118853439,0.33278413942759594,0.27512254901960786
Absolutist Ltd.,11,5.545454545454546,92272.72727272728,4.363636363636363,0.6607667888573544,2.8484848484848483e-05,0,363.0,253510000.0,23046363.636363637,59925000.0,0.0,0.2846670041784457,0.3616496129595532,0.022668219139849854,0.0,0.4889705882352941
Abyssal Studios,11,7.181818181818182,15909.09090909091,1.0909090909090908,0.918066270047552,9.090909090909091e-06,1,157.1818181818182,23725000.0,2156818.1818181816,7425000.0,0.09090909090909091,0.0594768185549878,0.15881500053476164,0.022668219139849854,0.14332232775009315,0.30392156862745096
Accelerate Games,30,6.3,43666.666666666664,1.9333333333333333,0.7301428253920641,7.307936507936509e-05,0,1032.3333333333333,1274190000.0,42473000.0,74925000.0,0.0,0.18882230373899034,0.23170733389711048,0.26992285111526687,0.0,0.6568627450980392
Activision,65,6.828125,2040923.076923077,4.630769230769231,0.7784358675611392,0.00017824105494505495,5,2597.377049180328,199989470000.0,3278515901.639344,44992500000.0,0.07692307692307693,0.6813425157759551,0.3721146865190088,0.4667894900594821,0.370482842750058,0.8137254901960784
Adamvision Studios,10,8.3,89500.0,11.6,0.9499931136459935,1.3333333333333333e-05,1,189.0,105105000.0,10510500.0,34650000.0,0.1,0.28075845234605185,0.5455390962948117,0.0,0.14332232775009315,0.3633578431372549
Aerosoft GmbH,44,5.4772727272727275,115454.54545454546,7.159090909090909,0.6222270635063807,0.0005335584415584416,10,2178.953488372093,11295355000.0,262682674.41860464,2249250000.0,0.22727272727272727,0.3133795035311282,0.45197159329506337,0.3670122815682204,0.49581379227537004,0.9436274509803921
Afil Games,12,6.714285714285714,12083.333333333334,2.6666666666666665,0.8162374484602803,8.333333333333334e-06,9,372.3333333333333,49655000.0,4137916.6666666665,12790000.0,0.75,0.024241333356207522,0.2797531500568707,0.04352095933159413,0.4761064671776892,0.2861519607843137
Ahlman Game Studio,12,5.666666666666667,14166.666666666666,1.0,0.686511931708543,0.0,0,0.0,0.0,0.0,0.0,0.0,0.04461734169328633,0.14924393652741208,0.04352095933159413,0.0,0.07659313725490197
Airem,15,6.222222222222222,42000.0,43.6,0.7646643999806337,2.46984126984127e-05,0,183.5,225020000.0,22502000.0,174650000.0,0.0,0.1838370177236822,0.8177033203058168,0.09761520293164012,0.0,0.4632352941176471
Akella,13,5.538461538461538,73076.92307692308,2.4615384615384617,0.6237898269861272,4.212454212454213e-05,0,910.5384615384615,962650000.0,74050000.0,524650000.0,0.0,0.254787814912029,0.2673575845087337,0.06282758118853439,0.0,0.5563725490196079
Aksys Games,17,6.375,15294.117647058823,3.764705882352941,0.7309226216531881,0.00026823529411764704,4,3379.0,994340000.0,58490588.23529412,412425000.0,0.23529411764705882,0.05442678906117266,0.33615512658610514,0.12830005996515034,0.33278413942759594,0.8762254901960784
Akupara Games,32,7.296296296296297,162968.75,8.15625,0.8524086795677356,0.0003756160714285714,6,1337.34375,7076270000.0,221133437.5,3675000000.0,0.1875,0.3575358778901624,0.47679808920190864,0.2862106654423914,0.4023566422499772,0.9117647058823529
Alawar,15,7.066666666666666,382666.6666666667,8.0,0.8234717776925048,0.00023472380952380953,4,694.6666666666666,2950740000.0,196716000.0,612150000.0,0.26666666666666666,0.46688973804383904,0.47309208571191314,0.09761520293164012,0.33278413942759594,0.8566176470588235
Alawar Casual,126,6.783783783783784,18849.20634920635,5.444444444444445,0.8466183919789734,0.00013677248677248678,16,304.8412698412698,612235000.0,4859007.936507937,34650000.0,0.12698412698412698,0.08120024566387146,0.4011760581036925,0.6373083708200562,0.5858246890000082,0.7720588235294118
Aldorlea Games,55,6.205128205128205,61363.63636363636,1.0545454545454545,0.7085219121934643,3.116883116883117e-06,7,666.3818181818182,2078610000.0,37792909.09090909,209650000.0,0.12727272727272726,0.23240817768729036,0.15503747404487186,0.4239852304227163,0.4299669832502795,0.2034313725490196
Alternative Software Ltd,22,5.473684210526316,19318.18181818182,1.6363636363636365,0.6353419510910009,7.51948051948052e-05,1,1691.1818181818182,448400000.0,20381818.181818184,39075000.0,0.045454545454545456,0.08434846745145101,0.2087250143753663,0.1921594055706405,0.14332232775009315,0.6654411764705882
Amaterasu Software,13,5.166666666666667,441923.07692307694,1.0,0.6345357546071723,4.2051282051282055e-06,0,62.15384615384615,333230000.0,25633076.923076924,66750000.0,0.0,0.4853336970454453,0.14924393652741208,0.06282758118853439,0.0,0.22058823529411764
Ammonite Design Studios Ltd,30,6.0,13833.333333333334,1.0,0.6104503339797457,0.0,9,367.3333333333333,131585000.0,4386166.666666667,19990000.0,0.3,0.041567208913300624,0.14924393652741208,0.26992285111526687,0.4761064671776892,0.07659313725490197
Anamik Majumdar,52,4.823529411764706,16634.615384615383,1.0,0.4490028738031834,0.0,12,263.25,262295000.0,5044134.615384615,29925000.0,0.23076923076923078,0.06518948492075692,0.14924393652741208,0.409641047648492,0.53035563410288,0.07659313725490197
Anarchy Enterprises,11,5.181818181818182,30909.090909090908,1.5454545454545454,0.5645185989613338,5.194805194805194e-06,0,417.6363636363636,115885000.0,10535000.0,22425000.0,0.0,0.14455752316839035,0.2011693799394799,0.022668219139849854,0.0,0.23897058823529413
Anatoliy Loginovskikh,33,7.53125,57575.757575757576,1.2424242424242424,0.8632175907379225,1.0216450216450216e-05,1,215.4848484848485,388235000.0,11764696.969696969,69650000.0,0.030303030303030304,0.2242457664433814,0.1738780282010685,0.29398796461938853,0.14332232775009315,0.33455882352941174
Andy Jurko,18,7.0,10000.0,1.0,0.9370039682539681,6.111111111111112e-05,0,676.0588235294117,114930000.0,6760588.235294118,6990000.0,0.0,0.0,0.14924393652741208,0.14238566189952076,0.0,0.6237745098039216
AnelaGamesStudio,10,6.428571428571429,12500.0,3.0,0.6953983516483516,1e-05,1,1102.0,130675000.0,13067500.0,28665000.0,0.1,0.02858406286464565,0.29848787305482416,0.0,0.14332232775009315,0.3247549019607843
Anima Games,10,,17500.0,1.0,0.7797619047619048,1e-05,7,778.2,127495000.0,12749500.0,24465000.0,0.7,0.07168614744673715,0.14924393652741208,0.0,0.4299669832502795,0.3247549019607843
Anime Mania,11,6.363636363636363,10000.0,6.2727272727272725,0.7885977289603385,9.090909090909091e-06,8,167.1818181818182,18390000.0,1671818.1818181819,4990000.0,0.7272727272727273,0.0,0.4272102424114054,0.022668219139849854,0.4543210299999297,0.30392156862745096
Annapurna Interactive,32,7.75,478750.0,14.5,0.8747065206799756,0.0001364190476190476,7,2876.375,74383330000.0,2324479062.5,40498500000.0,0.21875,0.49558784001066775,0.5901398231643058,0.2862106654423914,0.4299669832502795,0.7708333333333334
Anshar Publishing,10,6.3,53000.0,6.8,0.7290502687004021,0.00011276190476190476,2,1480.0,1225135000.0,122513500.0,1049650000.0,0.2,0.21363731881655318,0.442280544059136,0.0,0.22716051499996484,0.7463235294117647
Apogee Entertainment,20,7.7,83250.0,1.95,0.8703919317631079,0.0001991904761904762,5,972.1,2279995000.0,113999750.0,857500000.0,0.25,0.27148470918995654,0.23292724360297196,0.168459422013835,0.370482842750058,0.8272058823529411
Application Systems Heidelberg,18,7.666666666666667,45833.333333333336,6.166666666666667,0.886241589727479,7.259259259259259e-05,0,1292.4117647058824,1195315000.0,70312647.05882353,524650000.0,0.0,0.19502603185872117,0.42404713324832455,0.14238566189952076,0.0,0.6556372549019608
Appnori Inc.,10,6.2,12500.0,3.7,0.5987508093320286,7.857142857142858e-05,3,1384.2,164645000.0,16464500.0,36715000.0,0.3,0.02858406286464565,0.33321108027365165,0.0,0.2866446555001863,0.6721813725490197
Arc Games,13,7.0,1941153.8461538462,8.307692307692308,0.808436728716207,0.00040410402930402933,3,1136.1538461538462,25517715000.0,1962901153.8461537,13996500000.0,0.23076923076923078,0.6749217593460528,0.4803301954078907,0.06282758118853439,0.2866446555001863,0.9203431372549019
Arc System Works,38,6.416666666666667,137368.42105263157,4.7894736842105265,0.7340191303498071,0.00014244110275689223,5,2154.157894736842,14601935000.0,384261447.3684211,5998500000.0,0.13157894736842105,0.33564328385230224,0.3780993944654018,0.3297316247739855,0.370482842750058,0.7794117647058824
Arcen Games,11,6.0,145000.0,1.0,0.6654336832077985,3.1948051948051946e-05,0,1087.2727272727273,1648275000.0,149843181.8181818,341250000.0,0.0,0.3425697148743367,0.14924393652741208,0.022668219139849854,0.0,0.5159313725490197
Archor Games,73,6.0,14520.547945205479,1.0,0.6125902009543622,5.47945205479452e-06,48,93.65753424657534,101040000.0,1384109.589041096,14850000.0,0.6575342465753424,0.047777941381320306,0.14924393652741208,0.49659569474319154,0.8047132844999544,0.24019607843137256
Argent Games,13,7.5,11923.076923076924,1.3846153846153846,0.9101979094245151,5.604395604395604e-05,1,665.6153846153846,86530000.0,6656153.846153846,20990000.0,0.07692307692307693,0.022531054236311854,0.18711556927395412,0.06282758118853439,0.14332232775009315,0.6017156862745098
Armor Games Studios,42,7.8,141904.7619047619,4.904761904761905,0.8902051466668606,0.00020352380952380953,10,1086.1904761904761,6117160000.0,145646666.66666666,1109250000.0,0.23809523809523808,0.33980545630608394,0.3823448900931026,0.3551684159285284,0.49581379227537004,0.8321078431372549
Art Games Studio S.A.,15,6.0,22666.666666666668,5.2,0.663667840126073,3.0476190476190475e-05,2,804.4666666666667,280330000.0,18688666.666666668,110850000.0,0.13333333333333333,0.10482549320358357,0.3928500704771336,0.09761520293164012,0.22716051499996484,0.5061274509803921
Artifex Mundi,77,7.233766233766234,67922.07792207792,9.545454545454545,0.8140465046338675,6.374768089053804e-05,0,1289.974025974026,6940365000.0,90134610.3896104,224850000.0,0.0,0.2454166072139988,0.5072128874301906,0.5103104493910764,0.0,0.6348039215686274
Artur Rezende,19,6.214285714285714,16578.947368421053,1.0526315789473684,0.7062225841176321,0.0,4,80.57894736842105,25185000.0,1325526.3157894737,3465000.0,0.21052631578947367,0.06476007401159092,0.15483680908429845,0.1557485999176193,0.33278413942759594,0.07659313725490197
Aspyr,14,6.2727272727272725,141428.57142857142,9.0,0.6841316797898073,0.0003805442176870749,4,2417.076923076923,4813640000.0,370280000.0,2560500000.0,0.2857142857142857,0.33937484154359937,0.49577762574199646,0.08080161612582903,0.33278413942759594,0.9166666666666666
Assemble Entertainment,59,6.581818181818182,94406.77966101695,5.966101694915254,0.7791058835006555,9.987409200968523e-05,15,1273.6610169491526,9274730000.0,157198813.55932203,2249250000.0,0.2542372881355932,0.287596084184398,0.4179354866424715,0.4419592653600107,0.5732893110003726,0.7193627450980392
Astero,12,4.75,10000.0,1.5,0.3398420479302832,0.0,0,222.33333333333334,26680000.0,2223333.3333333335,3990000.0,0.0,0.0,0.19728975268717228,0.04352095933159413,0.0,0.07659313725490197
Astrea,13,7.0,15769.23076923077,2.6153846153846154,0.7959552089354748,0.0,6,435.38461538461536,105075000.0,8082692.307692308,42000000.0,0.46153846153846156,0.05834568018717872,0.27672051559788424,0.06282758118853439,0.4023566422499772,0.07659313725490197
Atari,100,6.333333333333333,101050.0,3.54,0.7315250686500272,8.850761904761905e-05,21,809.5959595959596,5966040000.0,60263030.303030305,898500000.0,0.21,0.296307712205577,0.32575359070937754,0.5776319080706136,0.6391361200254633,0.6948529411764706
Avalon Digital,27,6.88,10000.0,7.037037037037037,0.8212166935752991,9.259259259259259e-05,10,2131.4074074074074,575480000.0,21314074.074074075,33990000.0,0.37037037037037035,0.0,0.44872633092133124,0.24340640580562528,0.49581379227537004,0.7071078431372549
Axis Games,10,5.4,29000.0,1.0,0.7170173507801364,0.00015000000000000001,1,869.3,181740000.0,18174000.0,74850000.0,0.1,0.13639028955527038,0.14924393652741208,0.0,0.14332232775009315,0.7892156862745098
Axyos Games,10,6.1,49000.0,3.2,0.679167324188531,4.028571428571429e-05,1,165.0,46610000.0,4661000.0,25900000.0,0.1,0.20358462141124065,0.3089930534388552,0.0,0.14332232775009315,0.5502450980392157
Azerbaijan Technology,10,4.7,10000.0,103.0,0.45483225651556064,1e-05,0,19499.0,1949900000.0,194990000.0,194990000.0,0.0,0.0,1.0,0.0,0.0,0.3247549019607843
Azurezero,12,6.428571428571429,10000.0,1.0,0.8167353698932647,1.6666666666666667e-05,4,704.5,84540000.0,7045000.0,10790000.0,0.3333333333333333,0.0,0.14924393652741208,0.04352095933159413,0.33278413942759594,0.39215686274509803
BANDAI NAMCO Entertainment,67,6.9375,615000.0,7.686567164179104,0.7705814132681367,0.0013153748400852878,0,70908.51515151515,15916620270000.0,241160913181.81818,15330000000000.0,0.0,0.5276717949234638,0.46545992257889585,0.47456678923647944,0.0,0.9767156862745098
Back To Basics Gaming,57,5.222222222222222,427017.5438596491,1.1578947368421053,0.5612601288702881,1.697577276524645e-06,0,146.27272727272728,3053520000.0,55518545.45454545,298500000.0,0.0,0.4809382044611465,0.16560472713010874,0.4331272271926699,0.0,0.18259803921568626
Bad Kid Games,11,6.8,10000.0,2.0,0.8923835384598906,9.090909090909091e-06,6,408.09090909090907,44890000.0,4080909.090909091,4990000.0,0.5454545454545454,0.0,0.23654604285595657,0.022668219139849854,0.4023566422499772,0.30392156862745096
BadLand Publishing,10,5.714285714285714,24000.0,3.9,0.6348024811587512,0.0,0,244.55555555555554,39320000.0,4368888.888888889,11515000.0,0.0,0.1121476679165179,0.3421837738529695,0.0,0.0,0.07659313725490197
Bandai Namco Entertainment,25,7.4,1201600.0,11.04,0.8223022875584476,0.0022729942857142855,10,2496099.96,12950474610000.0,518018984400.0,8049650000000.0,0.4,0.6134772203675162,0.5357504340000074,0.22409978394868502,0.49581379227537004,0.9950980392156863
Beijing Happy Entertainment Technology,10,6.555555555555555,19000.0,2.6,0.832790933215049,0.00013266666666666665,5,3455.7,482980000.0,48298000.0,146965000.0,0.5,0.0822209833862259,0.27580233302474083,0.0,0.370482842750058,0.7634803921568627
BekkerDev Studio,15,6.0,15000.0,1.8,0.7436625426575437,1.9047619047619047e-06,2,462.3333333333333,110650000.0,7376666.666666667,41265000.0,0.13333333333333333,0.05193932803211756,0.22169094711031065,0.09761520293164012,0.22716051499996484,0.18382352941176472
Bennaction,14,,10000.0,2.0,,0.0,0,689.0,96460000.0,6890000.0,6890000.0,0.0,0.0,0.23654604285595657,0.08080161612582903,0.0,0.07659313725490197
Best Place Apps,10,7.5,12500.0,3.6,0.8837301587301587,5.5714285714285715e-05,8,611.0,78325000.0,7832500.0,24115000.0,0.8,0.02858406286464565,0.32858050423300444,0.0,0.4543210299999297,0.6004901960784313
Bethesda Softworks,66,6.953846153846154,2190984.8484848486,7.121212121212121,0.7844858344598572,0.00027178080808080805,5,1999.1475409836066,322413985000.0,5285475163.934426,34650000000.0,0.07575757575757576,0.690431687624078,0.45096966739634065,0.4707071604985814,0.370482842750058,0.8774509803921569
Big Ant Studios,14,6.444444444444445,40000.0,2.142857142857143,0.7863115678845352,0.0001835374149659864,0,1731.5714285714287,1701065000.0,121504642.85714285,749850000.0,0.0,0.17758672692060065,0.24656242964275638,0.08080161612582903,0.0,0.8198529411764706
Big Fish Games,510,6.557894736842106,12313.725490196079,1.1568627450980393,0.8193206092053517,2.9294117647058824e-05,71,932.321063394683,5583895000.0,11419008.1799591,74925000.0,0.1392156862745098,0.026660780069754846,0.16550173096114604,1.0,0.8842880132502091,0.4963235294117647
Bitlock Studio,37,5.172413793103448,32837.83783783784,1.1081081081081081,0.5336410293850579,2.393822393822394e-05,0,192.78378378378378,187735000.0,5073918.918918919,34650000.0,0.0,0.15231183856823116,0.16057884235869224,0.32296448651661164,0.0,0.4583333333333333
Black Hole,15,6.2727272727272725,10000.0,10.8,0.7266850532979565,1.3333333333333333e-05,2,195.0,29250000.0,1950000.0,2990000.0,0.13333333333333333,0.0,0.5314151166577962,0.09761520293164012,0.22716051499996484,0.3633578431372549
Black Phoenix Studio,13,6.0,11923.076923076924,3.0,0.7070707070707071,0.0,1,454.3076923076923,63035000.0,4848846.153846154,9750000.0,0.07692307692307693,0.022531054236311854,0.29848787305482416,0.06282758118853439,0.14332232775009315,0.07659313725490197
Blaze Epic,14,5.615384615384615,14642.857142857143,1.0714285714285714,0.7108116106156015,0.0,2,141.85714285714286,26295000.0,1878214.2857142857,7425000.0,0.14285714285714285,0.04885243090901123,0.1567995709632985,0.08080161612582903,0.22716051499996484,0.07659313725490197
Blender Games,71,5.825396825396825,19436.61971830986,101.95774647887323,0.6847053860505453,4.31924882629108e-06,0,162.49295774647888,241500000.0,3401408.4507042253,69650000.0,0.0,0.08513145103864547,0.9978313144484187,0.4894577091993321,0.0,0.22303921568627452
Blessing Company,76,5.526315789473684,12500.0,4.131578947368421,0.5865446136568258,2.631578947368421e-06,20,131.92105263157896,113985000.0,1499802.6315789474,13710000.0,0.2631578947368421,0.02858406286464565,0.3521265617714708,0.5069488521081669,0.6295171572499421,0.1948529411764706
Blowfish Studios,20,6.235294117647059,29750.0,6.3,0.7458077742056448,5e-06,5,1599.0,1149415000.0,60495526.315789476,359850000.0,0.25,0.13966121569378614,0.42801615783930935,0.168459422013835,0.370482842750058,0.23529411764705882
Bohemia Interactive,34,6.096774193548387,810147.0588235294,4.382352941176471,0.6982486846056756,0.0007348319327731092,4,1066.6451612903227,69505865000.0,2242124677.419355,35992500000.0,0.11764705882352941,0.562977665251079,0.3623996482588117,0.30153980279160447,0.33278413942759594,0.9522058823529411
BokiBoki Games,19,6.470588235294118,10000.0,3.4210526315789473,0.8028253751722135,4.210526315789473e-05,15,1208.3157894736842,229580000.0,12083157.894736841,24500000.0,0.7894736842105263,0.0,0.32003719151884175,0.1557485999176193,0.5732893110003726,0.5551470588235294
Bonus Stage Publishing,15,7.076923076923077,23666.666666666668,3.6666666666666665,0.8560403610939594,0.0001438095238095238,9,1111.142857142857,453855000.0,32418214.285714287,187425000.0,0.6,0.11035598415975716,0.33167859346893847,0.09761520293164012,0.4761064671776892,0.7830882352941176
Boogygames Studios,131,5.5675675675675675,18015.26717557252,1.0458015267175573,0.6715163890913868,9.378407851690294e-06,34,202.05343511450383,497640000.0,3798778.6259541987,44850000.0,0.2595419847328244,0.07540348451911406,0.1541191671532291,0.647368314676573,0.7351407816775731,0.3137254901960784
Boom Games,14,5.153846153846154,27142.85714285714,1.3571428571428572,0.5096124572799842,7.619047619047619e-06,0,115.57142857142857,57690000.0,4120714.285714286,29850000.0,0.0,0.1279121153639398,0.18462059944388873,0.08080161612582903,0.0,0.27144607843137253
Boom Team,30,5.115384615384615,22166.666666666668,1.1,0.5546649972154771,9.523809523809523e-07,0,122.33333333333333,72835000.0,2427833.3333333335,34650000.0,0.0,0.10196805963189348,0.15974911691144308,0.26992285111526687,0.0,0.1715686274509804
Boomzap Inc,49,7.0,12857.142857142857,3.4693877551020407,0.9194024955397055,9.290573372206025e-06,31,1108.265306122449,626975000.0,12795408.163265307,41265000.0,0.6326530612244898,0.03219271193733066,0.32237842684229645,0.39446082152068934,0.7166116387504659,0.3125
Breda University of Applied Sciences,15,7.2,84333.33333333333,1.0666666666666667,0.8274282832870005,1.3333333333333332e-06,0,0.0,0.0,0.0,0.0,0.0,0.27314101560931414,0.156304027621177,0.09761520293164012,0.0,0.17647058823529413
Brewsterland Studios,20,5.333333333333333,17000.0,1.0,0.6612790920904956,0.0,2,97.15,33290000.0,1664500.0,7425000.0,0.1,0.0679728077878065,0.14924393652741208,0.168459422013835,0.22716051499996484,0.07659313725490197
BufoProject,11,5.888888888888889,12272.727272727272,2.0,0.7431721822239064,9.090909090909092e-05,2,662.8181818181819,72910000.0,6628181.818181818,14990000.0,0.18181818181818182,0.026233568788411533,0.23654604285595657,0.022668219139849854,0.22716051499996484,0.7022058823529411
CAPCOM Co.,41,7.525,2170121.951219512,10.902439024390244,0.8327410499037032,0.0017681869918699186,13,7718.634146341464,1462161375000.0,35662472560.97561,1079250000000.0,0.3170731707317073,0.6892059724917106,0.5332762450306938,0.34903824663092586,0.5456789700000703,0.9901960784313726
CCS,11,6.857142857142857,15909.09090909091,5.181818181818182,0.904620465662551,9.090909090909091e-06,4,449.0,77335000.0,7733500.0,37425000.0,0.36363636363636365,0.0594768185549878,0.392217724979718,0.022668219139849854,0.33278413942759594,0.30392156862745096
CFK Co.,34,6.612903225806452,27941.176470588234,5.029411764705882,0.7856121852034333,3.4733893557422974e-05,8,983.125,1095955000.0,34248593.75,314850000.0,0.23529411764705882,0.13162553547274475,0.3868428591689818,0.30153980279160447,0.4543210299999297,0.5232843137254902
CI Games,14,5.714285714285714,731785.7142857143,8.214285714285714,0.6885132012510666,0.00010741496598639455,1,1920.5,25680265000.0,1834304642.857143,8998500000.0,0.07142857142857142,0.5499454358939643,0.4781585191627547,0.08080161612582903,0.14332232775009315,0.7328431372549019
CINEMAX GAMES,13,6.538461538461538,44615.38461538462,3.923076923076923,0.7703845820286994,5.655677655677656e-05,1,1062.3076923076924,588465000.0,45266538.461538464,146250000.0,0.07692307692307693,0.19157577227323855,0.34319542874670866,0.06282758118853439,0.14332232775009315,0.6041666666666666
CITY CONNECTION,29,6.928571428571429,18275.862068965518,2.8620689655172415,0.8525307884295164,4.2101806239737274e-05,9,1462.1724137931035,639790000.0,22061724.137931034,134850000.0,0.3103448275862069,0.07724322890479865,0.2909322386189377,0.26138044074291994,0.4761064671776892,0.553921568627451
Cakewalk,12,6.333333333333333,17500.0,3.5833333333333335,0.7919058733620203,1.3095238095238096e-05,0,0.0,0.0,0.0,0.0,0.0,0.07168614744673715,0.3277989662166309,0.04352095933159413,0.0,0.36090686274509803
Capcom,30,6.703703703703703,668166.6666666666,7.266666666666667,0.7793753116679307,7.75015873015873e-05,0,1867.12,44559605000.0,1782384200.0,10496500000.0,0.0,0.5382939572969085,0.4547919006760011,0.26992285111526687,0.0,0.6703431372549019
CasGames,13,4.444444444444445,15769.23076923077,1.0,0.4776165462445558,0.0,1,106.6923076923077,22295000.0,1715000.0,5565000.0,0.07692307692307693,0.05834568018717872,0.14924393652741208,0.06282758118853439,0.14332232775009315,0.07659313725490197
Casual Arts,39,,10641.02564102564,1.0,0.845945945945946,2.380952380952381e-05,13,648.025641025641,266955000.0,6845000.0,19915000.0,0.3333333333333333,0.00795884852056213,0.14924393652741208,0.3363274245347102,0.5456789700000703,0.45465686274509803
Cateia Games,24,5.357142857142857,41250.0,9.083333333333334,0.7272665152670874,1.6666666666666667e-05,9,1112.4166666666667,1207800000.0,50325000.0,517650000.0,0.375,0.18152874630602336,0.4975644699148738,0.2138819969035985,0.4761064671776892,0.39215686274509803
CggtGroup,12,5.857142857142857,10000.0,17.583333333333332,0.7678493498604237,0.0,8,107.33333333333333,12880000.0,1073333.3333333333,1990000.0,0.6666666666666666,0.0,0.6292030936096205,0.04352095933159413,0.4543210299999297,0.07659313725490197
ChaniMK,11,6.833333333333333,10000.0,1.0,0.9647595647595647,9.090909090909091e-06,5,442.6363636363636,48690000.0,4426363.636363637,6890000.0,0.45454545454545453,0.0,0.14924393652741208,0.022668219139849854,0.370482842750058,0.30392156862745096
Chequered Ink Ltd.,12,6.714285714285714,25833.333333333332,1.0,0.8551772551772552,0.0,0,296.27272727272725,51400000.0,4672727.2727272725,14850000.0,0.0,0.12157760153753226,0.14924393652741208,0.04352095933159413,0.0,0.07659313725490197
Cherry Kiss Games,75,5.857142857142857,10666.666666666666,4.28,0.7241947279421685,4.4e-05,22,1067.8133333333333,863310000.0,11510800.0,52465000.0,0.29333333333333333,0.008267143860679277,0.35826573039443926,0.5035433111337025,0.6483274292638558,0.5674019607843137
Chilla's Art,27,6.6,33518.51851851852,9.222222222222221,0.7345622439731124,0.0002279012345679012,6,557.1923076923077,472685000.0,18180192.307692308,51765000.0,0.2222222222222222,0.15494011822563347,0.5005099807904999,0.24340640580562528,0.4023566422499772,0.8492647058823529
Choice Provisions,11,6.181818181818182,87727.27272727272,3.6363636363636362,0.7535217191360314,6.363636363636363e-05,2,960.0,1273745000.0,115795000.0,1124250000.0,0.18181818181818182,0.2781955651471024,0.33027589478085045,0.022668219139849854,0.22716051499996484,0.633578431372549
Choice of Games,286,6.345864661654136,11328.67132867133,1.006993006993007,0.7291754263390522,5.3073593073593076e-05,19,360.4825174825175,1292900000.0,4520629.37062937,88425000.0,0.06643356643356643,0.01598027332397467,0.14999546778642256,0.8497092003903162,0.6194287949277822,0.5919117647058824
Chorus Worldwide Games,16,6.875,26562.5,5.375,0.8611903820684625,6.428571428571429e-05,6,1037.75,344275000.0,21517187.5,74850000.0,0.375,0.12514334464422053,0.3988432781114414,0.11340914000229768,0.4023566422499772,0.6372549019607843
Chris Antoni,11,7.375,10000.0,1.0,0.8509338083059311,0.0,2,144.45454545454547,15890000.0,1444545.4545454546,2390000.0,0.18181818181818182,0.0,0.14924393652741208,0.022668219139849854,0.22716051499996484,0.07659313725490197
Chubby Pixel,12,5.916666666666667,674583.3333333334,7.5,0.7176936908760393,3.2777777777777778e-06,1,465.5,1753305000.0,146108750.0,598500000.0,0.08333333333333333,0.5395183634796553,0.460785108310309,0.04352095933159413,0.14332232775009315,0.20710784313725492
Chucklefish,12,6.75,916666.6666666666,5.333333333333333,0.7635092316060302,9.854603174603176e-05,2,1537.3333333333333,16676750000.0,1389729166.6666667,10492500000.0,0.16666666666666666,0.5788026702948549,0.39743138133346534,0.04352095933159413,0.22716051499996484,0.7169117647058824
Chun Y.,14,6.4,13571.42857142857,1.0,0.5302806168190783,0.0,2,90.71428571428571,12700000.0,907142.8571428572,1990000.0,0.14285714285714285,0.039118667661034175,0.14924393652741208,0.08080161612582903,0.22716051499996484,0.07659313725490197
Cicada_Dancing,10,3.0,10000.0,2.8,0.21555555555555556,1e-05,10,581.0,58100000.0,5810000.0,6890000.0,1.0,0.0,0.2874437349748375,0.0,0.49581379227537004,0.3247549019607843
City Interactive S.A.,15,5.0,32333.333333333332,3.933333333333333,0.5908543428751926,1.688888888888889e-05,0,522.3333333333334,245515000.0,16367666.666666666,37425000.0,0.0,0.1503284244206027,0.34364353189931135,0.09761520293164012,0.0,0.39828431372549017
Clear River Games,18,7.333333333333333,12777.777777777777,1.5,0.8293872225691556,6.19047619047619e-05,18,911.8333333333334,203080000.0,11282222.222222222,27265000.0,1.0,0.03139952871348984,0.19728975268717228,0.14238566189952076,0.6088228593403998,0.6274509803921569
Click on things together,10,,10000.0,1.0,0.9666666666666667,0.0,10,96.0,9600000.0,960000.0,990000.0,1.0,0.0,0.14924393652741208,0.0,0.49581379227537004,0.07659313725490197
Clickteam,15,6.5,56666.666666666664,1.8,0.7317215316814604,4.107936507936508e-05,2,1214.076923076923,2990930000.0,230071538.46153846,2799300000.0,0.13333333333333333,0.2222068942392863,0.22169094711031065,0.09761520293164012,0.22716051499996484,0.5526960784313726
Clique Games,11,6.428571428571429,16818.18181818182,1.8181818181818181,0.7805417898952022,2.7272727272727276e-05,4,991.0909090909091,161445000.0,14676818.181818182,41965000.0,0.36363636363636365,0.0665953633386473,0.2230845667788907,0.022668219139849854,0.33278413942759594,0.4846813725490196
Clouded Leopard Entertainment,16,7.3125,22812.5,3.3125,0.7998838610598793,0.0021307738095238094,3,4336.75,1641695000.0,102605937.5,449925000.0,0.1875,0.10564704553284261,0.3146844901938971,0.11340914000229768,0.2866446555001863,0.991421568627451
Coatsink,15,7.416666666666667,93000.0,8.466666666666667,0.8656922663233221,0.0004320126984126984,3,926.5333333333333,567370000.0,37824666.666666664,187425000.0,0.2,0.2856727584520069,0.4839766732198632,0.09761520293164012,0.2866446555001863,0.9240196078431373
Coconut Island Games,10,6.333333333333333,74500.0,6.0,0.7161804100280088,4.523809523809524e-05,0,689.4,826345000.0,82634500.0,299850000.0,0.0,0.25725854917229357,0.4189806997974829,0.0,0.0,0.571078431372549
CodeRenderX,18,4.0,10000.0,1.0,0.35773809523809524,0.0,10,940.6666666666666,169320000.0,9406666.666666666,14790000.0,0.5555555555555556,0.0,0.14924393652741208,0.14238566189952076,0.49581379227537004,0.07659313725490197
Codemasters,22,6.526315789473684,663863.6363636364,4.7727272727272725,0.7176943753803054,0.00010938787878787877,0,959.2,9136785000.0,456839250.0,2998500000.0,0.0,0.5374662635103093,0.3774756843624826,0.1921594055706405,0.0,0.741421568627451
Coffee Stain Publishing,13,8.0,5285384.615384615,9.384615384615385,0.912629573908545,0.0009634908424908425,3,1992.3076923076924,149961640000.0,11535510769.23077,69965000000.0,0.23076923076923078,0.8032434159516613,0.5039036273646903,0.06282758118853439,0.2866446555001863,0.9656862745098039
Coldwild Games,11,7.3,49090.90909090909,5.818181818181818,0.8594370646460604,8.536796536796536e-05,3,644.5454545454545,634970000.0,57724545.45454545,524650000.0,0.2727272727272727,0.20382207479437428,0.41331422837229803,0.022668219139849854,0.2866446555001863,0.6887254901960784
Colossus Game Studio,10,6.777777777777778,10000.0,2.3,0.9256521739130434,2.9999999999999997e-05,3,307.0,30700000.0,3070000.0,5890000.0,0.3,0.0,0.25706761002678735,0.0,0.2866446555001863,0.4993872549019608
Conglomerate 5,205,5.35978835978836,47268.29268292683,6.239024390243903,0.5914108654537863,0.0001560650406504065,3,132.13658536585365,1281880000.0,6253073.1707317075,206150000.0,0.014634146341463415,0.19897529372225004,0.42621012907308753,0.7633191350806716,0.2866446555001863,0.7977941176470589
Cornutopia Software,11,6.0,14545.454545454546,2.0,0.9053442028985508,0.0,3,943.8181818181819,165270000.0,15024545.454545455,55265000.0,0.2727272727272727,0.04799747847206177,0.23654604285595657,0.022668219139849854,0.2866446555001863,0.07659313725490197
Cosmi Valusoft,22,5.8,17500.0,1.0,0.6223975306498002,4.4632034632034635e-05,0,745.6666666666666,301425000.0,14353571.42857143,74925000.0,0.0,0.07168614744673715,0.14924393652741208,0.1921594055706405,0.0,0.5686274509803921
Cotton Game,11,7.181818181818182,40454.545454545456,8.545454545454545,0.8140243126284378,6.995670995670996e-05,3,403.90909090909093,173460000.0,15769090.909090908,61215000.0,0.2727272727272727,0.17903426199335176,0.48576123895519663,0.022668219139849854,0.2866446555001863,0.6446078431372549
Cow Games,16,6.071428571428571,10000.0,1.4375,0.7002788764033453,0.0,5,369.625,59140000.0,3696250.0,4990000.0,0.3125,0.0,0.19183848716407204,0.11340914000229768,0.370482842750058,0.07659313725490197
Crazysoft Limited,11,6.0,10000.0,9.272727272727273,0.735004995004995,5.454545454545454e-05,1,873.1818181818181,96050000.0,8731818.181818182,15990000.0,0.09090909090909091,0.0,0.5015711632594563,0.022668219139849854,0.14332232775009315,0.5943627450980392
CreativeForge Games,28,5.666666666666667,28214.285714285714,7.821428571428571,0.6697310869555705,3.057823129251701e-05,7,1176.6,821345000.0,54756333.333333336,251850000.0,0.25,0.13287160101626513,0.46877704175487855,0.2525484025755791,0.4299669832502795,0.5073529411764706
Crescent Moon Games,23,5.75,18260.869565217392,2.739130434782609,0.6731927781140625,8.695652173913044e-06,2,611.4761904761905,237045000.0,11287857.142857144,43715000.0,0.08695652173913043,0.07713809827657796,0.2839668557115164,0.20324704375694072,0.22716051499996484,0.2935049019607843
Crew Lab,26,7.833333333333333,26730.76923076923,26.76923076923077,0.8758850708526839,4.871794871794873e-06,0,95.04,66825000.0,2673000.0,14850000.0,0.0,0.12595230274592256,0.71568665796108,0.23393190079045095,0.0,0.23284313725490197
Crisp App Studio,22,6.5,16818.18181818182,15.0,0.7831670910827314,5.1298701298701304e-05,3,388.54545454545456,152830000.0,6946818.181818182,17465000.0,0.13636363636363635,0.0665953633386473,0.5969757461096483,0.1921594055706405,0.2866446555001863,0.5870098039215687
Critical Bliss,29,7.545454545454546,10000.0,3.9310344827586206,0.8710215397956319,0.001413793103448276,8,1089.090909090909,239600000.0,10890909.090909092,14790000.0,0.27586206896551724,0.0,0.3435431760423975,0.26138044074291994,0.4543210299999297,0.9828431372549019
CritoGames,12,5.111111111111111,10000.0,1.5,0.5874974008457653,0.0,2,243.16666666666666,29180000.0,2431666.6666666665,4990000.0,0.16666666666666666,0.0,0.19728975268717228,0.04352095933159413,0.22716051499996484,0.07659313725490197
Cronostase,10,7.1,10000.0,1.0,0.9657602339181286,0.0,1,164.0,16400000.0,1640000.0,3990000.0,0.1,0.0,0.14924393652741208,0.0,0.14332232775009315,0.07659313725490197
Crystal Dynamics,19,7.2105263157894735,1310526.3157894737,4.578947368421052,0.8187772161445371,0.00020389273182957394,0,984.1111111111111,76653600000.0,4258533333.3333335,69637500000.0,0.0,0.6245938190555581,0.3701239090928856,0.1557485999176193,0.0,0.8333333333333334
Crystal Game Works,10,7.5,15000.0,1.0,0.7400979808194575,1e-05,0,261.77777777777777,23560000.0,2617777.777777778,8190000.0,0.0,0.05193932803211756,0.14924393652741208,0.0,0.0,0.3247549019607843
Crytivo,27,6.944444444444445,67777.77777777778,5.111111111111111,0.7805200918667472,0.00399015873015873,11,1459.6315789473683,3152435000.0,165917631.57894737,874650000.0,0.4074074074074074,0.24514415541539084,0.3897407964154984,0.24340640580562528,0.5138051705001512,1.0
Curve Games,37,6.783783783783784,786486.4864864865,8.45945945945946,0.7897131709660429,0.00018333873873873876,5,1770.6756756756756,56626585000.0,1530448243.2432432,29985000000.0,0.13513513513513514,0.5591804975082714,0.4838126873116236,0.32296448651661164,0.370482842750058,0.8186274509803921
Cute Hannah's Games,29,5.2,10862.068965517241,103.0,0.6123146067365134,0.0,0,164.24137931034483,52605000.0,1813965.5172413792,6965000.0,0.0,0.010592509554720684,1.0,0.26138044074291994,0.0,0.07659313725490197
Cute Pen Games,37,5.4,10000.0,1.0,0.5844893499305264,2.702702702702703e-06,21,326.97297297297297,120980000.0,3269729.7297297297,7790000.0,0.5675675675675675,0.0,0.14924393652741208,0.32296448651661164,0.6391361200254633,0.19669117647058823
Cyan Worlds Inc,13,6.6923076923076925,124230.76923076923,5.615384615384615,0.7956341883380653,9.047619047619046e-05,2,1484.5384615384614,2396895000.0,184376538.46153846,612150000.0,0.15384615384615385,0.3227651755011799,0.4068128587413415,0.06282758118853439,0.22716051499996484,0.7009803921568627
Cyber Keks,75,5.803030303030303,10000.0,9.853333333333333,0.7044540399873006,0.00016133333333333332,26,98.65333333333334,73990000.0,986533.3333333334,2990000.0,0.3466666666666667,0.0,0.5134090355975542,0.5035433111337025,0.6814815449998944,0.8014705882352942
CyberStep,54,5.0,32592.59259259259,14.648148148148149,0.3927393718474314,1.2232804232804232e-05,41,1440.1666666666667,777690000.0,14401666.666666666,24500000.0,0.7592592592592593,0.15135151383449857,0.5921880049548303,0.41929104622016095,0.7728394850000352,0.35294117647058826
D3PUBLISHER,25,6.333333333333333,122200.0,3.8260869565217392,0.7358276201587133,0.0009127428571428571,5,3713.5454545454545,9551940000.0,434179090.90909094,3749250000.0,0.2,0.3206537270401591,0.3389111768508079,0.22409978394868502,0.370482842750058,0.9620098039215687
DANGEN Entertainment,24,7.578947368421052,54791.666666666664,6.416666666666667,0.8674493799423584,0.00010896825396825397,4,1583.8095238095239,2274465000.0,108307857.14285715,292500000.0,0.16666666666666666,0.21789636651724936,0.43143003322880885,0.2138819969035985,0.33278413942759594,0.7377450980392157
DIG Publishing,52,4.829787234042553,10480.76923076923,1.0,0.4729809646468439,0.0,0,251.30769230769232,135655000.0,2608750.0,6965000.0,0.0,0.006015009312282123,0.14924393652741208,0.409641047648492,0.0,0.07659313725490197
DLsite,26,7.0,11923.076923076924,3.1923076923076925,0.815061294746991,3.956043956043956e-05,2,992.3846153846154,295495000.0,11365192.307692308,52465000.0,0.07692307692307693,0.022531054236311854,0.30859834482765713,0.23393190079045095,0.22716051499996484,0.5428921568627451
DNA ARMY GAMING,11,5.0,40909.09090909091,3.090909090909091,0.523384803706935,5.5324675324675326e-05,3,476.8181818181818,383950000.0,34904545.45454545,341250000.0,0.2727272727272727,0.18046562354902024,0.30332658201367024,0.022668219139849854,0.2866446555001863,0.5980392156862745
DSGame,23,6.608695652173913,149130.4347826087,4.826086956521739,0.7512989259237512,5.46583850931677e-05,5,506.3478260869565,1570025000.0,68261956.52173913,420000000.0,0.21739130434782608,0.3461679533081684,0.37945677319012355,0.20324704375694072,0.370482842750058,0.5955882352941176
Daedalic Entertainment,92,6.813186813186813,290000.0,9.771739130434783,0.7877672938046795,0.00012477018633540372,16,1053.4395604395604,29502900000.0,324207692.3076923,4498500000.0,0.17391304347826086,0.4313674403579663,0.5117842164664433,0.5561335165576584,0.5858246890000082,0.7573529411764706
Daisy Games,10,7.25,16500.0,5.4,0.9693686782923319,3.0000000000000004e-05,4,531.0,106335000.0,10633500.0,61425000.0,0.4,0.06414861256271082,0.39968599342247607,0.0,0.33278413942759594,0.5012254901960784
Dead Drop Studios LLC,11,5.444444444444445,35454.545454545456,1.0,0.6852998258207279,1.2294372294372295e-05,2,1280.1818181818182,589930000.0,53630000.0,292500000.0,0.18181818181818182,0.1621336457693062,0.14924393652741208,0.022668219139849854,0.22716051499996484,0.3541666666666667
Dear Villagers,41,6.842105263157895,140000.0,7.609756097560975,0.8081306229811736,8.797212543554008e-05,14,1260.2682926829268,9509355000.0,231935487.80487806,2624250000.0,0.34146341463414637,0.33807424392503743,0.46354754304315854,0.34903824663092586,0.5599446544275608,0.6936274509803921
Deck13,20,6.722222222222222,99750.0,6.15,0.815148638370181,0.0014323523809523808,3,1441.2631578947369,3704045000.0,194949736.84210527,1499250000.0,0.15,0.29464892788091357,0.4235458210611825,0.168459422013835,0.2866446555001863,0.9840686274509803
Deep Silver,47,6.27027027027027,1023510.6382978724,8.404255319148936,0.701751869623843,0.00020117325227963524,10,3059.8478260869565,89869415000.0,1953682934.7826087,14992500000.0,0.2127659574468085,0.5929266239976272,0.48255246576724886,0.3838258683740316,0.49581379227537004,0.8296568627450981
Degica,14,6.0,11785.714285714286,1.8571428571428572,0.6403846153846153,7.857142857142858e-05,1,226.92857142857142,81745000.0,5838928.571428572,69965000.0,0.07142857142857142,0.021046705422109874,0.22604086247192554,0.08080161612582903,0.14332232775009315,0.6721813725490197
Dejobaan Games,11,6.5,70909.09090909091,1.5454545454545454,0.8146801520737263,4.545454545454546e-05,3,865.6363636363636,933950000.0,84904545.45454545,524650000.0,0.2727272727272727,0.2509300063821131,0.2011693799394799,0.022668219139849854,0.2866446555001863,0.5735294117647058
Denda Games,18,5.9,14166.666666666666,7.444444444444445,0.7783526037833481,2.380952380952381e-05,6,718.1666666666666,201095000.0,11171944.444444444,34965000.0,0.3333333333333333,0.04461734169328633,0.459373211532333,0.14238566189952076,0.4023566422499772,0.45465686274509803
Denpasoft,19,7.055555555555555,10000.0,1.6842105263157894,0.8487298988266698,2.6315789473684212e-05,6,1059.9473684210527,201390000.0,10599473.684210526,19500000.0,0.3157894736842105,0.0,0.21259766350425574,0.1557485999176193,0.4023566422499772,0.4791666666666667
Destructive Creations,10,6.666666666666667,212500.0,7.3,0.7853906379184784,0.0003770857142857143,2,1855.2222222222222,4711070000.0,523452222.2222222,2624250000.0,0.2,0.39153362638929173,0.4556583545096932,0.0,0.22716051499996484,0.9142156862745098
Devolver Digital,132,7.559055118110236,568901.5151515151,7.681818181818182,0.8532057457447111,0.00016295382395382395,19,14451.346153846154,731126310000.0,5624048538.461538,577500000000.0,0.14393939393939395,0.517690232965173,0.46534217761211044,0.6493345140076877,0.6194287949277822,0.8063725490196079
Dharker Studios,53,5.760869565217392,17641.509433962263,1.0,0.6816481071708104,6.325247079964062e-06,2,932.8490566037735,1033795000.0,19505566.03773585,221850000.0,0.03773584905660377,0.07271784202857497,0.14924393652741208,0.4145107254075418,0.22716051499996484,0.2536764705882353
Dharker Studios Ltd,13,6.25,10000.0,1.0,0.756691546156034,0.0,0,0.0,0.0,0.0,0.0,0.0,0.0,0.14924393652741208,0.06282758118853439,0.0,0.07659313725490197
Dieselmine,28,6.346153846153846,10892.857142857143,2.357142857142857,0.7250559630658442,0.00013571428571428572,15,1291.357142857143,381555000.0,13626964.285714285,27965000.0,0.5357142857142857,0.010955082395528393,0.26076406969075305,0.2525484025755791,0.5732893110003726,0.7696078431372549
Digerati,30,6.25,77333.33333333333,2.933333333333333,0.7405674573229925,3.0253968253968255e-05,2,623.8275862068965,1192125000.0,41107758.62068965,419650000.0,0.06666666666666667,0.26204026516321105,0.2948690738018396,0.26992285111526687,0.22716051499996484,0.5036764705882353
DigiMight,25,6.4,11000.0,7.76,0.8565327830206723,1.6e-05,4,505.04,126260000.0,5050400.0,6990000.0,0.16,0.012208896384238327,0.4672724480080936,0.22409978394868502,0.33278413942759594,0.38480392156862747
DigiPen Institute of Technology,40,6.55,53375.0,1.3,0.7861627333094449,1.2380952380952382e-06,0,0.0,0.0,0.0,0.0,0.0,0.21454053948115348,0.17933656770559242,0.34276034828214924,0.0,0.17524509803921567
Digital Tribe,32,5.851851851851852,54687.5,2.5625,0.7050673899567361,2.011904761904762e-05,1,817.4193548387096,1481320000.0,47784516.12903226,224850000.0,0.03125,0.21765258654792383,0.27354772093573015,0.2862106654423914,0.14332232775009315,0.43504901960784315
Dikobraz Games,12,6.5,10000.0,1.0,0.6884531590413943,8.333333333333334e-06,0,711.5,85380000.0,7115000.0,9990000.0,0.0,0.0,0.14924393652741208,0.04352095933159413,0.0,0.2861519607843137
DillyFrame,22,6.428571428571429,12272.727272727272,6.636363636363637,0.8209497595648002,0.0,6,422.6818181818182,97965000.0,4452954.545454546,9990000.0,0.2727272727272727,0.026233568788411533,0.43771542279543646,0.1921594055706405,0.4023566422499772,0.07659313725490197
Dinosaur workshop,11,,10000.0,4.818181818181818,0.9125,9.090909090909091e-06,11,203.0,22330000.0,2030000.0,3990000.0,1.0,0.0,0.37916442625164526,0.022668219139849854,0.5138051705001512,0.30392156862745096
Dire Wolf,12,7.636363636363637,123333.33333333333,6.916666666666667,0.8920312268771969,0.0013397142857142859,4,1262.0,1066520000.0,88876666.66666667,437150000.0,0.3333333333333333,0.321836374452985,0.4454771974932255,0.04352095933159413,0.33278413942759594,0.9791666666666666
Disney,50,6.489795918367347,87200.0,6.78,0.7465743006962721,7.456e-05,0,1588.1914893617022,5612985000.0,119425212.76595744,682500000.0,0.0,0.2774232711308983,0.4417277491801088,0.39961980544468906,0.0,0.6617647058823529
Displacement Studios,16,4.538461538461538,86875.0,1.0625,0.4228256100889167,8.333333333333333e-07,0,167.75,185110000.0,11569375.0,69650000.0,0.0,0.2769449153697533,0.15586948965913544,0.11340914000229768,0.0,0.16789215686274508
Dnovel,36,6.323529411764706,34861.11111111111,13.86111111111111,0.7834635965528084,6.4444444444444445e-06,4,495.6666666666667,254485000.0,7069027.777777778,61425000.0,0.1111111111111111,0.15997129007081876,0.5810768014679438,0.3160168701261005,0.33278413942759594,0.2549019607843137
Do Games Limited,52,4.7,26538.46153846154,3.4038461538461537,0.4533933546128668,4.3351648351648355e-05,43,806.5,859120000.0,16521538.461538462,96250000.0,0.8269230769230769,0.12502736106853524,0.31919756910360064,0.409641047648492,0.7824584477755563,0.5637254901960784
Dogenzaka Lab,19,5.894736842105263,15263.157894736842,2.5789473684210527,0.6602300998697,2.406015037593985e-05,0,1567.421052631579,470210000.0,24747894.736842107,97965000.0,0.0,0.05416721391413563,0.27453949370312336,0.1557485999176193,0.0,0.45955882352941174
Doky,10,6.0,12500.0,5.4,0.33796296296296297,0.0,9,965.2,123495000.0,12349500.0,37765000.0,0.9,0.02858406286464565,0.39968599342247607,0.0,0.4761064671776892,0.07659313725490197
DominiGames,16,5.833333333333333,51562.5,6.0,0.7244777444777445,5.726190476190476e-05,2,698.875,570005000.0,35625312.5,103350000.0,0.125,0.21011474999418422,0.4189806997974829,0.11340914000229768,0.22716051499996484,0.6066176470588235
Dotemu,12,7.0,198750.0,8.416666666666666,0.789523328344404,0.00013336507936507938,2,1472.4166666666667,4385865000.0,365488750.0,1650000000.0,0.16666666666666666,0.3829639362733194,0.4828364402615027,0.04352095933159413,0.22716051499996484,0.7647058823529411
Double Fine Productions,14,7.285714285714286,846428.5714285715,4.285714285714286,0.8122151468878626,1.8340136054421768e-05,0,1271.857142857143,14309150000.0,1022082142.8571428,5246500000.0,0.0,0.5685901036026588,0.35849862764495727,0.08080161612582903,0.0,0.41421568627450983
Dr. Cyril Splutterworth,14,6.7,13571.42857142857,5.357142857142857,0.7695580293794579,2.040816326530612e-06,0,285.5,52420000.0,3744285.714285714,10465000.0,0.0,0.039118667661034175,0.3982393128146945,0.08080161612582903,0.0,0.18566176470588236
DreadXP,18,7.777777777777778,84444.44444444444,3.1666666666666665,0.8814700791572742,9.724867724867725e-05,9,1089.888888888889,1910190000.0,106121666.66666667,734650000.0,0.5,0.2733096886520527,0.30727739904580004,0.14238566189952076,0.4761064671776892,0.7132352941176471
DreamBig Games,14,6.071428571428571,10000.0,5.928571428571429,0.7466108123805114,0.00022857142857142854,8,746.0714285714286,104450000.0,7460714.285714285,14990000.0,0.5714285714285714,0.0,0.4167723369809325,0.08080161612582903,0.4543210299999297,0.8504901960784313
Duality Games,12,6.428571428571429,67083.33333333333,5.75,0.7722375381184486,8.047619047619048e-05,1,695.0,714595000.0,79399444.44444445,587650000.0,0.08333333333333333,0.2438248154778163,0.4111502555130455,0.04352095933159413,0.14332232775009315,0.678921568627451
Dystopian Edge Publishing,10,5.0,33000.0,1.0,0.29545454545454547,0.0,0,618.0,168570000.0,16857000.0,59850000.0,0.0,0.152942897893483,0.14924393652741208,0.0,0.0,0.07659313725490197
EJRGames,10,4.6,15000.0,1.6,0.4165884312537856,0.0,0,307.8888888888889,53460000.0,5940000.0,34125000.0,0.0,0.05193932803211756,0.20573450120317943,0.0,0.0,0.07659313725490197
EMIKA_GAMES,10,7.714285714285714,44500.0,3.4,0.8761659399462312,0.00014,3,471.3,298635000.0,29863500.0,110850000.0,0.3,0.19124403501288353,0.31900944022565497,0.0,0.2866446555001863,0.7775735294117647
ESAT,10,6.0,21500.0,1.1,0.7220074164518608,5.7142857142857145e-06,0,0.0,0.0,0.0,0.0,0.0,0.09805621957984004,0.15974911691144308,0.0,0.0,0.24325980392156862
ESDigital Games,75,6.397260273972603,62800.0,6.16,0.7546696326259756,7.49079365079365e-05,5,498.97333333333336,3965240000.0,52869866.666666664,1820000000.0,0.06666666666666667,0.23537226432590005,0.4238467484157031,0.5035433111337025,0.370482842750058,0.6642156862745098
Eastasiasoft Limited,31,6.714285714285714,10806.451612903225,5.193548387096774,0.8343091841505398,2.5806451612903226e-05,20,708.0322580645161,244465000.0,7885967.741935484,34965000.0,0.6451612903225806,0.009934926734121134,0.3926259023287111,0.278194027548731,0.6295171572499421,0.47671568627450983
Egosoft,10,6.444444444444445,523500.0,7.7,0.7100064239207173,0.00022452380952380952,0,1709.1,12869775000.0,1286977500.0,7498500000.0,0.0,0.5070354149124191,0.46579262440215363,0.0,0.0,0.8455882352941176
Eidos Interactive Corp.,11,6.7272727272727275,1356818.1818181819,4.818181818181818,0.7622548335225127,5.6077922077922085e-05,0,1608.1818181818182,29280150000.0,2661831818.181818,10496500000.0,0.0,0.6290409241930368,0.37916442625164526,0.022668219139849854,0.0,0.6029411764705882
Electronic Arts,105,6.813725490196078,2312380.9523809524,8.438095238095238,0.775469797976095,0.0022157774149659864,21,57057.213483146064,1318504620000.0,14814658651.685392,690000000000.0,0.2,0.6973401452152502,0.48332585110083254,0.5902198722655828,0.6391361200254633,0.9926470588235294
Enaayah Software Development and Services Private Limited,19,6.071428571428571,10000.0,2.473684210526316,0.7406846231080391,1.5789473684210526e-05,0,79.0,15010000.0,790000.0,790000.0,0.0,0.0,0.26811174810677396,0.1557485999176193,0.0,0.38235294117647056
Encore Software LLC,10,,10000.0,1.0,0.45793650793650786,7.000000000000001e-05,0,311.0,31100000.0,3110000.0,16790000.0,0.0,0.0,0.14924393652741208,0.0,0.0,0.6458333333333334
Endless Loop Studios,13,6.916666666666667,77307.69230769231,4.846153846153846,0.8036121561851645,2.4615384615384616e-05,1,464.3076923076923,334775000.0,25751923.076923076,104650000.0,0.07692307692307693,0.26199778231796034,0.3801971068264822,0.06282758118853439,0.14332232775009315,0.46200980392156865
Enoops,46,5.285714285714286,15217.391304347826,4.521739130434782,0.581805600924085,1.5217391304347826e-05,2,801.5652173913044,389545000.0,8468369.56521739,24990000.0,0.043478260869565216,0.05378252812918791,0.367904620355133,0.37834103053042084,0.22716051499996484,0.3786764705882353
EnsenaSoft,39,5.027777777777778,49358.97435897436,4.615384615384615,0.4909347275302147,2.8888888888888888e-05,1,254.97435897435898,334755000.0,8583461.538461538,51765000.0,0.02564102564102564,0.2045197063704226,0.37152559316354195,0.3363274245347102,0.14332232775009315,0.49387254901960786
Entropy Digital Entertainment,13,5.076923076923077,10000.0,1.0,0.5877146830457987,6.153846153846154e-05,8,1334.8461538461538,173530000.0,13348461.538461538,20990000.0,0.6153846153846154,0.0,0.14924393652741208,0.06282758118853439,0.4543210299999297,0.625
EntwicklerX,10,6.4,19000.0,1.1,0.8286755485893418,1e-05,1,471.0,79010000.0,7901000.0,22425000.0,0.1,0.0822209833862259,0.15974911691144308,0.0,0.14332232775009315,0.3247549019607843
EpiXR Games UG,69,6.870967741935484,10724.63768115942,1.0,0.8911016275723478,2.898550724637681e-06,40,973.5217391304348,721680000.0,10459130.43478261,34965000.0,0.5797101449275363,0.008961436611486535,0.14924393652741208,0.48211862740869543,0.7678568243440417,0.20098039215686275
Erbe Software,27,5.833333333333333,13333.333333333334,1.7777777777777777,0.6220093795093795,3.7037037037037037e-06,15,698.1111111111111,245900000.0,9107407.407407407,37425000.0,0.5555555555555556,0.03685136683324944,0.21997529271725558,0.24340640580562528,0.5732893110003726,0.21384803921568626
Eroge Japan,20,6.842105263157895,18250.0,4.1,0.7979454978978616,8.147619047619047e-05,6,1260.6,538755000.0,26937750.0,217425000.0,0.3,0.07706182458672058,0.3507974619516812,0.168459422013835,0.4023566422499772,0.6825980392156863
EroticGamesClub,181,4.857142857142857,10000.0,1.0,0.4910455125221859,2.7624309392265196e-06,125,268.22651933701655,485490000.0,2682265.193370166,4990000.0,0.6906077348066298,0.0,0.14924393652741208,0.7310486360568518,1.0,0.19852941176470587
Ertal Games,11,6.571428571428571,10000.0,1.5454545454545454,0.8219906253696545,3.6363636363636364e-05,2,671.9090909090909,73910000.0,6719090.909090909,19990000.0,0.18181818181818182,0.0,0.2011693799394799,0.022668219139849854,0.22716051499996484,0.5300245098039216
Eternal Dream,10,7.875,102000.0,1.2,0.9343934325220147,1.1866666666666668e-05,1,236.625,62250000.0,7781250.0,17465000.0,0.1,0.29750646060251845,0.16976550369824286,0.0,0.14332232775009315,0.3480392156862745
Euphoric Brothers,10,5.7,84000.0,13.0,0.682468201546325,0.0003133333333333333,5,594.0,423105000.0,42310500.0,119850000.0,0.5,0.2726336598830342,0.568224636324895,0.0,0.370482842750058,0.8933823529411765
Eversim,12,4.75,27916.666666666668,6.666666666666667,0.5206236222216015,0.001001111111111111,1,3499.0,1262165000.0,105180416.66666667,174965000.0,0.08333333333333333,0.13151311415028608,0.43856815059163234,0.04352095933159413,0.14332232775009315,0.9693627450980392
Evil Bunneh,10,5.333333333333333,10000.0,1.0,0.5312813620071685,0.0,2,369.125,29530000.0,3691250.0,8790000.0,0.2,0.0,0.14924393652741208,0.0,0.22716051499996484,0.07659313725490197
Excalibur Publishing,18,4.944444444444445,84722.22222222222,4.277777777777778,0.49769502474884547,4.814814814814815e-06,0,829.6111111111111,1216985000.0,67610277.77777778,299850000.0,0.0,0.2737304022023919,0.35817509116468105,0.14238566189952076,0.0,0.23161764705882354
FIVE-BN GAMES,48,7.516129032258065,39062.5,11.416666666666666,0.9076065402831219,0.00010871031746031745,5,480.3541666666667,620525000.0,12927604.166666666,73125000.0,0.10416666666666667,0.17454851097120647,0.5423832125377654,0.3891976086796104,0.370482842750058,0.7365196078431373
Fancy Fish Games,10,6.857142857142857,24000.0,1.7,0.8301769742723982,6.8e-05,2,891.1,296170000.0,29617000.0,221850000.0,0.2,0.1121476679165179,0.2138605028258732,0.0,0.22716051499996484,0.6433823529411765
Fantastico Studio,11,6.777777777777778,15909.09090909091,2.6363636363636362,0.8594702842377262,0.0,2,550.2,55020000.0,5502000.0,14990000.0,0.18181818181818182,0.0594768185549878,0.2779663058839934,0.022668219139849854,0.22716051499996484,0.07659313725490197
FarSight Studios,10,5.25,91500.0,2.7,0.5943400005521409,0.00022931428571428572,2,1333.3,192780000.0,19278000.0,51765000.0,0.2,0.2835896672419413,0.2817017017004438,0.0,0.22716051499996484,0.8529411764705882
Fast Travel Games,12,6.416666666666667,38333.333333333336,5.5,0.7675332775803777,0.00010904761904761906,9,1820.6666666666667,728140000.0,60678333.333333336,524650000.0,0.75,0.17213461033217295,0.4030242538903517,0.04352095933159413,0.4761064671776892,0.7389705882352942
Fatshark,13,6.0,767307.6923076923,4.461538461538462,0.7571338918159723,0.0002539340659340659,0,1368.6153846153845,29678640000.0,2282972307.6923075,13996500000.0,0.0,0.5560177986399676,0.36554427834522824,0.06282758118853439,0.0,0.8700980392156863
Fellow Traveller,23,7.130434782608695,242826.08695652173,4.478260869565218,0.8351650226532961,4.3055900621118014e-05,3,1477.5652173913043,7639920000.0,332170434.7826087,1498500000.0,0.13043478260869565,0.4086236977161367,0.36620252858921926,0.20324704375694072,0.2866446555001863,0.5600490196078431
Finji,12,7.363636363636363,297500.0,7.833333333333333,0.8572900879953665,8.053968253968254e-05,0,1212.5,6766185000.0,563848750.0,4348500000.0,0.0,0.4346384667226397,0.46906741737152674,0.04352095933159413,0.0,0.6813725490196079
FireFly Studios,12,6.636363636363637,689166.6666666666,10.833333333333334,0.720357225156278,0.0002472936507936508,1,4132.583333333333,58952240000.0,4912686666.666667,49350000000.0,0.08333333333333333,0.5422583378083556,0.5320224893796234,0.04352095933159413,0.14332232775009315,0.8639705882352942
Fireshine Games,16,6.5625,151562.5,8.75,0.7780202220089392,0.000807125,8,2005.25,4909575000.0,306848437.5,2998500000.0,0.5,0.34824032242424974,0.49032636021889625,0.11340914000229768,0.4543210299999297,0.9583333333333334
First Games Interactive,10,5.9,45500.0,5.0,0.7405543277550538,1e-05,1,458.3,231225000.0,23122500.0,89850000.0,0.1,0.19409094836211369,0.3857899793833686,0.0,0.14332232775009315,0.3247549019607843
FlagmanJeremy,13,4.888888888888889,13846.153846153846,1.0,0.5811243060016197,1.758241758241758e-05,5,156.0,22730000.0,1748461.5384615385,5020000.0,0.38461538461538464,0.04168587443322641,0.14924393652741208,0.06282758118853439,0.370482842750058,0.4068627450980392
Flat Cat Games,11,7.1,22727.272727272728,10.181818181818182,0.8666522678458879,0.00014363636363636363,1,434.8,43480000.0,4348000.0,9750000.0,0.09090909090909091,0.10516755757624256,0.51982900126266,0.022668219139849854,0.14332232775009315,0.7818627450980392
Flyhigh Works,32,6.758620689655173,22968.75,4.125,0.8268416087177746,5.3869047619047616e-05,9,1123.71875,901200000.0,28162500.0,299850000.0,0.28125,0.10652147267656602,0.3518503417372944,0.2862106654423914,0.4761064671776892,0.5931372549019608
Flying Interactive,15,6.071428571428571,26000.0,2.533333333333333,0.6761820960449566,0.00015333333333333334,0,462.73333333333335,141920000.0,9461333.333333334,29850000.0,0.0,0.12240142259257246,0.2717776646843545,0.09761520293164012,0.0,0.7941176470588235
FobTi interactive,10,6.8,24000.0,1.0,0.8077296330364353,0.0,1,590.2,153980000.0,15398000.0,58425000.0,0.1,0.1121476679165179,0.14924393652741208,0.0,0.14332232775009315,0.07659313725490197
Focus Entertainment,66,6.590909090909091,521212.1212121212,8.878787878787879,0.7604200881434602,0.0005066883116883117,13,958.6,56033400000.0,862052307.6923077,20996500000.0,0.19696969696969696,0.5064743090867201,0.4931518189658974,0.4707071604985814,0.5456789700000703,0.9375
Focus Home Interactive,11,4.5,28636.363636363636,4.7272727272727275,0.5496272029800383,0.00012303030303030302,0,136.1818181818182,187275000.0,17025000.0,149850000.0,0.0,0.13477381094428456,0.37577359259656884,0.022668219139849854,0.0,0.7561274509803921
Forestlight Games,11,5.5,12272.727272727272,7.818181818181818,0.7174820597849327,9.090909090909091e-06,0,173.8,12415000.0,2483000.0,5215000.0,0.0,0.026233568788411533,0.4686977803930003,0.022668219139849854,0.0,0.30392156862745096
Forever Entertainment S. A.,79,5.873015873015873,91075.9493670886,3.518987341772152,0.6820877981391981,4.577697408077155e-05,9,2132.9605263157896,3689680000.0,48548421.05263158,1200000000.0,0.11392405063291139,0.28299458264599586,0.32475473362749485,0.516906249151801,0.4761064671776892,0.5759803921568627
FreeMind S.A.,12,4.888888888888889,15416.666666666666,15.083333333333334,0.5890550711617301,0.00015,7,887.1818181818181,117025000.0,10638636.363636363,22425000.0,0.5833333333333334,0.05544914351444149,0.5980942602463598,0.04352095933159413,0.4299669832502795,0.7879901960784313
FreezeNova,20,5.894736842105263,79250.0,1.65,0.6985926657948867,6.476190476190476e-06,0,114.25,179635000.0,8981750.0,83650000.0,0.0,0.26517662393813995,0.2098358344854869,0.168459422013835,0.0,0.25612745098039214
Frogwares,20,6.25,262500.0,10.3,0.7228069098232434,9.758095238095238e-05,1,1724.05,12619900000.0,630995000.0,4498500000.0,0.05,0.418604039671513,0.522092730430287,0.168459422013835,0.14332232775009315,0.7144607843137255
Frontier Developments,11,7.0,1454090.9090909092,11.363636363636363,0.8003716056002063,0.001381982683982684,3,3544.4545454545455,52375255000.0,4761386818.181818,15746500000.0,0.2727272727272727,0.6379109722154248,0.54146166150713,0.022668219139849854,0.2866446555001863,0.9816176470588235
Frontwing USA,37,7.777777777777778,18918.91891891892,2.4594594594594597,0.9200606897863398,0.00015268983268983268,7,2067.7837837837837,1435865000.0,38807162.16216216,277425000.0,0.1891891891891892,0.08167314825819633,0.26722822824944437,0.32296448651661164,0.4299669832502795,0.7916666666666666
Frosted Wings Studio,11,6.555555555555555,14545.454545454546,2.1818181818181817,0.7909822306061739,0.0,6,195.36363636363637,31440000.0,2858181.8181818184,6965000.0,0.5454545454545454,0.04799747847206177,0.24921519609924006,0.022668219139849854,0.4023566422499772,0.07659313725490197
Frozenbyte,15,6.636363636363637,608333.3333333334,5.466666666666667,0.7611271713202706,0.00010595555555555556,0,276.3333333333333,3921275000.0,261418333.33333334,1151500000.0,0.0,0.5262755035416907,0.4019172412352866,0.09761520293164012,0.0,0.7303921568627451
Fruitbat Factory,39,6.903225806451613,76025.64102564103,2.4615384615384617,0.8288438656704797,7.478632478632479e-05,1,992.3947368421053,2420375000.0,63694078.94736842,1033500000.0,0.02564102564102564,0.25985547479445253,0.2673575845087337,0.3363274245347102,0.14332232775009315,0.6629901960784313
Fulqrum Publishing,117,6.05982905982906,152264.95726495725,5.162393162393163,0.6886464323313632,7.727472527472528e-05,9,1014.5172413793103,26614335000.0,229433922.41379312,10496500000.0,0.07692307692307693,0.34883270099723407,0.3915400839372457,0.6181594965760282,0.4761064671776892,0.6691176470588235
Funbox Media Ltd,64,5.738095238095238,75468.75,3.265625,0.6330496400659037,2.061607142857143e-05,13,463.421875,1600800000.0,25012500.0,224250000.0,0.203125,0.258913631988071,0.3123313139067308,0.46281200555175495,0.5456789700000703,0.4387254901960784
Funcom,16,6.666666666666667,732500.0,7.4375,0.7982402211803261,0.0002535833333333333,2,1111.1875,15174940000.0,948433750.0,5248500000.0,0.125,0.5500704198068368,0.4591960716728057,0.11340914000229768,0.22716051499996484,0.8688725490196079
Fury Games Production,13,3.8,10000.0,2.230769230769231,0.44564386872079176,0.0,0,261.3076923076923,33970000.0,2613076.923076923,10790000.0,0.0,0.0,0.2525024887630878,0.06282758118853439,0.0,0.07659313725490197
Future Friends Games,10,7.6,108500.0,9.7,0.8855661208349371,0.00029142857142857144,5,2706.222222222222,6747540000.0,749726666.6666666,5950000000.0,0.5,0.3054206010881707,0.5103454452781003,0.0,0.370482842750058,0.8872549019607843
G-MODE,47,6.875,11382.978723404256,1.9361702127659575,0.8978345642410827,9.503546099290782e-05,34,993.531914893617,499395000.0,10625425.531914894,43990000.0,0.723404255319149,0.016592879545450984,0.23191546681530945,0.3838258683740316,0.7351407816775731,0.7107843137254902
GCN,10,6.666666666666667,10000.0,5.2,0.8098984348984348,5.9999999999999995e-05,3,138.0,13800000.0,1380000.0,3290000.0,0.3,0.0,0.3928500704771336,0.0,0.2866446555001863,0.6176470588235294
GFI,12,5.5,21666.666666666668,1.0833333333333333,0.5846459348070439,1.111111111111111e-06,0,865.6666666666666,271740000.0,22645000.0,179850000.0,0.0,0.0990454348443394,0.158033462518388,0.04352095933159413,0.0,0.17279411764705882
GVR Training Computer Software,11,5.0,10000.0,13.727272727272727,0.7914965986394558,0.0,7,12090.272727272728,1329930000.0,120902727.27272727,189990000.0,0.6363636363636364,0.0,0.579128915038411,0.022668219139849854,0.4299669832502795,0.07659313725490197
GZ Storm,11,7.444444444444445,29545.454545454544,1.0,0.8830919458921375,9.090909090909091e-06,2,97.81818181818181,10760000.0,978181.8181818182,2990000.0,0.18181818181818182,0.1387773952533164,0.14924393652741208,0.022668219139849854,0.22716051499996484,0.30392156862745096
Gagonfe,11,7.636363636363637,12272.727272727272,2.1818181818181817,0.8962798709845843,3.636363636363636e-05,1,210.54545454545453,29885000.0,2716818.1818181816,9415000.0,0.09090909090909091,0.026233568788411533,0.24921519609924006,0.022668219139849854,0.14332232775009315,0.5281862745098039
Game for people,17,6.294117647058823,221176.4705882353,61.05882352941177,0.7253882423093716,7.014005602240897e-06,0,99.0,372240000.0,21896470.588235293,148500000.0,0.0,0.3966603715219175,0.8888318816181313,0.12830005996515034,0.0,0.2622549019607843
GameHouse,47,6.975609756097561,16702.127659574468,12.191489361702128,0.8395471807593401,6.409321175278623e-05,10,1764.4444444444443,1369600000.0,30435555.555555556,146250000.0,0.2127659574468085,0.06570833591263225,0.5554166159454784,0.3838258683740316,0.49581379227537004,0.6360294117647058
GameMill Entertainment,30,5.178571428571429,47833.333333333336,4.766666666666667,0.5365556187735081,7.627301587301588e-05,13,3705.896551724138,6014400000.0,207393103.44827586,3749250000.0,0.43333333333333335,0.2004975797614675,0.3772495147123685,0.26992285111526687,0.5456789700000703,0.6666666666666666
Gamera Games,52,6.980392156862745,186153.84615384616,2.826923076923077,0.7944407263769858,0.0013268388278388278,20,4743.5192307692305,723572930000.0,13914864038.461538,717500000000.0,0.38461538461538464,0.37457615507995534,0.28896385667950075,0.409641047648492,0.6295171572499421,0.9779411764705882
Gamera Interactive,21,6.105263157894737,22857.14285714286,2.0476190476190474,0.724931021550929,6.6666666666666675e-06,5,997.8571428571429,651280000.0,31013333.333333332,262425000.0,0.23809523809523808,0.10589749148850632,0.23993687651103293,0.18057882461709088,0.370482842750058,0.25980392156862747
Games For Pleasure,10,5.2,10000.0,21.8,0.5451670328810166,2e-05,6,704.1,70410000.0,7041000.0,24990000.0,0.6,0.0,0.6732337143582062,0.0,0.4023566422499772,0.43137254901960786
Games Incubator,22,6.333333333333333,45227.27272727273,10.727272727272727,0.734944534608602,0.0004976623376623377,10,1457.4375,1641245000.0,102577812.5,682500000.0,0.45454545454545453,0.1933207705822839,0.5300839625748226,0.1921594055706405,0.49581379227537004,0.9362745098039216
Games Operators,30,6.117647058823529,84833.33333333333,6.433333333333334,0.6760312589762719,0.000144615873015873,3,1081.75,4002430000.0,200121500.0,1124250000.0,0.1,0.27389830152448097,0.4319133409224482,0.26992285111526687,0.2866446555001863,0.7843137254901961
GamesBraz,13,4.5,101538.46153846153,1.2307692307692308,0.3227899877899878,0.0,2,303.0,314900000.0,24223076.923076924,83650000.0,0.15384615384615385,0.296925473589932,0.17275601687042974,0.06282758118853439,0.22716051499996484,0.07659313725490197
Gamesforgames,67,5.656716417910448,14328.358208955224,9.014925373134329,0.6881967161141697,8.955223880597016e-06,45,2385.3283582089553,1821420000.0,27185373.134328358,194990000.0,0.6716417910447762,0.04607112935769427,0.49609874957051525,0.47456678923647944,0.7916497570139489,0.2965686274509804
Gaming Factory S.A.,14,,10000.0,8.142857142857142,1.0,2.8571428571428567e-05,0,0.0,0.0,0.0,0.0,0.0,0.0,0.4764829193669895,0.08080161612582903,0.0,0.49019607843137253
Gammera Nest,16,6.6,11562.5,7.4375,0.6964861592093358,1.8750000000000002e-05,8,1249.5,212395000.0,13274687.5,19990000.0,0.5,0.018597343952226068,0.4591960716728057,0.11340914000229768,0.4543210299999297,0.41911764705882354
Gamuzumi,10,5.6,10000.0,6.5,0.8199621212121212,0.0,4,424.0,42400000.0,4240000.0,5990000.0,0.4,0.0,0.4338357955431288,0.0,0.33278413942759594,0.07659313725490197
Gearbox Publishing,14,6.846153846153846,1136071.4285714286,6.928571428571429,0.7780586682551665,0.00010762585034013605,3,3103.6153846153848,43563545000.0,3351041923.076923,18742500000.0,0.21428571428571427,0.6062931730082597,0.44580073397350173,0.08080161612582903,0.2866446555001863,0.7340686274509803
GentleDriver,12,5.833333333333333,10000.0,29.0,0.7172707433085813,0.0,0,92.33333333333333,11080000.0,923333.3333333334,990000.0,0.0,0.0,0.7323236685979531,0.04352095933159413,0.0,0.07659313725490197
Ghost_RUS Games,60,5.211538461538462,17333.333333333332,1.7833333333333334,0.541689711192799,3.6825396825396824e-06,8,150.33333333333334,146010000.0,2433500.0,20615000.0,0.13333333333333333,0.07046028813703575,0.22040548963781248,0.4462654819930776,0.4543210299999297,0.21200980392156862
Ghostlight LTD,14,6.214285714285714,51071.42857142857,1.5714285714285714,0.7552588215712339,0.00015272108843537418,0,1783.2857142857142,1044085000.0,74577500.0,224850000.0,0.0,0.20888884418840636,0.20335532244184223,0.08080161612582903,0.0,0.7928921568627451
GirlGames,11,8.0,92272.72727272728,18.818181818181817,0.9311824711399488,4.3116883116883114e-05,2,180.8181818181818,126285000.0,11480454.545454545,29925000.0,0.18181818181818182,0.2846670041784457,0.6430552153874177,0.022668219139849854,0.22716051499996484,0.5625
Goblinz Publishing,27,6.481481481481482,191666.66666666666,9.74074074074074,0.7689755458540972,0.00077931569664903,13,1562.0,8529675000.0,315913888.8888889,2998500000.0,0.48148148148148145,0.3783148960800388,0.5111637044623203,0.24340640580562528,0.5456789700000703,0.9558823529411765
GoldenGod Games,13,5.909090909090909,19615.384615384617,5.230769230769231,0.6616802767460684,3.186813186813187e-05,6,825.8461538461538,219735000.0,16902692.307692308,34965000.0,0.46153846153846156,0.0863042626122894,0.3939159810060624,0.06282758118853439,0.4023566422499772,0.5134803921568627
Good Shepherd Entertainment,33,7.0625,278939.3939393939,6.515151515151516,0.812130241055452,0.00017035497835497836,3,1563.939393939394,21410815000.0,648812575.7575758,5998500000.0,0.09090909090909091,0.42638577385630866,0.43427033350517036,0.29398796461938853,0.2866446555001863,0.8100490196078431
Gotcha Gotcha Games,43,6.961538461538462,57093.023255813954,2.86046511627907,0.8116810882057361,0.00024584717607973423,4,1582.952380952381,8314055000.0,197953690.47619048,2729650000.0,0.09302325581395349,0.2231671513117977,0.29084280414740854,0.36115764923418164,0.33278413942759594,0.8615196078431373
GrabTheGames,85,6.945205479452055,104588.23529411765,6.705882352941177,0.7951692819513677,0.00013420728291316526,10,597.8125,3055750000.0,38196875.0,517650000.0,0.11764705882352941,0.3007166098584426,0.4396666911741743,0.5357472405456192,0.49581379227537004,0.7683823529411765
Graffiti Games,19,6.833333333333333,115526.31578947368,8.368421052631579,0.7858239998481963,0.00014981453634085214,3,2253.5789473684213,1684975000.0,88682894.73684211,251850000.0,0.15789473684210525,0.313459114657209,0.4817304614775797,0.1557485999176193,0.2866446555001863,0.7867647058823529
Graverobber Foundation,11,7.0,12272.727272727272,1.8181818181818181,0.892806604648675,1.8181818181818182e-05,4,730.6363636363636,124095000.0,11281363.636363637,61215000.0,0.36363636363636365,0.026233568788411533,0.2230845667788907,0.022668219139849854,0.33278413942759594,0.4117647058823529
Gray Boss,10,7.0,21500.0,5.5,0.9600245643938539,1e-05,3,147.0,34085000.0,3408500.0,14925000.0,0.3,0.09805621957984004,0.4030242538903517,0.0,0.2866446555001863,0.3247549019607843
Green Man Gaming Publishing,22,6.15,46590.90909090909,4.909090909090909,0.7050642062582436,3.8441558441558445e-05,3,544.0952380952381,835320000.0,39777142.85714286,322500000.0,0.13636363636363635,0.1971261756678842,0.3825026867195209,0.1921594055706405,0.2866446555001863,0.5355392156862745
Green Sauce Games,17,7.0,17647.058823529413,6.823529411764706,0.8623791441176311,7.647058823529411e-05,2,975.0,219375000.0,13710937.5,73125000.0,0.11764705882352941,0.07275813182770845,0.4429290791491837,0.12830005996515034,0.22716051499996484,0.6678921568627451
Grey Alien Games,38,7.28125,12368.421052631578,2.4210526315789473,0.9050550693655242,0.00029421052631578944,12,952.6052631578947,442590000.0,11647105.263157895,73125000.0,0.3157894736842105,0.027228511874094873,0.26482445544292627,0.3297316247739855,0.53035563410288,0.8884803921568627
Guilty Pleasure Games,13,6.076923076923077,11923.076923076924,1.0769230769230769,0.713140959595166,7.692307692307692e-06,0,91.3076923076923,16845000.0,1295769.2307692308,6965000.0,0.0,0.022531054236311854,0.15736993815010586,0.06282758118853439,0.0,0.27512254901960786
H2 Interactive Co.,10,6.8,179000.0,5.0,0.7641042527307994,7.342857142857143e-05,0,1860.0,3817560000.0,381756000.0,1294650000.0,0.0,0.3695559038965228,0.3857899793833686,0.0,0.0,0.6580882352941176
HFM Games,15,6.142857142857143,172000.0,1.4,0.7081772176807809,7.217777777777778e-05,3,195.42857142857142,637680000.0,45548571.428571425,448500000.0,0.2,0.36444550769727024,0.18850022669619634,0.09761520293164012,0.2866446555001863,0.6519607843137255
HFTGames,13,6.230769230769231,10000.0,1.0,0.7300811570465987,0.00015384615384615385,6,1228.0,159640000.0,12280000.0,17490000.0,0.46153846153846156,0.0,0.14924393652741208,0.06282758118853439,0.4023566422499772,0.7953431372549019
HH-Games,194,5.848920863309353,13969.072164948453,3.0051546391752577,0.7461989735850311,3.107020127638684e-05,41,500.6443298969072,1362030000.0,7020773.195876288,52425000.0,0.211340206185567,0.0428180509846338,0.2987651602626401,0.7490226709941464,0.7728394850000352,0.5110294117647058
HIKARI FIELD,44,8.333333333333334,48863.63636363636,2.5,0.9484344278208371,0.00048487445887445893,13,1938.7674418604652,5568520000.0,129500465.11627907,2249250000.0,0.29545454545454547,0.20322761405304948,0.2697367632700709,0.3670122815682204,0.5456789700000703,0.9325980392156863
HUNTERS,21,,10000.0,1.9047619047619047,0.7670329670329671,0.0,2,176.47619047619048,37060000.0,1764761.9047619049,3990000.0,0.09523809523809523,0.0,0.22959984411454876,0.18057882461709088,0.22716051499996484,0.07659313725490197
HaDe Games,31,5.483870967741935,29193.548387096773,1.0,0.6306733267196395,3.225806451612903e-06,5,182.5483870967742,202995000.0,6548225.806451613,59850000.0,0.16129032258064516,0.13724242754957008,0.14924393652741208,0.278194027548731,0.370482842750058,0.20588235294117646
Half-Face Games,16,5.333333333333333,18750.0,1.3125,0.7057229019994978,0.0,0,0.0,0.0,0.0,0.0,0.0,0.08052424482650618,0.1805035813327919,0.11340914000229768,0.0,0.07659313725490197
Hanabi Games,10,7.4,12500.0,2.1,0.9008913046365148,0.0001,9,1383.7,165345000.0,16534500.0,37765000.0,0.9,0.02858406286464565,0.2436061339497215,0.0,0.4761064671776892,0.7205882352941176
Hanako Games,13,7.25,56923.07692307692,1.0,0.8269786025742648,4.915750915750916e-05,0,1049.4615384615386,741425000.0,57032692.307692304,341250000.0,0.0,0.22278525377651795,0.14924393652741208,0.06282758118853439,0.0,0.5808823529411765
HandMade Games,61,5.037735849056604,16885.245901639344,6.131147540983607,0.5496363288572176,5.714285714285714e-06,21,1143.5901639344263,1234670000.0,20240491.80327869,224925000.0,0.3442622950819672,0.06710516266920533,0.42297735259074615,0.4505016757323578,0.6391361200254633,0.24142156862745098
HandyGames,62,6.368421052631579,83629.03225806452,9.387096774193548,0.74538631560967,9.956989247311828e-05,5,1244.6896551724137,5932960000.0,102292413.79310344,699650000.0,0.08064516129032258,0.27206664955066534,0.5039550700807659,0.4546700874562264,0.370482842750058,0.7181372549019608
Hangover Cat Purrroduction,10,7.142857142857143,16500.0,1.1,0.8975177025725294,8e-05,3,669.0,66900000.0,6690000.0,24500000.0,0.3,0.06414861256271082,0.15974911691144308,0.0,0.2866446555001863,0.6764705882352942
HeR Interactive,35,7.352941176470588,49285.71428571428,1.0571428571428572,0.8137663025195749,0.00019733333333333335,1,941.0,1704975000.0,48713571.428571425,314850000.0,0.02857142857142857,0.20432942623416014,0.15530950628208204,0.3088788845822412,0.14332232775009315,0.8247549019607843
Headup,54,6.520833333333333,97222.22222222222,7.407407407407407,0.7545661197674184,0.0001429594356261023,4,275.94444444444446,3164385000.0,58599722.222222224,2249250000.0,0.07407407407407407,0.2913607002330091,0.4584267770980887,0.41929104622016095,0.33278413942759594,0.7806372549019608
Heart's Choice,24,6.461538461538462,14791.666666666666,1.0,0.8082306631550431,8.333333333333333e-05,7,439.7916666666667,182285000.0,7595208.333333333,51675000.0,0.2916666666666667,0.050147689379124796,0.14924393652741208,0.2138819969035985,0.4299669832502795,0.6850490196078431
Hede,62,4.338983050847458,11854.838709677419,49.274193548387096,0.3722846060919073,1.6129032258064516e-06,5,4213.5161290322585,3275265000.0,52826854.838709675,682465000.0,0.08064516129032258,0.02179581772261869,0.8434888405811165,0.4546700874562264,0.370482842750058,0.1801470588235294
Hede Games,16,3.7857142857142856,10000.0,27.25,0.23251238089932943,1.25e-05,5,3045.875,487340000.0,30458750.0,194990000.0,0.3125,0.0,0.7193824831174593,0.11340914000229768,0.370482842750058,0.3584558823529412
Hell Bomb Studio,12,6.916666666666667,10000.0,1.25,0.8544252719480548,1.6666666666666667e-05,11,272.3333333333333,32680000.0,2723333.3333333335,3990000.0,0.9166666666666666,0.0,0.17460421265708895,0.04352095933159413,0.5138051705001512,0.39215686274509803
Hentai Room,12,5.888888888888889,10000.0,1.8333333333333333,0.7265734265734266,8.333333333333334e-06,5,547.3333333333334,65680000.0,5473333.333333333,7790000.0,0.4166666666666667,0.0,0.22423906545435243,0.04352095933159413,0.370482842750058,0.2861519607843137
Hentai works,32,7.066666666666666,10000.0,18.3125,0.8596175159421442,1.25e-05,21,95.25,30480000.0,952500.0,990000.0,0.65625,0.0,0.6374899570157478,0.2862106654423914,0.6391361200254633,0.3584558823529412
Henteko Doujin,41,7.392857142857143,41219.51219512195,3.024390243902439,0.8444164249955125,2.250871080139373e-05,10,595.9,1098460000.0,27461500.0,517650000.0,0.24390243902439024,0.18143402869078606,0.2997967736638375,0.34903824663092586,0.49581379227537004,0.44485294117647056
HeroCraft PC,13,6.923076923076923,112307.69230769231,5.6923076923076925,0.7790521292931545,8.952380952380952e-05,6,1439.7692307692307,2253720000.0,173363076.92307693,1049650000.0,0.46153846153846156,0.3098393090981561,0.4093020597263863,0.06282758118853439,0.4023566422499772,0.6985294117647058
Hitcents,12,7.083333333333333,95416.66666666667,5.25,0.823474907650748,1.4682539682539683e-05,2,883.8333333333334,1187815000.0,98984583.33333333,682500000.0,0.16666666666666666,0.28895919445032064,0.39457950537434455,0.04352095933159413,0.22716051499996484,0.3762254901960784
Home Net Games,12,6.818181818181818,212500.0,10.083333333333334,0.792221816487809,4.34920634920635e-05,2,474.6666666666667,114410000.0,9534166.666666666,52465000.0,0.16666666666666666,0.39153362638929173,0.5179242080761242,0.04352095933159413,0.22716051499996484,0.5661764705882353
Hooded Horse,14,7.538461538461538,522857.14285714284,13.071428571428571,0.8453343987744157,0.0014406598639455782,8,3229.769230769231,26912690000.0,2070206923.0769231,13996500000.0,0.5714285714285714,0.5068780012977188,0.5693203816266982,0.08080161612582903,0.4543210299999297,0.9852941176470589
Hook Games,17,7.769230769230769,85294.11764705883,14.0,0.8112495431146949,0.00010621848739495799,0,234.28571428571428,329400000.0,23528571.42857143,103350000.0,0.0,0.2745922508922055,0.5830797320705409,0.12830005996515034,0.0,0.7316176470588235
Horny69Team,11,5.7272727272727275,10000.0,18.90909090909091,0.6115604749091793,0.0,4,207.1818181818182,22790000.0,2071818.1818181819,6890000.0,0.36363636363636365,0.0,0.6440406335244351,0.022668219139849854,0.33278413942759594,0.07659313725490197
Hosted Games,177,6.65,14576.271186440677,1.0,0.7374963098180809,7.0863599677159e-05,22,418.8813559322034,1028900000.0,5812994.350282486,88350000.0,0.12429378531073447,0.04826858942607617,0.14924393652741208,0.7252590605778807,0.6483274292638558,0.6470588235294118
Hound Picked Games,10,7.428571428571429,12500.0,4.5,0.8460719507386795,0.0,2,649.875,59465000.0,7433125.0,16790000.0,0.2,0.02858406286464565,0.36705525638541514,0.0,0.22716051499996484,0.07659313725490197
HugePixel,26,6.076923076923077,11923.076923076924,3.3846153846153846,0.7775212121035984,1.923076923076923e-05,10,668.6153846153846,208040000.0,8001538.461538462,27265000.0,0.38461538461538464,0.022531054236311854,0.31825527662761466,0.23393190079045095,0.49581379227537004,0.42401960784313725
Humble Games,46,7.341463414634147,308152.17391304346,7.239130434782608,0.8321225449500268,0.0002899606625258799,11,4355.909090909091,119030125000.0,2705230113.6363635,67425000000.0,0.2391304347826087,0.43914525189955633,0.45407349518818735,0.37834103053042084,0.5138051705001512,0.8848039215686274
Humongous Entertainment,35,7.428571428571429,22285.714285714286,2.3142857142857145,0.8438845077876204,0.000324108843537415,0,641.8571428571429,520220000.0,14863428.57142857,104850000.0,0.0,0.10265420434609623,0.2579976913309504,0.3088788845822412,0.0,0.8995098039215687
Hunny Bunny Studio,40,6.675,14750.0,13.7,0.8141177908397857,1.6761904761904764e-05,24,87.875,51360000.0,1284000.0,4425000.0,0.6,0.04978633511129117,0.578729816708926,0.34276034828214924,0.6655682788551919,0.3958333333333333
Hunted Cow Games,44,5.666666666666667,48863.63636363636,1.0909090909090908,0.6841641580127436,2.9155844155844155e-05,1,1009.5,1066550000.0,24239772.727272727,74925000.0,0.022727272727272728,0.20322761405304948,0.15881500053476164,0.3670122815682204,0.14332232775009315,0.4950980392156863
HypeTrain Digital,26,7.363636363636363,313653.8461538461,9.153846153846153,0.8389240008810452,0.0005505714285714286,6,1386.375,12071960000.0,502998333.3333333,3748500000.0,0.23076923076923078,0.4414122871064784,0.49906491840584416,0.23393190079045095,0.4023566422499772,0.9448529411764706
Hyperstrange,11,7.818181818181818,64545.454545454544,5.545454545454546,0.8840357279443448,0.0001161904761904762,3,9997.363636363636,15591065000.0,1417369545.4545455,14985000000.0,0.2727272727272727,0.23888426030187782,0.40452470238132215,0.022668219139849854,0.2866446555001863,0.7487745098039216
I commissioned some series,57,7.230769230769231,10438.59649122807,3.087719298245614,0.9602272187049687,1.4035087719298246e-05,48,356.1929824561403,208005000.0,3649210.5263157897,12990000.0,0.8421052631578947,0.005498532405875191,0.30315863076715843,0.4331272271926699,0.8047132844999544,0.3700980392156863
INDIECN,24,6.55,72916.66666666667,2.0833333333333335,0.7760599713413386,0.00021269841269841268,6,508.04347826086956,1152290000.0,50099565.217391305,314650000.0,0.25,0.2545065701875586,0.24244541153165952,0.2138819969035985,0.4023566422499772,0.8370098039215687
INFINITE BRIDGE,29,5.363636363636363,15689.655172413793,1.0,0.4664955750215172,0.0,0,105.20689655172414,46845000.0,1615344.8275862068,7425000.0,0.0,0.05769761540795056,0.14924393652741208,0.26138044074291994,0.0,0.07659313725490197
INTI CREATES CO.,20,7.578947368421052,77750.0,7.9,0.8655166428146494,6.761904761904761e-05,4,1796.5,2812945000.0,140647250.0,599850000.0,0.2,0.2627286441618427,0.4706863233975931,0.168459422013835,0.33278413942759594,0.6421568627450981
IO Games,10,5.333333333333333,49000.0,2.5,0.6000050989239059,0.0,0,263.1,41260000.0,4126000.0,10465000.0,0.0,0.20358462141124065,0.2697367632700709,0.0,0.0,0.07659313725490197
IR Studio,80,6.8,22750.0,1.4,0.7846796886873147,2.385714285714286e-05,27,52.1375,91690000.0,1146125.0,17150000.0,0.3375,0.10529559660918347,0.18850022669619634,0.5201425662328424,0.6890012977501635,0.4571078431372549
IV Productions,22,5.076923076923077,18181.81818181818,2.5454545454545454,0.6645994226951104,1.818181818181818e-05,2,1477.0,358285000.0,16285681.818181818,194990000.0,0.09090909090909091,0.07658234189434027,0.27251504036089313,0.1921594055706405,0.22716051499996484,0.40931372549019607
Iceberg Interactive,66,6.133333333333334,74924.24242424243,6.136363636363637,0.7049201995890093,0.00043675324675324675,12,1601.578125,8014425000.0,125225390.625,552650000.0,0.18181818181818182,0.257985988746699,0.42313478659888587,0.4707071604985814,0.53035563410288,0.9264705882352942
Idea Factory International,33,7.03030303030303,152878.78787878787,2.6363636363636362,0.8168333090035031,0.0003244502164502165,5,2196.2727272727275,9237455000.0,279922878.7878788,1874250000.0,0.15151515151515152,0.3493481080395825,0.2779663058839934,0.29398796461938853,0.370482842750058,0.9007352941176471
Independent,11,6.8,14545.454545454546,1.8181818181818181,0.9165941639813819,1.4285714285714287e-05,3,692.1,106660000.0,10666000.0,41965000.0,0.2727272727272727,0.04799747847206177,0.2230845667788907,0.022668219139849854,0.2866446555001863,0.37316176470588236
Indie,15,5.75,23666.666666666668,1.1333333333333333,0.7038417110523372,0.0,1,352.7857142857143,119250000.0,8517857.142857144,74850000.0,0.06666666666666667,0.11035598415975716,0.16313995056651948,0.09761520293164012,0.14332232775009315,0.07659313725490197
Indie Games Publisher,13,4.666666666666667,15000.0,8.076923076923077,0.4617063492063492,0.0,3,1509.8461538461538,332715000.0,25593461.53846154,157425000.0,0.23076923076923078,0.05193932803211756,0.4749245519820287,0.06282758118853439,0.2866446555001863,0.07659313725490197
IndieArk,14,7.571428571428571,133571.42857142858,4.571428571428571,0.8572868725845624,0.00031933333333333336,13,1244.9285714285713,2724440000.0,194602857.14285713,1184250000.0,0.9285714285714286,0.3320524061353582,0.3698335334762374,0.08080161612582903,0.5456789700000703,0.8958333333333334
IndieGala,11,6.0,100909.09090909091,2.6363636363636362,0.72205327383188,1.2121212121212122e-07,1,479.90909090909093,198650000.0,18059090.90909091,73125000.0,0.09090909090909091,0.29612894826791314,0.2779663058839934,0.022668219139849854,0.14332232775009315,0.1556372549019608
Individual Software,69,5.0,10942.028985507246,1.144927536231884,0.6124286711021405,4.347826086956522e-06,0,1920.2631578947369,1094550000.0,19202631.57894737,49390000.0,0.0,0.011532028233343577,0.16430696419371896,0.48211862740869543,0.0,0.2261029411764706
Indovers Studio,11,4.888888888888889,76363.63636363637,2.090909090909091,0.530760232338356,1.8701298701298704e-05,0,389.1,456880000.0,45688000.0,206150000.0,0.0,0.26042375149405245,0.24297378845230597,0.022668219139849854,0.0,0.4166666666666667
Inoa Games,12,,10000.0,1.0,1.0,0.0,12,499.0,59880000.0,4990000.0,4990000.0,1.0,0.0,0.14924393652741208,0.04352095933159413,0.53035563410288,0.07659313725490197
Inspector Studios,39,4.7894736842105265,17820.51282051282,19.641025641025642,0.4311689271146164,2.1245421245421246e-05,39,99.0,68805000.0,1764230.7692307692,14850000.0,1.0,0.0740111009457812,0.6518143491859358,0.3363274245347102,0.7627511226778755,0.4411764705882353
Interplay,17,6.818181818181818,93235.29411764706,1.0,0.8218963228161509,8.352941176470589e-05,0,999.0,1573425000.0,98339062.5,349650000.0,0.0,0.2859964662673322,0.14924393652741208,0.12830005996515034,0.0,0.6862745098039216
Interplay Entertainment Corp.,30,6.884615384615385,56333.333333333336,1.8,0.7776045189829371,3.266666666666666e-05,2,1180.3666666666666,2050285000.0,68342833.33333333,349650000.0,0.06666666666666667,0.2214511020286229,0.22169094711031065,0.26992285111526687,0.22716051499996484,0.5183823529411765
Interplay Inc.,11,6.2,45909.09090909091,1.6363636363636365,0.6681413671366361,2.96969696969697e-05,0,1149.1,559515000.0,55951500.0,149850000.0,0.0,0.19523760231602544,0.2087250143753663,0.022668219139849854,0.0,0.49754901960784315
Introversion Software,12,7.1,438333.3333333333,4.416666666666667,0.8116094635693593,0.00019392857142857143,2,698.9166666666666,1609480000.0,134123333.33333333,731250000.0,0.16666666666666666,0.4842888224024806,0.36376796372156744,0.04352095933159413,0.22716051499996484,0.8235294117647058
InvertMouse,19,7.5,23947.36842105263,3.6315789473684212,0.885928035976494,3.9849624060150376e-05,0,279.5263157894737,121985000.0,6420263.157894737,40565000.0,0.0,0.11186643107028228,0.3300535783056416,0.1557485999176193,0.0,0.5453431372549019
Ironcode Gaming,16,5.666666666666667,11562.5,1.8125,0.7042863019333608,3.7500000000000003e-05,7,770.1875,141205000.0,8825312.5,25165000.0,0.4375,0.018597343952226068,0.22265002881684914,0.11340914000229768,0.4299669832502795,0.5330882352941176
Ivanovich Games,19,6.0,23421.052631578947,8.68421052631579,0.7038728884883241,5.7894736842105253e-05,1,1053.5294117647059,368935000.0,21702058.82352941,149850000.0,0.05263157894736842,0.1090195746616014,0.4888685788404032,0.1557485999176193,0.14332232775009315,0.6078431372549019
JAST,12,7.7,15416.666666666666,1.8333333333333333,0.8508888375812579,0.00025333333333333333,9,2299.0833333333335,385025000.0,32085416.666666668,125925000.0,0.75,0.05544914351444149,0.22423906545435243,0.04352095933159413,0.4761064671776892,0.8676470588235294
JAST USA,23,8.052631578947368,51304.34782608696,1.826086956521739,0.9102586382084018,0.00019867494824016564,1,1694.9565217391305,2193065000.0,95350652.17391305,509850000.0,0.043478260869565216,0.2094717642272686,0.22368768618475934,0.20324704375694072,0.14332232775009315,0.8259803921568627
JY,11,4.5,10000.0,1.0,0.31031713900134955,0.0,0,344.45454545454544,37890000.0,3444545.4545454546,14990000.0,0.0,0.0,0.14924393652741208,0.022668219139849854,0.0,0.07659313725490197
Jackbox Games,27,7.037037037037037,154259.25925925927,2.5555555555555554,0.7951688986872284,0.0003769594356261023,2,1473.0740740740741,8759335000.0,324419814.8148148,1049650000.0,0.07407407407407407,0.3504997100704539,0.2731275969251473,0.24340640580562528,0.22716051499996484,0.9129901960784313
JanduSoft,36,6.52,29722.222222222223,5.833333333333333,0.7890948083607419,3.328042328042328e-05,17,869.9444444444445,629190000.0,17477500.0,224850000.0,0.4722222222222222,0.13954154789669587,0.41379217193616197,0.3160168701261005,0.5976433577500228,0.5208333333333334
Jetdogs Studios,44,7.0,59318.181818181816,7.5,0.8130945871150961,0.00010372294372294373,5,509.8181818181818,860790000.0,19563409.09090909,174650000.0,0.11363636363636363,0.22806516679272276,0.460785108310309,0.3670122815682204,0.370482842750058,0.7254901960784313
Jhinbrush,12,5.333333333333333,10000.0,2.0,0.5817028485981575,0.0,3,347.3333333333333,41680000.0,3473333.3333333335,5890000.0,0.25,0.0,0.23654604285595657,0.04352095933159413,0.2866446555001863,0.07659313725490197
JoyBits Ltd.,22,5.444444444444445,58409.09090909091,10.545454545454545,0.6182923607625286,1.748917748917749e-05,0,617.3333333333334,464470000.0,22117619.04761905,179850000.0,0.0,0.22608664871560766,0.5267196208898947,0.1921594055706405,0.0,0.4056372549019608
KEMCO,75,6.3125,18133.333333333332,2.3066666666666666,0.7504538861319616,3.927619047619048e-05,20,1536.581081081081,2281460000.0,30830540.54054054,449850000.0,0.26666666666666666,0.07624028128920993,0.25750214798882887,0.5035433111337025,0.6295171572499421,0.5404411764705882
KIMIDORI SOFT,15,6.857142857142857,21000.0,2.066666666666667,0.7884113797626352,9.142857142857143e-05,6,308.3333333333333,98085000.0,6539000.0,22425000.0,0.4,0.09504190058591161,0.24127839790446004,0.09761520293164012,0.4023566422499772,0.7046568627450981
KISS ltd,36,4.933333333333334,140555.55555555556,1.9166666666666667,0.5560426754438892,3.077777777777778e-05,0,512.3055555555555,1995985000.0,55444027.777777776,314650000.0,0.0,0.3385816020625022,0.2304804731012866,0.3160168701261005,0.0,0.5098039215686274
KOEI TECMO GAMES CO.,103,6.711340206185567,172572.81553398058,3.4757281553398056,0.7590959972685853,0.0015525584835876097,6,4193.59405940594,91058240000.0,901566732.6732674,17496500000.0,0.05825242718446602,0.3648714396206736,0.32268366020699885,0.5852574331828666,0.4023566422499772,0.9877450980392157
KOMODO,105,6.86,46857.142857142855,3.533333333333333,0.8065686321288156,0.00017912653061224492,10,1809.873786407767,6964500000.0,67616504.85436893,1462500000.0,0.09523809523809523,0.19785612598323649,0.32543718582200437,0.5902198722655828,0.49581379227537004,0.8149509803921569
KONAMI,36,6.8,465833.3333333333,7.444444444444445,0.7483712461396023,0.0013708968253968255,10,4743.277777777777,264000980000.0,7333360555.555555,209650000000.0,0.2777777777777778,0.4920839951982519,0.459373211532333,0.3160168701261005,0.49581379227537004,0.9803921568627451
KPL,25,4.947368421052632,101200.0,1.52,0.5875368670405332,1.1428571428571429e-07,1,895.0,2054220000.0,82168800.0,699650000.0,0.04,0.2964977355907582,0.19900540708022735,0.22409978394868502,0.14332232775009315,0.15379901960784315
Kadragon,14,5.2,11785.714285714286,1.0,0.5741449691003438,9.183673469387756e-06,4,303.0,49895000.0,3563928.5714285714,10465000.0,0.2857142857142857,0.021046705422109874,0.14924393652741208,0.08080161612582903,0.33278413942759594,0.3112745098039216
Kagura Games,154,6.790849673202614,45487.01298701299,2.935064935064935,0.7917761161760803,0.0003837105751391466,60,1452.4675324675325,11590650000.0,75263961.03896104,2065000000.0,0.38961038961038963,0.194054378033691,0.29496384206354154,0.6892138973354278,0.850007080493903,0.9178921568627451
Kairosoft Co.,54,7.37037037037037,17500.0,6.87037037037037,0.8682648968568587,0.0007575661375661376,30,800.1111111111111,755655000.0,13993611.111111112,119850000.0,0.5555555555555556,0.07168614744673715,0.44421435817160804,0.41929104622016095,0.7100469473355701,0.9546568627450981
Kajak Games,14,6.166666666666667,20000.0,1.0,0.8338256691552463,0.0,1,17.071428571428573,2390000.0,170714.2857142857,2390000.0,0.07142857142857142,0.08879176228199298,0.14924393652741208,0.08080161612582903,0.14332232775009315,0.07659313725490197
Kalypso Media,17,6.176470588235294,385000.0,11.176470588235293,0.7259778722449929,0.00048549019607843137,4,3069.5882352941176,20973455000.0,1233732647.0588236,5998500000.0,0.23529411764705882,0.4676685145560949,0.5381772343217809,0.12830005996515034,0.33278413942759594,0.9338235294117647
Kalypso Media Digital,57,5.978260869565218,296754.3859649123,4.0,0.6808523901462431,7.257309941520468e-05,0,43004.57142857143,3558978705000.0,63553191160.71429,3540000000000.0,0.0,0.43431699040750754,0.34653368921458433,0.4331272271926699,0.0,0.6531862745098039
Kasedo Games,15,6.357142857142857,181333.33333333334,6.866666666666666,0.7352896300660043,8.895238095238095e-05,2,1723.7142857142858,7362620000.0,525901428.5714286,2549250000.0,0.13333333333333333,0.371215049660835,0.4441130103292516,0.09761520293164012,0.22716051499996484,0.6973039215686274
Kavkaz Sila Games,37,6.176470588235294,14459.45945945946,2.4054054054054053,0.6613889259182661,3.474903474903475e-06,3,172.11111111111111,44065000.0,2448055.5555555555,9750000.0,0.08108108108108109,0.04723788378775928,0.2638373945943679,0.32296448651661164,0.2866446555001863,0.20955882352941177
Kawaii Hentai,10,7.7,10000.0,9.8,0.8971513109227587,0.0,5,118.4,11840000.0,1184000.0,1990000.0,0.5,0.0,0.5123483758806974,0.0,0.370482842750058,0.07659313725490197
KazakovStudios,17,5.529411764705882,22058.823529411766,103.0,0.6881490466407348,5.882352941176471e-06,0,54.88235294117647,21875000.0,1286764.705882353,5215000.0,0.0,0.10134330481101024,1.0,0.12830005996515034,0.0,0.24754901960784315
Kedexa,33,5.05,10000.0,1.0303030303030303,0.4171137784774148,0.0,1,499.0,164670000.0,4990000.0,4990000.0,0.030303030303030304,0.0,0.15248179434151654,0.29398796461938853,0.14332232775009315,0.07659313725490197
Kedronic UAB,10,,10000.0,5.0,0.8819444444444445,6.000000000000001e-05,0,229.5,22950000.0,2295000.0,4990000.0,0.0,0.0,0.3857899793833686,0.0,0.0,0.6188725490196079
Kiddy,23,5.695652173913044,100652.17391304347,2.1739130434782608,0.6304768521325291,4.587991718426501e-06,2,146.65217391304347,641695000.0,27899782.608695652,374250000.0,0.08695652173913043,0.295802367787753,0.2486795901337169,0.20324704375694072,0.22716051499996484,0.22916666666666666
Kink Master Studios,12,8.0,10000.0,29.25,0.7289464871743353,5.833333333333333e-05,10,478.1666666666667,57380000.0,4781666.666666667,11830000.0,0.8333333333333334,0.0,0.7341105127708303,0.04352095933159413,0.49581379227537004,0.6090686274509803
Kitfox Games,12,7.25,517916.6666666667,4.583333333333333,0.8527752682183932,0.00022515079365079366,2,1482.1666666666667,11728560000.0,977380000.0,8116500000.0,0.16666666666666666,0.5056617497105507,0.37029311419951955,0.04352095933159413,0.22716051499996484,0.8468137254901961
Klabater,19,5.571428571428571,107631.57894736843,5.105263157894737,0.6463969160667499,7.899749373433583e-05,1,903.421052631579,3820495000.0,201078684.21052632,2249250000.0,0.05263157894736842,0.3043911185794533,0.38953465615359584,0.1557485999176193,0.14332232775009315,0.6740196078431373
Klei Entertainment,12,8.0,3784166.6666666665,5.083333333333333,0.8995382209706384,0.0004274785714285714,0,1579.1666666666667,80134100000.0,6677841666.666667,52465000000.0,0.0,0.7604397938174389,0.38875986767052506,0.04352095933159413,0.0,0.9227941176470589
Konnichiwa Games,10,7.2,52000.0,3.8,0.7915851819026979,1.704761904761905e-05,0,139.0,74480000.0,7448000.0,29850000.0,0.0,0.21119712627065984,0.33774416322360845,0.0,0.0,0.39950980392156865
Kotovodk Studio,48,6.791666666666667,10000.0,1.0,0.8290210582791459,4.166666666666667e-06,0,99.0,47520000.0,990000.0,990000.0,0.0,0.0,0.14924393652741208,0.3891976086796104,0.0,0.2181372549019608
KuKo,37,6.297297297297297,31216.216216216217,22.16216216216216,0.7416658645789397,5.148005148005148e-06,3,78.72972972972973,70845000.0,1914729.7297297297,17150000.0,0.08108108108108109,0.14582413969001282,0.6766269407974522,0.32296448651661164,0.2866446555001863,0.23774509803921567
L. Stotch,17,7.411764705882353,134411.76470588235,64.82352941176471,0.8593263982076585,9.6e-05,0,186.1764705882353,31650000.0,1861764.705882353,12790000.0,0.0,0.33285584382314864,0.9015126967520698,0.12830005996515034,0.0,0.7120098039215687
LGT SIA,38,7.0,10000.0,1.0789473684210527,0.9388095238095239,5.2631578947368424e-05,28,955.6315789473684,363140000.0,9556315.789473685,9750000.0,0.7368421052631579,0.0,0.1575796931468318,0.3297316247739855,0.6962571443873977,0.5894607843137255
LGV,37,6.2,11351.351351351352,18.054054054054053,0.7545864247052702,0.0,27,108.45945945945945,50080000.0,1353513.5135135136,10465000.0,0.7297297297297297,0.016236468168271092,0.6345891106437488,0.32296448651661164,0.6890012977501635,0.07659313725490197
LH Games Limited,11,,10000.0,1.0,0.9,0.0,4,126.27272727272727,13890000.0,1262727.2727272727,1990000.0,0.36363636363636365,0.0,0.14924393652741208,0.022668219139849854,0.33278413942759594,0.07659313725490197
LTZinc,48,6.125,10000.0,54.229166666666664,0.7469662969784895,1.8750000000000002e-05,19,149.6875,71850000.0,1496875.0,1990000.0,0.3958333333333333,0.0,0.8637281577919627,0.3891976086796104,0.6194287949277822,0.41911764705882354
Laush Studio,155,6.082758620689655,23193.548387096773,6.509677419354839,0.7469328260467375,8.294930875576037e-07,6,667.1354838709677,1885915000.0,12167193.548387097,224250000.0,0.03870967741935484,0.10776914034463918,0.43411344031030596,0.6908892740081672,0.4023566422499772,0.16666666666666666
Lesson of Passion,14,5.642857142857143,10000.0,1.0,0.689033147153171,0.0002142857142857143,5,690.9285714285714,96730000.0,6909285.714285715,11790000.0,0.35714285714285715,0.0,0.14924393652741208,0.08080161612582903,0.370482842750058,0.8382352941176471
Libredia,29,4.653846153846154,27068.96551724138,3.793103448275862,0.49111133853394834,1.8686371100164203e-05,0,405.85714285714283,331210000.0,11828928.57142857,134850000.0,0.0,0.12756289947447938,0.33743458231174045,0.26138044074291994,0.0,0.41544117647058826
Little Black Book Entertainment,21,5.090909090909091,11190.47619047619,1.1904761904761905,0.6015871944819313,0.0,6,578.952380952381,127405000.0,6066904.761904762,8155000.0,0.2857142857142857,0.014408042751663686,0.16883138732156142,0.18057882461709088,0.4023566422499772,0.07659313725490197
Live Motion Games,12,6.6,95416.66666666667,10.583333333333334,0.6139778472820369,0.00010507936507936507,0,542.7142857142857,866525000.0,123789285.71428572,647150000.0,0.0,0.28895919445032064,0.5274248736891534,0.04352095933159413,0.0,0.7291666666666666
LoadUpGames.com,22,,17954.545454545456,1.0,0.6571428571428571,0.0,8,170.8181818181818,72405000.0,3291136.3636363638,17465000.0,0.36363636363636365,0.07497097995093195,0.14924393652741208,0.1921594055706405,0.4543210299999297,0.07659313725490197
Lonely Troops,19,6.7,56842.10526315789,11.473684210526315,0.7728028874913134,3.6390977443609025e-05,0,326.63157894736844,739410000.0,38916315.78947368,272650000.0,0.0,0.2226028958476614,0.5433696725302004,0.1557485999176193,0.0,0.5318627450980392
Loolust,25,7.041666666666667,10000.0,6.68,0.861657154622215,1.2e-05,3,519.16,129790000.0,5191600.0,9750000.0,0.12,0.0,0.43894228359126036,0.22409978394868502,0.2866446555001863,0.35110294117647056
Louie Inc,34,5.75,10735.29411764706,1.7941176470588236,0.6328506500380876,0.0,4,1160.0882352941176,402655000.0,11842794.11764706,24990000.0,0.11764705882352941,0.009088655548633601,0.22123813203887308,0.30153980279160447,0.33278413942759594,0.07659313725490197
Lovely Games,33,6.242424242424242,30757.575757575756,5.818181818181818,0.7467291085841403,6.274170274170273e-05,20,375.27272727272725,328645000.0,9958939.393939395,59850000.0,0.6060606060606061,0.1439280156571539,0.41331422837229803,0.29398796461938853,0.6295171572499421,0.6299019607843137
Lovely Games Hentai Club,13,6.538461538461538,55769.230769230766,7.0,0.7729235869058374,2.6520146520146524e-05,4,299.84615384615387,169200000.0,13015384.615384616,69650000.0,0.3076923076923077,0.22016182281213453,0.4477318095822362,0.06282758118853439,0.33278413942759594,0.4803921568627451
Lu,14,7.214285714285714,10000.0,3.7142857142857144,0.8628493980796027,7.1428571428571436e-06,14,193.85714285714286,27140000.0,1938571.4285714286,3000000.0,1.0,0.0,0.33386453597130084,0.08080161612582903,0.5599446544275608,0.2653186274509804
LucasArts,33,7.2727272727272725,593636.3636363636,3.606060606060606,0.8328009328095666,9.47994227994228e-05,0,1067.7272727272727,25260820000.0,765479393.939394,2925000000.0,0.0,0.5231424794158691,0.3288639980028743,0.29398796461938853,0.0,0.7095588235294118
Lucasfilm,11,7.818181818181818,875909.0909090909,2.5454545454545454,0.8761850374450462,0.00010177489177489178,0,706.4545454545455,9467715000.0,860701363.6363636,7492500000.0,0.0,0.572976090037817,0.27251504036089313,0.022668219139849854,0.0,0.7230392156862745
Ludosity,11,7.7,120909.09090909091,2.3636363636363638,0.8951443094671987,1.5064935064935065e-05,1,1109.4545454545455,1511415000.0,137401363.63636363,682500000.0,0.09090909090909091,0.31929321150342815,0.261180134529613,0.022668219139849854,0.14332232775009315,0.37745098039215685
LunarCore Games,12,5.5,22500.0,1.9166666666666667,0.6515141555335575,0.0,2,180.66666666666666,41530000.0,3460833.3333333335,6965000.0,0.16666666666666666,0.10388007929628594,0.2304804731012866,0.04352095933159413,0.22716051499996484,0.07659313725490197
M.INDIE,20,5.4,29000.0,3.45,0.6148002860581557,2.0952380952380955e-06,0,516.0,278320000.0,13916000.0,74925000.0,0.0,0.13639028955527038,0.321442386870181,0.168459422013835,0.0,0.18872549019607843
M9 Games,10,5.25,39500.0,1.6,0.643353896103896,1e-05,2,514.8,221585000.0,22158500.0,85350000.0,0.2,0.1759753163322445,0.20573450120317943,0.0,0.22716051499996484,0.3247549019607843
MACKINN7,25,6.916666666666667,15600.0,9.04,0.8419881243422656,1.6e-05,6,465.24,158170000.0,6326800.0,44850000.0,0.24,0.05696351318445634,0.49663716176216116,0.22409978394868502,0.4023566422499772,0.38480392156862747
MAGIC Spell Studios,12,6.222222222222222,16250.0,1.1666666666666667,0.6879139676648706,8.333333333333334e-06,5,272.0833333333333,37625000.0,3135416.6666666665,14790000.0,0.4166666666666667,0.06219283637099554,0.16647821103439517,0.04352095933159413,0.370482842750058,0.2861519607843137
MAGIX Software GmbH,37,5.074074074074074,19189.18918918919,4.027027027027027,0.5795691027263925,0.00031567567567567564,4,8510.0,3809500000.0,253966666.66666666,2607500000.0,0.10810810810810811,0.08349022769196597,0.34769441163264636,0.32296448651661164,0.33278413942759594,0.8946078431372549
MB Game Studio,39,6.625,10000.0,1.3076923076923077,0.8416776790461,0.0,18,2120.051282051282,826820000.0,21200512.82051282,37390000.0,0.46153846153846156,0.0,0.1800554781801892,0.3363274245347102,0.6088228593403998,0.07659313725490197
MCG,11,4.5,10000.0,2.090909090909091,0.4224755317146622,0.0,3,417.1818181818182,45890000.0,4171818.1818181816,4990000.0,0.2727272727272727,0.0,0.24297378845230597,0.022668219139849854,0.2866446555001863,0.07659313725490197
MCGame,12,5.0,12083.333333333334,3.0833333333333335,0.38803067067398284,0.0,7,344.8333333333333,53855000.0,4487916.666666667,17465000.0,0.5833333333333334,0.024241333356207522,0.30292748368418526,0.04352095933159413,0.4299669832502795,0.07659313725490197
MDickie,11,7.8,27272.727272727272,1.1818181818181819,0.895574561918755,0.0005288311688311688,6,880.1,398460000.0,39846000.0,292500000.0,0.5454545454545454,0.12852359130840524,0.16797865952536556,0.022668219139849854,0.4023566422499772,0.9411764705882353
MIROWIN,10,7.25,34000.0,3.5,0.7794636795870202,3.542857142857143e-05,2,491.5,120325000.0,12032500.0,43715000.0,0.2,0.1567672072872074,0.32384814918450106,0.0,0.22716051499996484,0.5257352941176471
MIRROR Soft,26,5.666666666666667,19230.76923076923,1.0,0.9018909715062461,7.692307692307692e-06,3,548.1666666666666,256870000.0,10702916.666666666,42675000.0,0.11538461538461539,0.08376750487163186,0.14924393652741208,0.23393190079045095,0.2866446555001863,0.27512254901960786
MagicHouse,11,6.0,10000.0,1.0,0.8338624338624339,0.0,5,829.9090909090909,91290000.0,8299090.909090909,9750000.0,0.45454545454545453,0.0,0.14924393652741208,0.022668219139849854,0.370482842750058,0.07659313725490197
Male Doll,17,6.352941176470588,11470.588235294117,1.5294117647058822,0.7663253806521446,5.882352941176471e-06,5,744.5882352941177,143805000.0,8459117.647058824,24115000.0,0.29411764705882354,0.017575011690435162,0.1998080677939721,0.12830005996515034,0.370482842750058,0.24754901960784315
MangaGamer,82,7.7594936708860756,27743.90243902439,1.6951219512195121,0.9128708950546304,0.00017599303135888502,8,2073.109756097561,3074040000.0,37488292.682926826,349650000.0,0.0975609756097561,0.13071786995635704,0.21347114740854217,0.5264970318635118,0.4543210299999297,0.8125
Mango Party,55,7.472727272727273,10000.0,4.8545454545454545,0.8291462658460901,0.0024636363636363636,42,1460.3272727272727,803180000.0,14603272.727272727,300000000.0,0.7636363636363637,0.0,0.3805059476450723,0.4239852304227163,0.777704895632193,0.9975490196078431
Marginal act,12,5.1,12083.333333333334,5.666666666666667,0.580105891372165,8.333333333333334e-06,2,788.75,113125000.0,9427083.333333334,25865000.0,0.16666666666666666,0.024241333356207522,0.40847551941345195,0.04352095933159413,0.22716051499996484,0.2861519607843137
Markt+Technik Verlag GmbH,18,6.5,10000.0,6.777777777777778,0.7216155838242408,2.777777777777778e-05,16,1474.0,265320000.0,14740000.0,14990000.0,0.8888888888888888,0.0,0.4416662398275663,0.14238566189952076,0.5858246890000082,0.48651960784313725
Matthew Brown,10,7.7,100000.0,3.4,0.8770227219172189,0.0001899047619047619,1,269.2,314070000.0,31407000.0,104650000.0,0.1,0.29496959736707545,0.31900944022565497,0.0,0.14332232775009315,0.8223039215686274
Mature Games,11,6.2727272727272725,38181.818181818184,2.0,0.7601118544698565,1.0043290043290043e-05,0,167.1818181818182,74730000.0,6793636.363636363,22425000.0,0.0,0.17162726183930946,0.23654604285595657,0.022668219139849854,0.0,0.3333333333333333
Maximum Entertainment,37,6.823529411764706,57972.97297297297,9.243243243243244,0.7743348502150204,0.0004386615186615187,19,1608.4594594594594,4047100000.0,109381081.08108108,599850000.0,0.5135135135135135,0.2251265387004163,0.5009522977207481,0.32296448651661164,0.6194287949277822,0.9276960784313726
Mediascape Co.,28,7.782608695652174,41785.71428571428,1.4285714285714286,0.9249573764338891,0.00014806122448979592,5,1500.25,1525380000.0,54477857.14285714,224850000.0,0.17857142857142858,0.1831817445938708,0.19104834504023815,0.2525484025755791,0.370482842750058,0.7855392156862745
Meng Games,23,6.133333333333334,12173.91304347826,8.347826086956522,0.6792459053174464,0.0,6,124.34782608695652,31050000.0,1350000.0,4870000.0,0.2608695652173913,0.0251980078085513,0.4812566083986887,0.20324704375694072,0.4023566422499772,0.07659313725490197
Mens Sana Interactive,23,7.636363636363637,13260.869565217392,5.434782608695652,0.8857079192524996,3.478260869565218e-05,2,190.34782608695653,53705000.0,2335000.0,6965000.0,0.08695652173913043,0.03615327768402808,0.4008530070496755,0.20324704375694072,0.22716051499996484,0.5245098039215687
Merge Games,29,6.636363636363637,76034.4827586207,7.413793103448276,0.7588515214049234,0.00011336617405582924,7,1349.2068965517242,4374475000.0,150843965.5172414,1224650000.0,0.2413793103448276,0.2598703726884755,0.45859025253461894,0.26138044074291994,0.4299669832502795,0.7475490196078431
Metal Fox,23,4.157894736842105,12173.91304347826,1.2608695652173914,0.3577531300112359,0.0,0,99.0,27720000.0,1205217.391304348,3465000.0,0.0,0.0251980078085513,0.1756418700249991,0.20324704375694072,0.0,0.07659313725490197
Michael Richard Lannon,14,,13571.42857142857,2.5714285714285716,0.30238095238095236,0.0,12,1098.142857142857,226865000.0,16204642.857142856,68250000.0,0.8571428571428571,0.039118667661034175,0.2740866786316858,0.08080161612582903,0.53035563410288,0.07659313725490197
Michaela Laws,10,6.875,46500.0,1.0,0.8462695210602097,2.1142857142857144e-05,0,256.9,38165000.0,3816500.0,17465000.0,0.0,0.19687596870703078,0.14924393652741208,0.0,0.0,0.43995098039215685
MicroProse Software,30,6.666666666666667,124833.33333333333,2.966666666666667,0.7682473624358179,0.00016205396825396827,11,1538.3703703703704,7476990000.0,276925555.5555556,3748500000.0,0.36666666666666664,0.32338504178486893,0.29668607603725106,0.26992285111526687,0.5138051705001512,0.8026960784313726
Microids,114,5.8316831683168315,79254.38596491228,7.140350877192983,0.6646706771540937,9.09908103592314e-05,24,1615.2631578947369,13411505000.0,117644780.70175439,1399650000.0,0.21052631578947367,0.2651837136229177,0.4514764863524634,0.6114504517908015,0.6655682788551919,0.7034313725490197
Midnight Games,14,5.538461538461538,30000.0,3.7142857142857144,0.549158344755251,0.00018802721088435374,11,725.0,250720000.0,17908571.42857143,74850000.0,0.7857142857142857,0.14073322519183565,0.33386453597130084,0.08080161612582903,0.5138051705001512,0.821078431372549
Might and Delight,12,7.5,210416.66666666666,6.0,0.7965941789509009,1.0825396825396826e-05,0,1649.0,4265355000.0,355446250.0,1462500000.0,0.0,0.390271467710166,0.4189806997974829,0.04352095933159413,0.0,0.34191176470588236
Mihai Morosanu,13,5.25,91153.84615384616,1.0,0.5808597323076671,2.5641025641025644e-06,0,119.83333333333333,101575000.0,8464583.333333334,34650000.0,0.0,0.28310410529825647,0.14924393652741208,0.06282758118853439,0.0,0.19362745098039216
Mikołaj Spychał,15,6.769230769230769,15000.0,2.3333333333333335,0.8257222747665267,0.0,0,515.4,111985000.0,7465666.666666667,20615000.0,0.0,0.05193932803211756,0.2592315828860399,0.09761520293164012,0.0,0.07659313725490197
Milestone S.r.l.,42,6.675,94285.71428571429,7.809523809523809,0.7590279689676753,0.0007200181405895692,6,2174.1190476190477,10364340000.0,246770000.0,2999250000.0,0.14285714285714285,0.28743169648358136,0.46848627400358506,0.3551684159285284,0.4023566422499772,0.9509803921568627
Mindscape,12,6.142857142857143,10000.0,10.0,0.5924452402601174,5e-05,7,1549.0,185880000.0,15490000.0,24990000.0,0.5833333333333334,0.0,0.5162991929128272,0.04352095933159413,0.4299669832502795,0.5845588235294118
Mindware Co.,13,6.583333333333333,11923.076923076924,1.9230769230769231,0.85614939960291,7.692307692307692e-06,2,1069.7692307692307,176545000.0,13580384.615384616,52465000.0,0.15384615384615385,0.022531054236311854,0.2309531702990702,0.06282758118853439,0.22716051499996484,0.27512254901960786
Minicactus Games,14,7.357142857142857,28214.285714285714,5.285714285714286,0.915252247716569,1.7278911564625852e-05,3,195.42857142857142,78105000.0,5578928.571428572,29850000.0,0.21428571428571427,0.13287160101626513,0.3958063661701684,0.08080161612582903,0.2866446555001863,0.40318627450980393
Minimol Games,31,6.903225806451613,32903.22580645161,5.32258064516129,0.7991463493140066,2.0276497695852538e-05,1,196.58064516129033,175480000.0,5660645.161290322,44850000.0,0.03225806451612903,0.15256667210811414,0.39706551295807213,0.278194027548731,0.14332232775009315,0.4362745098039216
Mismatch Studio,10,8.0,44000.0,4.2,0.808691375076414,1.3714285714285716e-05,0,188.11111111111111,16930000.0,1881111.111111111,5690000.0,0.0,0.18979649666887102,0.3549784377305915,0.0,0.0,0.36642156862745096
Modern Wolf,10,6.0,117000.0,3.9,0.7194143469460701,0.00012104761904761904,1,1406.1,2027040000.0,202704000.0,1349250000.0,0.1,0.3150829535381863,0.3421837738529695,0.0,0.14332232775009315,0.7549019607843137
Momentum Games,12,7.0,10000.0,3.5,0.8476358825439775,0.00035833333333333333,7,420.9166666666667,50510000.0,4209166.666666667,6890000.0,0.5833333333333334,0.0,0.32384814918450106,0.04352095933159413,0.4299669832502795,0.9068627450980392
MoonlightGames,15,5.5,11666.666666666666,9.933333333333334,0.66950295269623,2e-05,4,316.3333333333333,51425000.0,3428333.3333333335,7390000.0,0.26666666666666666,0.0197462094677073,0.5149902923038139,0.09761520293164012,0.33278413942759594,0.43137254901960786
Movie Games S.A.,31,6.105263157894737,104516.12903225806,8.35483870967742,0.7226966956993317,0.000226715821812596,4,1044.1818181818182,5082720000.0,231032727.27272728,2998500000.0,0.12903225806451613,0.3006282582857993,0.48141807333847203,0.278194027548731,0.33278413942759594,0.8480392156862745
MumboJumbo,22,7.142857142857143,15681.818181818182,1.8181818181818181,0.2781293667318891,2.5324675324675325e-05,0,304.4761904761905,198815000.0,9467380.952380951,48965000.0,0.0,0.05763361315389743,0.2230845667788907,0.1921594055706405,0.0,0.47058823529411764
My Label Game Studio,26,5.615384615384615,11923.076923076924,0.0,0.6163820962767659,1.5384615384615384e-05,0,263.61538461538464,93490000.0,3595769.230769231,17465000.0,0.0,0.022531054236311854,0.0,0.23393190079045095,0.0,0.3805147058823529
My Way Games,92,5.333333333333333,37173.913043478264,6.173913043478261,0.5901003786153147,0.00015957971014492753,4,103.43478260869566,298245000.0,3241793.4782608696,59465000.0,0.043478260869565216,0.16820016576021016,0.42426473153577926,0.5561335165576584,0.33278413942759594,0.7990196078431373
Mykhail Konokh,12,5.7,23750.0,1.0833333333333333,0.7070823559619185,8.333333333333334e-06,1,368.8333333333333,94595000.0,7882916.666666667,31465000.0,0.08333333333333333,0.11080625974530714,0.158033462518388,0.04352095933159413,0.14332232775009315,0.2861519607843137
NAISU,12,7.444444444444445,14166.666666666666,14.666666666666666,0.8542270605154152,1.9047619047619046e-05,2,134.2,21370000.0,2137000.0,6965000.0,0.16666666666666666,0.04461734169328633,0.5924426631596915,0.04352095933159413,0.22716051499996484,0.4227941176470588
NEOWIZ,14,7.071428571428571,480714.28571428574,7.714285714285714,0.8108215213806845,0.00028840136054421767,3,1965.2307692307693,13430380000.0,1033106153.8461539,4499250000.0,0.21428571428571427,0.4961123866185039,0.46614588697050535,0.08080161612582903,0.2866446555001863,0.883578431372549
NIS America,64,6.898305084745763,60312.5,2.828125,0.8104649435360629,0.0003704285714285714,11,3095.96875,12378200000.0,193409375.0,1499250000.0,0.171875,0.23019474738292348,0.28903146964507775,0.46281200555175495,0.5138051705001512,0.9105392156862745
NS,23,5.666666666666667,18913.043478260868,6.565217391304348,0.6032719798470382,4.347826086956522e-06,2,113.38095238095238,37670000.0,1793809.5238095238,7425000.0,0.08695652173913043,0.08163335887960085,0.43569999322397335,0.20324704375694072,0.22716051499996484,0.2261029411764706
NSFW18 Games,11,6.2727272727272725,10000.0,4.545454545454546,0.7218448437485852,1.8181818181818182e-05,5,556.0909090909091,61170000.0,5560909.090909091,9750000.0,0.45454545454545453,0.0,0.36882739385516106,0.022668219139849854,0.370482842750058,0.4117647058823529
NVLMaker,15,8.2,122000.0,2.2,0.9290567282710372,4.9587301587301585e-05,2,574.7333333333333,1265030000.0,84335333.33333333,674250000.0,0.13333333333333333,0.3204438864915091,0.25044205689506394,0.09761520293164012,0.22716051499996484,0.5821078431372549
Nacks Soft,12,5.5,17500.0,103.0,0.6296875000000001,0.0,0,613.25,127125000.0,10593750.0,58425000.0,0.0,0.07168614744673715,1.0,0.04352095933159413,0.0,0.07659313725490197
Nacon,98,5.768421052631579,143571.42857142858,9.357142857142858,0.650564380155357,0.0008615461613216714,30,2715.340206185567,33077195000.0,341002010.30927837,3374250000.0,0.30612244897959184,0.3413013105756701,0.5033332601778828,0.5724213308847828,0.7100469473355701,0.9607843137254902
NaipSoft,13,7.153846153846154,10000.0,31.0,0.9074247814779786,3.076923076923077e-05,13,88.23076923076923,11470000.0,882307.6923076923,990000.0,1.0,0.0,0.7462196826370604,0.06282758118853439,0.5456789700000703,0.508578431372549
Nami Tentou,11,7.0,10000.0,8.454545454545455,0.8843704906204907,0.0,7,797.7272727272727,87750000.0,7977272.7272727275,19500000.0,0.6363636363636364,0.0,0.48370080708717283,0.022668219139849854,0.4299669832502795,0.07659313725490197
NanningsGames,37,6.387096774193548,27837.837837837837,9.513513513513514,0.7713427032155525,2.702702702702703e-06,5,102.27027027027027,69920000.0,1889729.7297297297,8925000.0,0.13513513513513514,0.13115087251869134,0.5065597366942495,0.32296448651661164,0.370482842750058,0.19669117647058823
Narko Games,14,5.076923076923077,55000.0,1.8571428571428572,0.5135206569787892,1.2312925170068026e-05,1,204.71428571428572,458230000.0,32730714.285714287,412650000.0,0.07142857142857142,0.21838253917620168,0.22604086247192554,0.08080161612582903,0.14332232775009315,0.3553921568627451
NedoStudio,13,5.666666666666667,27692.30769230769,3.5384615384615383,0.6339160249089958,0.0,0,437.46153846153845,145640000.0,11203076.923076924,37425000.0,0.0,0.13047941577257804,0.3256806154546167,0.06282758118853439,0.0,0.07659313725490197
Neki4 Electronics,25,5.555555555555555,10000.0,2.0,0.5429701004427171,0.0,7,657.76,164440000.0,6577600.0,39990000.0,0.28,0.0,0.23654604285595657,0.22409978394868502,0.4299669832502795,0.07659313725490197
NekoNyan Ltd.,27,8.0,42037.03703703704,2.3333333333333335,0.925862173663615,0.0007137918871252204,8,2700.185185185185,3261710000.0,120804074.07407407,509850000.0,0.2962962962962963,0.1839499358682523,0.2592315828860399,0.24340640580562528,0.4543210299999297,0.9497549019607843
Neoclassic Games,10,7.125,29000.0,10.0,0.8139485721520854,2e-05,0,288.1111111111111,55880000.0,6208888.888888889,24465000.0,0.0,0.13639028955527038,0.5162991929128272,0.0,0.0,0.43137254901960786
Neon Doctrine,19,6.894736842105263,308157.8947368421,8.0,0.7951372091080057,5.4922305764411024e-05,3,1441.157894736842,6877220000.0,361958947.3684211,3496500000.0,0.15789473684210525,0.43914763019846353,0.47309208571191314,0.1557485999176193,0.2866446555001863,0.5968137254901961
New Blood Interactive,10,8.4,1152000.0,2.5,0.9445066549531159,0.00016484761904761905,2,1474.6,26166300000.0,2616630000.0,18742500000.0,0.2,0.6080768755141057,0.2697367632700709,0.0,0.22716051499996484,0.8088235294117647
New Reality Games,38,5.2105263157894735,326052.63157894736,1.1578947368421053,0.5617749330559331,6.140350877192983e-07,0,232.36111111111111,2145795000.0,59605416.666666664,374250000.0,0.0,0.4463788960445476,0.16560472713010874,0.3297316247739855,0.0,0.16176470588235295
Next Game,23,7.1,13913.04347826087,1.3043478260869565,0.8474267820715528,0.0002515527950310559,0,931.7272727272727,255890000.0,11631363.636363637,34965000.0,0.0,0.04230322235646742,0.1797432033073066,0.20324704375694072,0.0,0.866421568627451
Nibb Games,12,7.181818181818182,17500.0,3.9166666666666665,0.9368183663172053,1.0555555555555555e-05,5,240.66666666666666,49290000.0,4107500.0,14925000.0,0.4166666666666667,0.07168614744673715,0.34291488996159974,0.04352095933159413,0.370482842750058,0.34068627450980393
Nicalis,21,7.157894736842105,950000.0,3.619047619047619,0.804240759903689,6.747528344671202e-05,2,1371.047619047619,24427170000.0,1163198571.4285715,22485000000.0,0.09523809523809523,0.5833784616451072,0.329470230652388,0.18057882461709088,0.22716051499996484,0.6409313725490197
Nightdive Studios,41,7.0,103780.48780487805,2.4146341463414633,0.8010300672230265,0.00013370499419279906,4,992.1538461538462,4318360000.0,110727179.48717949,749250000.0,0.0975609756097561,0.29972338031261825,0.2644201107473609,0.34903824663092586,0.33278413942759594,0.7671568627450981
Nikita Morti,10,6.5,10000.0,2.0,0.8354390054390054,0.0,6,1879.1,187910000.0,18791000.0,29990000.0,0.6,0.0,0.23654604285595657,0.0,0.4023566422499772,0.07659313725490197
Nival,10,6.375,228000.0,7.7,0.677599299082194,0.00011714285714285715,0,577.1111111111111,1458100000.0,162011111.1111111,349650000.0,0.0,0.4005529025523793,0.46579262440215363,0.0,0.0,0.7512254901960784
No Gravity Games,27,5.933333333333334,22777.777777777777,4.777777777777778,0.7199596086883909,4.197530864197531e-06,0,732.85,353430000.0,17671500.0,149925000.0,0.0,0.10545191517408535,0.37766397776067484,0.24340640580562528,0.0,0.2193627450980392
No More Robots,14,7.5,193571.42857142858,6.642857142857143,0.839127741191296,0.00013028571428571427,3,1633.5,5023220000.0,358801428.5714286,1724250000.0,0.21428571428571427,0.3795817346894431,0.4378984346952018,0.08080161612582903,0.2866446555001863,0.7622549019607843
Nomad Games,11,6.0,103636.36363636363,4.090909090909091,0.7168719314479616,0.00012716883116883118,0,660.2222222222222,166020000.0,18446666.666666668,44765000.0,0.0,0.29954534867103294,0.350413316466892,0.022668219139849854,0.0,0.7598039215686274
Notus Games Ltd,11,6.5,10000.0,4.7272727272727275,0.8603440419229892,4.545454545454546e-05,0,846.3636363636364,93100000.0,8463636.363636363,9990000.0,0.0,0.0,0.37577359259656884,0.022668219139849854,0.0,0.5735294117647058
NovaLogic,14,7.142857142857143,50357.142857142855,1.0,0.8249678287464511,7.258503401360543e-05,0,2849.0714285714284,2606870000.0,186205000.0,1867500000.0,0.0,0.2070845023969932,0.14924393652741208,0.08080161612582903,0.0,0.6544117647058824
Noxurtica,19,6.8,10000.0,1.0,0.8156162464985994,1.0526315789473684e-05,8,1091.6842105263158,207420000.0,10916842.105263159,19500000.0,0.42105263157894735,0.0,0.14924393652741208,0.1557485999176193,0.4543210299999297,0.3394607843137255
NukGames,11,6.9,207727.27272727274,10.090909090909092,0.7838328153631899,7.774891774891774e-06,0,334.0,523725000.0,52372500.0,174650000.0,0.0,0.3886235289694592,0.5180713303825731,0.022668219139849854,0.0,0.27818627450980393
Nukearts Studio,10,8.0,17500.0,1.1,0.9490512412598692,5.8571428571428575e-05,6,254.1,39860000.0,3986000.0,13965000.0,0.6,0.07168614744673715,0.15974911691144308,0.0,0.4023566422499772,0.6102941176470589
Nutaku Publishing,18,5.357142857142857,17777.777777777777,1.6111111111111112,0.5991340528543199,0.002440740740740741,1,426.6666666666667,76800000.0,4266666.666666667,16790000.0,0.05555555555555555,0.07370353422313132,0.20665268377632287,0.14238566189952076,0.14332232775009315,0.9963235294117647
Nyu Media,10,6.0,26500.0,1.3,0.7197803456798577,4e-05,0,229.8,172315000.0,17231500.0,119850000.0,0.0,0.12484156865756801,0.17933656770559242,0.0,0.0,0.5477941176470589
OG Games,13,,15000.0,1.0,1.0,0.0,13,99.0,19305000.0,1485000.0,7425000.0,1.0,0.05193932803211756,0.14924393652741208,0.06282758118853439,0.5456789700000703,0.07659313725490197
OKJOY,10,7.5,47000.0,5.9,0.8600552068358948,0.0003199047619047619,8,652.6,454780000.0,45478000.0,224850000.0,0.8,0.198246098721827,0.415882610561549,0.0,0.4543210299999297,0.8970588235294118
OTAKU Plan,58,7.017241379310345,29051.724137931036,3.1206896551724137,0.8161527070867535,0.00013862068965517243,30,1329.5,2198105000.0,37898362.06896552,187350000.0,0.5172413793103449,0.13661857163894559,0.30488832058621007,0.4375806719589373,0.7100469473355701,0.7757352941176471
Octo Games,18,5.722222222222222,10000.0,24.666666666666668,0.6598217910492417,8.888888888888889e-05,14,728.5,131130000.0,7285000.0,14790000.0,0.7777777777777778,0.0,0.6987338498543536,0.14238566189952076,0.5599446544275608,0.696078431372549
Oh,11,7.111111111111111,16818.18181818182,1.0,0.9234883152274456,0.0,0,521.9090909090909,108335000.0,9848636.363636363,31465000.0,0.0,0.0665953633386473,0.14924393652741208,0.022668219139849854,0.0,0.07659313725490197
Old School Vibes,10,7.1,40500.0,2.5,0.9600953469831367,1e-05,3,186.0,51295000.0,5129500.0,14850000.0,0.3,0.17917811996538663,0.2697367632700709,0.0,0.2866446555001863,0.3247549019607843
OnSkull Games,10,5.4,131500.0,7.6,0.6145198181828453,8.051428571428571e-05,1,550.8,310720000.0,31072000.0,103350000.0,0.1,0.33005014303352814,0.4633034234171088,0.0,0.14332232775009315,0.6801470588235294
Orangepixel,15,6.0,21000.0,2.8,0.7189071527206127,1.6126984126984126e-05,2,852.0666666666667,302395000.0,20159666.666666668,93675000.0,0.13333333333333333,0.09504190058591161,0.2874437349748375,0.09761520293164012,0.22716051499996484,0.3872549019607843
Outright Games Ltd.,49,6.209302325581396,16224.489795918367,13.326530612244898,0.7554510624480363,0.0002802332361516035,19,3322.469387755102,2316705000.0,47279693.87755102,202350000.0,0.3877551020408163,0.061991578220894815,0.5731888559180796,0.39446082152068934,0.6194287949277822,0.8799019607843137
PID Games,31,6.866666666666666,25645.16129032258,8.35483870967742,0.788083789839084,6.086021505376344e-05,14,1067.9032258064517,773880000.0,24963870.967741936,127350000.0,0.45161290322580644,0.12064106902229539,0.48141807333847203,0.278194027548731,0.5599446544275608,0.6213235294117647
PLAYISM,106,7.15625,89386.7924528302,3.6320754716981134,0.8237479655302655,8.551302785265049e-05,9,963.3009708737864,9136980000.0,88708543.68932039,749250000.0,0.08490566037735849,0.2805963083608092,0.3300766595606469,0.5926660890625174,0.4761064671776892,0.6899509803921569
PQube,68,6.5606060606060606,56470.58823529412,5.970588235294118,0.7595252640777277,0.0002901960784313725,18,2002.4411764705883,7941590000.0,116788088.23529412,1049650000.0,0.2647058823529412,0.22176285077603208,0.41807411535448913,0.47837007101303197,0.6088228593403998,0.8860294117647058
PRODUCTION PENCIL,26,6.8,10000.0,3.5384615384615383,0.6227199228530682,1.153846153846154e-05,23,1325.8846153846155,344730000.0,13258846.153846154,38990000.0,0.8846153846153846,0.0,0.3256806154546167,0.23393190079045095,0.6571274982502443,0.3431372549019608
PUNKCAKE Delicieux,14,7.333333333333333,36071.42857142857,2.0714285714285716,0.9287346839650281,3.040816326530612e-05,12,627.5714285714286,442495000.0,31606785.714285713,349650000.0,0.8571428571428571,0.16434341165661617,0.2416124763067982,0.08080161612582903,0.53035563410288,0.5049019607843137
Paradox Interactive,87,6.6075949367088604,964022.9885057472,4.563218390804598,0.7480030820300654,0.0004570292282430213,6,4243.426829268293,1402351550000.0,17101848170.731707,1199250000000.0,0.06896551724137931,0.5852556561841571,0.3695160087363285,0.5417364738512727,0.4023566422499772,0.928921568627451
PastureSoft,10,5.5,10000.0,2.4,0.6310064935064935,2e-05,5,1068.0,106800000.0,10680000.0,14790000.0,0.5,0.0,0.2634953556231367,0.0,0.370482842750058,0.43137254901960786
Paul Connor,17,,18235.29411764706,1.0,0.69375,0.0,3,358.3529411764706,106560000.0,6268235.294117647,25575000.0,0.17647058823529413,0.07695855843569355,0.14924393652741208,0.12830005996515034,0.2866446555001863,0.07659313725490197
PaulArt,25,5.363636363636363,10000.0,5.76,0.5459421640607749,1.6e-05,7,105.0,26250000.0,1050000.0,3990000.0,0.28,0.0,0.41146900240635886,0.22409978394868502,0.4299669832502795,0.38480392156862747
Peaksel,15,5.857142857142857,33000.0,19.666666666666668,0.6539686803988463,5.714285714285714e-05,4,519.6,119825000.0,7988333.333333333,37425000.0,0.26666666666666666,0.152942897893483,0.6520816533631735,0.09761520293164012,0.33278413942759594,0.6053921568627451
Performance Artist,12,6.090909090909091,10000.0,1.5833333333333333,0.7514828908413825,2.5e-05,12,119.83333333333333,14380000.0,1198333.3333333333,4990000.0,1.0,0.0,0.2043498437809372,0.04352095933159413,0.53035563410288,0.4675245098039216
PeriScope Game,10,7.5,73500.0,1.2,0.8689317382188451,1.4666666666666666e-05,0,390.1,243675000.0,24367500.0,69650000.0,0.0,0.25552734790394704,0.16976550369824286,0.0,0.0,0.375
Phat Phrog Studios,12,5.222222222222222,176250.0,1.0,0.5657367066160676,5.793650793650794e-06,0,124.33333333333333,274705000.0,22892083.333333332,74250000.0,0.0,0.36757248989844826,0.14924393652741208,0.04352095933159413,0.0,0.24509803921568626
Phoenix Games,14,6.230769230769231,145714.2857142857,1.5,0.7384776615799329,0.00020730612244897957,0,782.9230769230769,4257595000.0,327507307.6923077,3748500000.0,0.0,0.34319923847122263,0.19728975268717228,0.08080161612582903,0.0,0.8345588235294118
Phoenix Online Publishing,22,6.333333333333333,51136.36363636364,2.227272727272727,0.7619130397021714,2.575757575757576e-05,0,734.2727272727273,1225635000.0,55710681.81818182,524650000.0,0.0,0.2090516220612996,0.25226933932275275,0.1921594055706405,0.0,0.47549019607843135
Phoenix Reborn Games,10,5.0,25000.0,2.5,0.6105880215933166,5.7142857142857145e-06,0,198.1,42935000.0,4293500.0,10465000.0,0.0,0.11737710606046528,0.2697367632700709,0.0,0.0,0.24325980392156862
PhoenixFire Games,14,5.214285714285714,20000.0,1.0,0.638207808325772,0.0,0,49.0,13720000.0,980000.0,7350000.0,0.0,0.08879176228199298,0.14924393652741208,0.08080161612582903,0.0,0.07659313725490197
Phoenixx Inc.,20,7.4,13750.0,3.85,0.87976277746838,0.00016357142857142856,7,1435.0,421425000.0,21071250.0,76965000.0,0.35,0.040793192133733246,0.339975411036419,0.168459422013835,0.4299669832502795,0.8075980392156863
Phoenixxx Games,32,5.166666666666667,10781.25,1.75,0.4906168451550674,3.125e-06,9,569.9375,202855000.0,6339218.75,28665000.0,0.28125,0.009635844627843134,0.21781131985800306,0.2862106654423914,0.4761064671776892,0.20465686274509803
Phr00t's Software,15,6.9,25333.333333333332,1.0666666666666667,0.8204904726471791,9.460317460317461e-06,2,550.5333333333333,198975000.0,13265000.0,51675000.0,0.13333333333333333,0.1190738670933077,0.156304027621177,0.09761520293164012,0.22716051499996484,0.3161764705882353
Piece Of Voxel,112,5.2631578947368425,22767.85714285714,3.8482142857142856,0.5712271302624461,7.2023809523809524e-06,26,148.35714285714286,331120000.0,2956428.5714285714,73465000.0,0.23214285714285715,0.10539610900885996,0.33989612048604373,0.6068798051744216,0.6814815449998944,0.2696078431372549
Piko Interactive LLC,48,5.769230769230769,17708.333333333332,1.0416666666666667,0.6630824214677504,8.333333333333334e-06,8,889.2291666666666,723735000.0,15077812.5,161850000.0,0.16666666666666666,0.07320215802269302,0.15368354715677313,0.3891976086796104,0.4543210299999297,0.2861519607843137
PinkySoul,14,6.5,10000.0,1.0,0.7976022740617404,3.571428571428572e-05,9,311.14285714285717,43560000.0,3111428.5714285714,4990000.0,0.6428571428571429,0.0,0.14924393652741208,0.08080161612582903,0.4761064671776892,0.5269607843137255
Pirates Of The Digital Sea,14,5.285714285714286,10000.0,9.214285714285714,0.6567869399032468,4.285714285714286e-05,6,573.0,80220000.0,5730000.0,9750000.0,0.42857142857142855,0.0,0.5003427470056959,0.08080161612582903,0.4023566422499772,0.5575980392156863
Pix Arts,16,3.5,11562.5,1.3125,0.3236549165120594,0.0,1,669.375,115825000.0,7239062.5,19990000.0,0.0625,0.018597343952226068,0.1805035813327919,0.11340914000229768,0.14332232775009315,0.07659313725490197
Pixel After Pixel,10,,10000.0,1.0,0.8058201058201058,1e-05,1,815.0,48900000.0,8150000.0,14790000.0,0.1,0.0,0.14924393652741208,0.0,0.14332232775009315,0.3247549019607843
Pixel Games UK,111,5.916666666666667,35180.18018018018,1.1891891891891893,0.8394165564698582,1.2012012012012013e-06,50,468.5405405405405,1901625000.0,17131756.756756756,299250000.0,0.45045045045045046,0.1611384482045657,0.16870484398138602,0.6045640550398069,0.812985203999973,0.17401960784313725
Pixel Puzzles,16,6.6,214062.5,4.3125,0.7907660868379667,3.130952380952381e-05,1,241.3125,466260000.0,29141250.0,174650000.0,0.0625,0.392472151281775,0.35958698794265714,0.11340914000229768,0.14332232775009315,0.5122549019607843
Pixeljam,17,7.733333333333333,52647.05882352941,3.1176470588235294,0.8725761843911383,0.00011647058823529412,3,408.05882352941177,535495000.0,31499705.88235294,254850000.0,0.17647058823529413,0.2127813718661852,0.30472928070175825,0.12830005996515034,0.2866446555001863,0.75
PlayStation Publishing LLC,18,7.4375,3551111.111111111,21.555555555555557,0.8512751633384675,0.0011699777777777777,7,5293.117647058823,278482580000.0,16381328235.294117,139965000000.0,0.3888888888888889,0.7522965486386302,0.6709128213737634,0.14238566189952076,0.4299669832502795,0.9754901960784313
PlayWay S.A.,79,7.042553191489362,184810.1265822785,12.417721518987342,0.8070952588349912,0.000589803496081977,25,1350.5471698113208,23918700000.0,451296226.4150943,6825000000.0,0.31645569620253167,0.3736480759563157,0.5590779051606382,0.516906249151801,0.6736779618529731,0.946078431372549
Playmeow,53,6.811320754716981,10471.698113207547,9.30188679245283,0.776703398442414,0.00038490566037735843,37,905.9811320754717,500645000.0,9446132.075471697,73000000.0,0.6981132075471698,0.005904093686535796,0.50218147284372,0.4145107254075418,0.752145187090493,0.9191176470588235
Playstige Interactive,13,5.583333333333333,22692.30769230769,2.230769230769231,0.605653926488069,1.5384615384615384e-05,6,489.61538461538464,349485000.0,26883461.53846154,299850000.0,0.46153846153846156,0.10497032422760309,0.2525024887630878,0.06282758118853439,0.4023566422499772,0.3805147058823529
Playtonic Friends,10,7.9,107000.0,4.8,0.8772731353513482,0.0003130095238095238,4,2049.3,6113515000.0,611351500.0,5625000000.0,0.4,0.30363717340128576,0.3784905180736092,0.0,0.33278413942759594,0.8921568627450981
Playtouch,10,5.125,10000.0,14.2,0.5937262055498349,0.0,0,139.0,13900000.0,1390000.0,2990000.0,0.0,0.0,0.5859316080296617,0.0,0.0,0.07659313725490197
Plug In Digital,132,6.071428571428571,37196.969696969696,3.8636363636363638,0.6655493747251084,3.007215007215007e-05,6,444.808,1982590000.0,15860720.0,349650000.0,0.045454545454545456,0.16827959679276602,0.34057994157985744,0.6493345140076877,0.4023566422499772,0.5024509803921569
Pokies4fun,11,,10000.0,1.0,0.39285714285714285,0.0,4,906.2727272727273,99690000.0,9062727.272727273,33990000.0,0.36363636363636365,0.0,0.14924393652741208,0.022668219139849854,0.33278413942759594,0.07659313725490197
PopCap Games,54,7.933333333333334,162962.96296296295,1.6666666666666667,0.9009746591756871,0.00021847442680776014,0,249.5,4239005000.0,81519326.92307693,1746500000.0,0.0,0.35753132868509063,0.21118576672627967,0.41929104622016095,0.0,0.8406862745098039
Positech Games,14,6.083333333333333,147857.14285714287,4.285714285714286,0.734170507850498,3.870748299319728e-05,2,1483.142857142857,4403485000.0,314534642.85714287,913500000.0,0.14285714285714285,0.3450694585874989,0.35849862764495727,0.08080161612582903,0.22716051499996484,0.5379901960784313
Prime Matter,18,5.777777777777778,295833.3333333333,9.166666666666666,0.6865744955852935,0.00011193650793650794,6,1721.2222222222222,14673675000.0,815204166.6666666,5998500000.0,0.3333333333333333,0.43391875559552257,0.4993366073846197,0.14238566189952076,0.4023566422499772,0.7450980392156863
Private Division,11,6.909090909090909,885909.0909090909,11.181818181818182,0.7646780530516942,0.00036274458874458875,5,3635.3636363636365,38225255000.0,3475023181.818182,13996500000.0,0.45454545454545453,0.5744303820545861,0.5382717737248852,0.022668219139849854,0.370482842750058,0.9080882352941176
PsychoFlux Entertainment,81,7.321428571428571,26666.666666666668,1.8641975308641976,0.9004868855857647,4.5044091710758384e-05,15,233.85185185185185,437735000.0,5404135.802469136,103350000.0,0.18518518518518517,0.12564473026352962,0.22657184544660355,0.5233391728992401,0.5732893110003726,0.5698529411764706
Pujia8 Studio,20,7.666666666666667,41250.0,1.35,0.8908489893634886,1.4285714285714287e-05,2,245.1578947368421,68030000.0,3580526.3157894737,23065000.0,0.1,0.18152874630602336,0.18396714374623954,0.168459422013835,0.22716051499996484,0.37316176470588236
Pyramid Games S.A.,11,6.4,64090.90909090909,5.636363636363637,0.7701934805752302,6.164502164502164e-05,0,196.5,88425000.0,14737500.0,88425000.0,0.0,0.23797890894556717,0.4074945906684786,0.022668219139849854,0.0,0.6262254901960784
QUByte Interactive,19,7.133333333333334,19473.684210526317,3.1052631578947367,0.8330720522343287,7.368421052631579e-05,12,1010.6315789473684,376540000.0,19817894.736842107,97425000.0,0.631578947368421,0.0853755015811687,0.3040807456117105,0.1557485999176193,0.53035563410288,0.6593137254901961
QZQ Studio,26,6.833333333333333,31538.46153846154,2.769230769230769,0.6743963942641804,4.945054945054945e-06,22,340.15384615384613,452330000.0,17397307.692307692,277350000.0,0.8461538461538461,0.14713978563336502,0.2856932091772021,0.23393190079045095,0.6483274292638558,0.2340686274509804
Quarlellle,27,5.916666666666667,11851.851851851852,1.2962962962962963,0.6342788106037285,3.7037037037037037e-06,0,50.851851851851855,16180000.0,599259.2592592592,1715000.0,0.0,0.021763539060834062,0.1789895676512603,0.24340640580562528,0.0,0.21384803921568626
QubicGames,25,6.904761904761905,11000.0,6.12,0.8734597822968234,5.5428571428571424e-05,25,551.64,150385000.0,6015400.0,17465000.0,1.0,0.012208896384238327,0.4226405072378329,0.22409978394868502,0.6736779618529731,0.5992647058823529
Queen's Court,13,,10000.0,3.076923076923077,0.06818181818181818,0.0,12,717.1538461538462,93230000.0,7171538.461538462,14790000.0,0.9230769230769231,0.0,0.3025892063371316,0.06282758118853439,0.53035563410288,0.07659313725490197
QuickBobber,37,,10000.0,1.0,0.5625,0.0,0,286.8378378378378,106130000.0,2868378.378378378,8240000.0,0.0,0.0,0.14924393652741208,0.32296448651661164,0.0,0.07659313725490197
Quiet River,26,7.884615384615385,176346.15384615384,81.26923076923077,0.8969096537841698,2.245421245421246e-05,1,219.0,954925000.0,38197000.0,74850000.0,0.038461538461538464,0.3676423606113095,0.9495318690500874,0.23393190079045095,0.14332232775009315,0.44362745098039214
Qumaron,38,6.735294117647059,10000.0,6.421052631578948,0.7960400124688094,0.0001605263157894737,3,447.44736842105266,170030000.0,4474473.684210527,5890000.0,0.07894736842105263,0.0,0.4315573246821827,0.3297316247739855,0.2866446555001863,0.8002450980392157
ROSEVERTE,21,6.3076923076923075,15952.380952380952,4.904761904761905,0.8348840891046835,2.380952380952381e-05,1,795.7142857142857,311975000.0,14855952.38095238,57715000.0,0.047619047619047616,0.05982491831919438,0.3823448900931026,0.18057882461709088,0.14332232775009315,0.45465686274509803
Rabotiagi games,11,7.0,24090.909090909092,8.181818181818182,0.8238574543343855,2.4242424242424244e-06,0,276.77777777777777,86755000.0,9639444.444444444,29925000.0,0.0,0.11263199116997501,0.4773984990050679,0.022668219139849854,0.0,0.18995098039215685
Rainbow Games,10,5.666666666666667,52000.0,2.4,0.7131448035361219,3.228571428571428e-05,0,336.2,181250000.0,18125000.0,59850000.0,0.0,0.21119712627065984,0.2634953556231367,0.0,0.0,0.5171568627450981
Randumb Studios,25,8.0,69000.0,1.0,0.933052389818256,1.1428571428571429e-07,3,219.83333333333334,360285000.0,15011875.0,149250000.0,0.12,0.24743369616769925,0.14924393652741208,0.22409978394868502,0.2866446555001863,0.15379901960784315
Ratalaika Games S.L.,56,6.964285714285714,15000.0,4.607142857142857,0.7928191600164861,1.173469387755102e-05,21,537.0545454545454,463375000.0,8425000.0,59925000.0,0.375,0.05193932803211756,0.37120934318681803,0.4285963273419123,0.6391361200254633,0.3443627450980392
Ravenage Games,16,6.625,70000.0,9.0625,0.8063161155947028,0.00032976190476190475,14,3781.6875,7204455000.0,450278437.5,5775000000.0,0.875,0.249276991741803,0.49711914713542343,0.11340914000229768,0.5599446544275608,0.9019607843137255
Ravenscourt,21,6.3,80952.38095238095,8.476190476190476,0.7292168223891973,8.031746031746032e-05,5,1145.3,1154910000.0,57745500.0,224850000.0,0.23809523809523808,0.2678993706828462,0.48419317749864915,0.18057882461709088,0.370482842750058,0.6776960784313726
Raw Fury,49,7.4,606530.612244898,10.122448979591837,0.8407022399877615,0.0010872069970845482,14,2542.1041666666665,45318380000.0,944132916.6666666,14875000000.0,0.2857142857142857,0.5258953062346519,0.5186827613924514,0.39446082152068934,0.5599446544275608,0.9730392156862745
Ready To Play,14,5.071428571428571,21785.714285714286,1.0,0.5487031250313373,0.0,5,451.14285714285717,71245000.0,5088928.571428572,48990000.0,0.35714285714285715,0.09974736963755752,0.14924393652741208,0.08080161612582903,0.370482842750058,0.07659313725490197
Rebellion,37,7.135135135135135,626621.6216216217,5.864864864864865,0.8077102325007406,0.00013826254826254826,0,1787.9444444444443,74087210000.0,2057978055.5555556,20996500000.0,0.0,0.5300700644286325,0.41478342288769376,0.32296448651661164,0.0,0.7732843137254902
Red twice potato,20,5.6875,19500.0,1.8,0.6085783916690655,1.4285714285714286e-06,0,312.0,157410000.0,7870500.0,58425000.0,0.0,0.0855484956678701,0.22169094711031065,0.168459422013835,0.0,0.17892156862745098
Reddiamondgames,26,5.529411764705882,10000.0,1.0,0.6243616651005315,0.0,9,62.46153846153846,16240000.0,624615.3846153846,990000.0,0.34615384615384615,0.0,0.14924393652741208,0.23393190079045095,0.4761064671776892,0.07659313725490197
Remix Games,11,7.3,10000.0,3.5454545454545454,0.8874236149080673,9.090909090909091e-06,1,137.1818181818182,15090000.0,1371818.1818181819,1990000.0,0.09090909090909091,0.0,0.32601212204375357,0.022668219139849854,0.14332232775009315,0.30392156862745096
Renegade Sector Games,17,6.928571428571429,15882.35294117647,0.9411764705882353,0.86925589877706,5.882352941176471e-06,2,650.25,162765000.0,10172812.5,34125000.0,0.11764705882352941,0.05926134227761178,0.14281619093106268,0.12830005996515034,0.22716051499996484,0.24754901960784315
RetroScope Games,12,5.75,10000.0,1.1666666666666667,0.6272709235209235,0.0,10,86.5,10380000.0,865000.0,990000.0,0.8333333333333334,0.0,0.16647821103439517,0.04352095933159413,0.49581379227537004,0.07659313725490197
Retroware,10,7.6,33000.0,8.0,0.8488758791630163,4.0380952380952384e-05,2,882.1,297295000.0,29729500.0,146250000.0,0.2,0.152942897893483,0.47309208571191314,0.0,0.22716051499996484,0.5514705882352942
Reverb Triple XP,11,6.2,70909.09090909091,2.3636363636363638,0.7251167346800114,1.8181818181818182e-05,0,881.0,992490000.0,90226363.63636364,524650000.0,0.0,0.2509300063821131,0.261180134529613,0.022668219139849854,0.0,0.4117647058823529
Revmatek,13,6.666666666666667,11923.076923076924,2.076923076923077,0.8023607736000649,9.780219780219781e-05,1,558.3076923076923,75080000.0,5775384.615384615,28990000.0,0.07692307692307693,0.022531054236311854,0.24199730837905678,0.06282758118853439,0.14332232775009315,0.7156862745098039
Revolution Software Ltd,10,6.7,194500.0,5.4,0.746442124988141,0.00010228571428571429,1,1321.8,2607475000.0,260747500.0,1049650000.0,0.1,0.38019480569147396,0.39968599342247607,0.0,0.14332232775009315,0.7242647058823529
RewindApp,68,5.6461538461538465,31691.176470588234,6.073529411764706,0.6321134577384875,8.34733893557423e-06,2,188.55223880597015,416855000.0,6221716.417910447,104650000.0,0.029411764705882353,0.14775859439242645,0.4212305999676587,0.47837007101303197,0.22716051499996484,0.2916666666666667
Ripknot Systems,62,4.758064516129032,24758.064516129034,1.0,0.48875349132198936,9.216589861751152e-07,0,749.0,1075965000.0,17354274.19354839,37425000.0,0.0,0.11613135692690524,0.14924393652741208,0.4546700874562264,0.0,0.17034313725490197
Ripstone,14,6.071428571428571,70714.28571428571,6.214285714285714,0.7330971205278133,0.00037911564625850344,0,1324.0,995510000.0,71107857.14285715,194850000.0,0.0,0.25057758011751174,0.4254730555930001,0.08080161612582903,0.0,0.9154411764705882
Rising Moon Games,14,7.357142857142857,18214.285714285714,6.142857142857143,0.9102221240882588,2.8571428571428574e-05,3,268.35714285714283,62955000.0,4496785.714285715,14925000.0,0.21428571428571427,0.07681089081527143,0.4233306151590978,0.08080161612582903,0.2866446555001863,0.49203431372549017
Rising Star Games,14,6.071428571428571,50714.28571428572,6.0,0.7176629394512419,9.197278911564626e-05,0,1078.642857142857,395890000.0,28277857.14285714,149925000.0,0.0,0.20798984991440206,0.4189806997974829,0.08080161612582903,0.0,0.7058823529411765
RoBot,14,5.375,20000.0,1.5,0.6599197795319418,7.1428571428571436e-06,3,125.78571428571429,24610000.0,1757857.142857143,8790000.0,0.21428571428571427,0.08879176228199298,0.19728975268717228,0.08080161612582903,0.2866446555001863,0.2653186274509804
RockGame S.A.,11,6.5,39090.90909090909,10.363636363636363,0.7621193696974483,9.35930735930736e-05,3,1164.857142857143,528935000.0,75562142.85714285,269850000.0,0.2727272727272727,0.17464164467011364,0.5233018747309258,0.022668219139849854,0.2866446555001863,0.7083333333333334
Rockin' Android,10,6.625,34500.0,3.3,0.8023052596811352,1.3999999999999998e-05,0,466.0,66895000.0,11149166.666666666,44925000.0,0.0,0.15863738553941104,0.31405948688969676,0.0,0.0,0.36887254901960786
Rockstar Games,18,6.875,2387222.222222222,7.055555555555555,0.7747554483336271,0.00024564285714285714,3,2130.3125,97317355000.0,6082334687.5,52485000000.0,0.16666666666666666,0.7014207546406227,0.4492218742634527,0.14238566189952076,0.2866446555001863,0.8602941176470589
Rocky Studio,15,6.0,10000.0,4.8,0.8500000000000001,0.0,14,147.53333333333333,22130000.0,1475333.3333333333,1890000.0,0.9333333333333333,0.0,0.3784905180736092,0.09761520293164012,0.5599446544275608,0.07659313725490197
Rogue Games,17,6.857142857142857,23529.41176470588,8.588235294117647,0.8255796114717128,0.00019999999999999998,6,952.4117647058823,504595000.0,29682058.82352941,224850000.0,0.35294117647058826,0.10961088631471264,0.4867240733695479,0.12830005996515034,0.4023566422499772,0.8284313725490197
Romantic Room,14,5.428571428571429,44285.71428571428,21.642857142857142,0.6423051159291876,4.306122448979591e-05,5,416.0,100580000.0,7184285.714285715,34650000.0,0.35714285714285715,0.19062566314557078,0.6717445865374511,0.08080161612582903,0.370482842750058,0.5612745098039216
Rubika Supinfogame,12,6.8,23750.0,1.8333333333333333,0.7747767598553144,5.555555555555555e-07,4,525.0833333333334,72985000.0,6082083.333333333,14990000.0,0.3333333333333333,0.11080625974530714,0.22423906545435243,0.04352095933159413,0.33278413942759594,0.15931372549019607
RunServer,22,5.55,37727.27272727273,4.409090909090909,0.666389385586854,2.4891774891774894e-05,0,421.8636363636364,248840000.0,11310909.090909092,59925000.0,0.0,0.17009304829001293,0.36346661519496476,0.1921594055706405,0.0,0.46568627450980393
Russpuppy,12,6.444444444444445,37916.666666666664,1.0,0.8162426081843533,1.6666666666666667e-05,2,176.66666666666666,75930000.0,6327500.0,18750000.0,0.16666666666666666,0.17073453830566454,0.14924393652741208,0.04352095933159413,0.22716051499996484,0.39215686274509803
SA Industry,118,5.473214285714286,140042.37288135593,2.8983050847457625,0.6113358258785286,9.416464891041163e-06,1,876.9491525423729,10838935000.0,91855381.3559322,1034250000.0,0.00847457627118644,0.33811301159384405,0.2929430133172048,0.6203579921104646,0.14332232775009315,0.31495098039215685
SAT-BOX,44,5.666666666666667,10000.0,2.25,0.6865417292499671,4.5454545454545455e-06,29,393.97727272727275,173350000.0,3939772.727272727,12000000.0,0.6590909090909091,0.0,0.25378031736293966,0.3670122815682204,0.7032669821776539,0.22794117647058823
SC Jogos,17,6.647058823529412,167058.82352941178,18.823529411764707,0.7705598034207051,6.879551820728292e-06,3,294.2352941176471,1046460000.0,61556470.5882353,367500000.0,0.17647058823529413,0.3607113553165185,0.643113306170749,0.12830005996515034,0.2866446555001863,0.2610294117647059
SEEP,19,7.25,25526.315789473683,4.631578947368421,0.9029417553446318,1.4035087719298246e-06,7,394.1578947368421,148515000.0,7816578.947368421,52425000.0,0.3684210526315789,0.12004602768660265,0.37214564683067486,0.1557485999176193,0.4299669832502795,0.17769607843137256
SEGA,222,7.283333333333333,702004.5045045045,6.018018018018018,0.8549780403423329,0.0010368302016302016,19,2057.0049751243782,455337075000.0,2265358582.0895524,44992500000.0,0.08558558558558559,0.5446227955517341,0.41953420521055573,0.7839772393464671,0.6194287949277822,0.9718137254901961
SIG Publishing,14,4.5,32500.0,7.071428571428571,0.4313230489816256,7.619047619047619e-06,2,813.3571428571429,481080000.0,34362857.14285714,299850000.0,0.14285714285714285,0.15098706198291412,0.44964571984738844,0.08080161612582903,0.22716051499996484,0.27144607843137253
SMU Guildhall,16,7.5,85000.0,2.5625,0.866636698647873,1.6666666666666668e-07,0,0.0,0.0,0.0,0.0,0.0,0.274149738635398,0.27354772093573015,0.11340914000229768,0.0,0.1568627450980392
SNEG,47,6.972222222222222,31382.978723404256,1.7659574468085106,0.8296474418843509,0.00032074974670719353,30,384.02127659574467,543985000.0,11574148.936170213,123550000.0,0.6382978723404256,0.14650667536607823,0.21905711014411217,0.3838258683740316,0.7100469473355701,0.8982843137254902
SNK CORPORATION,30,7.107142857142857,208833.33333333334,6.1,0.817442377428203,0.00020823174603174603,3,1674.8666666666666,5328485000.0,177616166.66666666,1048500000.0,0.1,0.3893038410772117,0.4220348430209956,0.26992285111526687,0.2866446555001863,0.8357843137254902
SOEDESCO,22,5.818181818181818,62727.27272727273,14.545454545454545,0.6669860354570211,0.00017936796536796538,3,1414.2727272727273,1917270000.0,87148636.36363636,1124250000.0,0.13636363636363635,0.2352238209322178,0.5907703169885078,0.1921594055706405,0.2866446555001863,0.8161764705882353
SOFTSTAR ENTERTAINMENT,27,6.884615384615385,95185.18518518518,2.2222222222222223,0.7786794242874756,0.000753679012345679,4,786.2592592592592,2460820000.0,91141481.48148148,608250000.0,0.14814814814814814,0.28864802759519986,0.2519321215762804,0.24340640580562528,0.33278413942759594,0.9534313725490197
SP GAMES,10,5.333333333333333,71000.0,1.0,0.6287403993855607,2.9999999999999997e-05,5,154.2,110850000.0,11085000.0,54250000.0,0.5,0.25109414076719505,0.14924393652741208,0.0,0.370482842750058,0.4993872549019608
SQUARE ENIX,16,7.125,10000.0,1.75,0.6883837146408304,0.000175,0,0.0,0.0,0.0,0.0,0.0,0.0,0.21781131985800306,0.11340914000229768,0.0,0.8112745098039216
STuNT,46,5.380952380952381,17173.91304347826,1.6304347826086956,0.6352061132687578,8.695652173913044e-06,44,101.17391304347827,79210000.0,1721956.5217391304,14850000.0,0.9565217391304348,0.06927664783116126,0.2082402558506535,0.37834103053042084,0.7871051694275256,0.2935049019607843
SVGames,15,6.181818181818182,11666.666666666666,1.5333333333333334,0.7218641409570613,3.3333333333333335e-05,4,686.3333333333334,117175000.0,7811666.666666667,19915000.0,0.26666666666666666,0.0197462094677073,0.2001416286462931,0.09761520293164012,0.33278413942759594,0.5220588235294118
Sabrina Aridi,14,4.5,17142.85714285714,1.3571428571428572,0.45614088376651407,2.040816326530612e-06,0,785.9285714285714,164330000.0,11737857.142857144,34125000.0,0.0,0.06904479037474598,0.18462059944388873,0.08080161612582903,0.0,0.18566176470588236
Sacada,24,6.9375,17916.666666666668,5.75,0.8660237866238089,8.682539682539683e-05,0,818.2608695652174,413035000.0,17958043.47826087,149850000.0,0.0,0.07470043806958875,0.4111502555130455,0.2138819969035985,0.0,0.6924019607843137
Saikey Studios,14,6.0,11785.714285714286,3.7857142857142856,0.734041082688803,0.000263265306122449,13,970.3571428571429,174850000.0,12489285.714285715,54600000.0,0.9285714285714286,0.021046705422109874,0.33710239378540524,0.08080161612582903,0.5456789700000703,0.8737745098039216
SakuraGame,27,7.208333333333333,162592.59259259258,3.111111111111111,0.8168566297011823,4.29700176366843e-05,1,131.8,537855000.0,21514200.0,139650000.0,0.037037037037037035,0.3572398430337429,0.3043872417305271,0.24340640580562528,0.14332232775009315,0.5588235294117647
Sapphire Dragon Productions,16,6.066666666666666,32500.0,1.0625,0.6880217842010616,6.25e-06,0,453.8,155690000.0,10379333.333333334,34125000.0,0.0,0.15098706198291412,0.15586948965913544,0.11340914000229768,0.0,0.25183823529411764
Satur Entertainment,11,6.0,21363.636363636364,7.545454545454546,0.7178649531245934,2.3376623376623376e-05,2,484.6363636363636,100185000.0,9107727.272727273,27265000.0,0.18181818181818182,0.09724114133748121,0.461933449630233,0.022668219139849854,0.22716051499996484,0.4497549019607843
Saturn VR,10,7.0,19000.0,1.0,0.6206867397589048,0.0,1,283.2857142857143,57240000.0,8177142.857142857,37425000.0,0.1,0.0822209833862259,0.14924393652741208,0.0,0.14332232775009315,0.07659313725490197
Schell Games,11,7.666666666666667,102272.72727272728,3.1818181818181817,0.8894795394664757,6.216450216450217e-05,2,972.8181818181819,1912410000.0,173855454.54545453,804650000.0,0.18181818181818182,0.29784853669690897,0.3080589370621737,0.022668219139849854,0.22716051499996484,0.6286764705882353
Schwan OG,10,,10000.0,1.0,0.9523809523809524,1e-05,10,179.0,17900000.0,1790000.0,4990000.0,1.0,0.0,0.14924393652741208,0.0,0.49581379227537004,0.3247549019607843
Screen 7,15,6.166666666666667,74000.0,3.2666666666666666,0.7504634807546441,1.720634920634921e-05,0,247.8,603195000.0,40213000.0,341250000.0,0.0,0.25639587284732035,0.31238388709393156,0.09761520293164012,0.0,0.4019607843137255
Secret Mode,14,7.285714285714286,185714.2857142857,8.428571428571429,0.8439111340219873,0.00025416326530612246,6,1899.0,4765400000.0,340385714.28571427,1499250000.0,0.42857142857142855,0.37427329917882673,0.4831084724987129,0.08080161612582903,0.4023566422499772,0.8713235294117647
Sedoc LLC,10,6.1,33000.0,3.4,0.7272737337380767,2.5714285714285714e-05,0,422.3,100655000.0,10065500.0,43715000.0,0.0,0.152942897893483,0.31900944022565497,0.0,0.0,0.4742647058823529
SeedWall,26,5.913043478260869,44230.769230769234,1.8846153846153846,0.6262693023412483,8.717948717948719e-06,2,152.1153846153846,173375000.0,6668269.230769231,69650000.0,0.07692307692307693,0.19046662429087616,0.22810129433994938,0.23393190079045095,0.22716051499996484,0.29534313725490197
Seito Games,17,6.375,10000.0,6.0,0.7112381366593556,5.882352941176471e-05,4,89.58823529411765,15230000.0,895882.3529411765,1590000.0,0.23529411764705882,0.0,0.4189806997974829,0.12830005996515034,0.33278413942759594,0.6127450980392157
Sekai Project,186,7.493421052631579,56908.602150537634,2.0698924731182795,0.8792122739657094,0.00012068305171530978,23,1237.3405405405406,11192470000.0,60499837.83783784,1539650000.0,0.12365591397849462,0.2227526738939487,0.2415047657056971,0.738109235539021,0.6571274982502443,0.7536764705882353
Self,12,7.25,15416.666666666666,1.1666666666666667,0.7749255288872023,1.6666666666666667e-05,1,329.4166666666667,39530000.0,3294166.6666666665,16790000.0,0.08333333333333333,0.05544914351444149,0.16647821103439517,0.04352095933159413,0.14332232775009315,0.39215686274509803
Self Published,10,6.6,89000.0,1.4,0.7266473206388696,3.3904761904761903e-06,1,320.3,46980000.0,4698000.0,13965000.0,0.1,0.2800407628492212,0.18850022669619634,0.0,0.14332232775009315,0.20833333333333334
Senpai Studios,21,5.761904761904762,327380.95238095237,1.7142857142857142,0.6883748869251965,1.7378684807256236e-05,0,79.47619047619048,552425000.0,26305952.38095238,174650000.0,0.0,0.44689974203817695,0.21499672439193893,0.18057882461709088,0.0,0.40441176470588236
Serenity Forge,17,7.125,189411.76470588235,6.294117647058823,0.7500353431442559,5.964145658263305e-05,4,1310.8823529411766,4978300000.0,292841176.4705882,1499250000.0,0.23529411764705882,0.3767988073425147,0.42784258790882096,0.12830005996515034,0.33278413942759594,0.6151960784313726
Seven Sails Games,33,5.333333333333333,11515.151515151516,1.9696969696969697,0.6617665635863853,6.060606060606061e-06,26,608.7272727272727,218105000.0,6609242.424242424,15750000.0,0.7878787878787878,0.018071706882951975,0.2343601003535942,0.29398796461938853,0.6814815449998944,0.25
Shady Corner Games,21,6.666666666666667,10000.0,1.1904761904761905,0.7762446259636264,0.0001523809523809524,15,1056.4761904761904,221860000.0,10564761.904761905,20990000.0,0.7142857142857143,0.0,0.16883138732156142,0.18057882461709088,0.5732893110003726,0.7904411764705882
Shiravune,70,7.3478260869565215,15642.857142857143,2.9571428571428573,0.8838552582956848,0.00011876190476190477,38,1873.8428571428572,2076410000.0,29663000.0,146250000.0,0.5428571428571428,0.05731495503779903,0.2961684952901527,0.4858140109957724,0.7575161491028448,0.7524509803921569
Shoho Games,11,4.6,28636.363636363636,2.3636363636363638,0.4854079131652661,0.0,0,139.0,46805000.0,5200555.555555556,29850000.0,0.0,0.13477381094428456,0.261180134529613,0.022668219139849854,0.0,0.07659313725490197
Siberian Mouse,14,7.333333333333333,20000.0,3.0,0.8246347641783057,2.8571428571428574e-05,1,427.7142857142857,129740000.0,9267142.857142856,37425000.0,0.07142857142857142,0.08879176228199298,0.29848787305482416,0.08080161612582903,0.14332232775009315,0.49203431372549017
Sigma Team Inc.,18,6.5,166388.88888888888,1.7222222222222223,0.7554938805230158,0.00010916402116402117,0,721.5555555555555,1892825000.0,105156944.44444445,374250000.0,0.0,0.3601965877113499,0.21562537735564072,0.14238566189952076,0.0,0.7401960784313726
Sigyaad Team,15,7.666666666666667,31000.0,2.2666666666666666,0.887025170586716,5.9492063492063494e-05,3,361.6666666666667,185635000.0,12375666.666666666,116850000.0,0.2,0.1449337482171678,0.254881667524425,0.09761520293164012,0.2866446555001863,0.6139705882352942
SilentFuture,12,5.777777777777778,44583.333333333336,6.083333333333333,0.7475953890953724,8.333333333333334e-06,1,1036.1666666666667,342175000.0,28514583.333333332,139650000.0,0.08333333333333333,0.19148370916964164,0.4215288181415247,0.04352095933159413,0.14332232775009315,0.2861519607843137
Silesia Games,14,6.0,10000.0,4.214285714285714,0.565866193991194,7.1428571428571436e-06,7,606.1428571428571,84860000.0,6061428.571428572,11990000.0,0.5,0.0,0.35556914725641076,0.08080161612582903,0.4299669832502795,0.2653186274509804
Silver Cow Studio,11,5.5,10000.0,1.1818181818181819,0.6163294656559405,0.0,0,865.3636363636364,95190000.0,8653636.363636363,15990000.0,0.0,0.0,0.16797865952536556,0.022668219139849854,0.0,0.07659313725490197
SimBin,10,6.666666666666667,99500.0,3.0,0.8446230594886751,7.16e-05,0,642.0,759155000.0,75915500.0,584250000.0,0.0,0.29432745371067737,0.29848787305482416,0.0,0.0,0.6507352941176471
Sinned Games,14,5.5,42857.142857142855,1.0,0.7214050130879046,2.857142857142857e-06,2,226.85714285714286,134650000.0,9617857.142857144,44175000.0,0.14285714285714285,0.18642509879716332,0.14924393652741208,0.08080161612582903,0.22716051499996484,0.19975490196078433
Sinnera,24,4.75,10000.0,1.0,0.490089251026751,0.0,0,199.0,47760000.0,1990000.0,1990000.0,0.0,0.0,0.14924393652741208,0.2138819969035985,0.0,0.07659313725490197
Skybound Games,15,7.533333333333333,570333.3333333334,6.533333333333333,0.8639381234552108,0.00010042539682539682,6,1829.4,15423560000.0,1028237333.3333334,5176500000.0,0.4,0.5180122527939206,0.4347906241017425,0.09761520293164012,0.4023566422499772,0.7218137254901961
Slippy Floor,30,5.571428571428571,10833.333333333334,9.1,0.6577863090734172,6.666666666666667e-06,12,259.0,87585000.0,3020172.4137931033,17465000.0,0.4,0.010253179907729674,0.4979200661758987,0.26992285111526687,0.53035563410288,0.25796568627450983
Slitherine Ltd.,121,6.694915254237288,56942.14876033058,3.0991735537190084,0.7615521431866974,0.0006874254230617867,13,266121.9649122807,10516473565000.0,92249768114.0351,10499965000000.0,0.10743801652892562,0.22282816810622597,0.3037611199757118,0.6268443066101684,0.5456789700000703,0.9473039215686274
Snapbreak,10,6.6,29000.0,14.6,0.8007727969160486,0.0002287619047619048,5,477.9,231975000.0,23197500.0,168600000.0,0.5,0.13639028955527038,0.591524480586548,0.0,0.370482842750058,0.8517156862745098
Snkl Studio,43,6.4186046511627906,15348.837209302326,18.25581395348837,0.76570875048657,4.651162790697674e-06,0,94.37209302325581,62100000.0,1444186.046511628,7425000.0,0.0,0.054884290671247796,0.636857039582633,0.36115764923418164,0.0,0.23039215686274508
Sokpop Collective,105,6.333333333333333,21619.04761904762,1.3333333333333333,0.7173981201474006,7.94938775510204e-05,6,361.95238095238096,709630000.0,6758380.952380952,126750000.0,0.05714285714285714,0.09876358048076395,0.18243465694152639,0.5902198722655828,0.4023566422499772,0.6752450980392157
Soldak Entertainment,12,7.0,25000.0,1.0,0.9004398623781945,0.00020214285714285714,1,975.0,341250000.0,28437500.0,73125000.0,0.08333333333333333,0.11737710606046528,0.14924393652741208,0.04352095933159413,0.14332232775009315,0.8308823529411765
Sometimes You,49,5.413043478260869,240000.0,2.2653061224489797,0.5843032610552734,3.972789115646258e-06,1,285.4166666666667,2452945000.0,51103020.833333336,377650000.0,0.02040816326530612,0.4071239904650528,0.2547919722566789,0.39446082152068934,0.14332232775009315,0.21568627450980393
Soomka Games,11,,10000.0,0.9090909090909091,0.6964285714285714,0.0,7,296.0,29600000.0,2960000.0,3990000.0,0.6363636363636364,0.0,0.13922754974061227,0.022668219139849854,0.4299669832502795,0.07659313725490197
Sounding Stone / 老奉毊,10,7.333333333333333,21500.0,3.3,0.8968464686241054,5e-05,2,512.1,112345000.0,11234500.0,37765000.0,0.2,0.09805621957984004,0.31405948688969676,0.0,0.22716051499996484,0.5845588235294118
Source Byte Sp. z o.o.,10,5.875,34000.0,4.5,0.7318867733850756,0.0,1,419.0,116160000.0,11616000.0,44850000.0,0.1,0.1567672072872074,0.36705525638541514,0.0,0.14332232775009315,0.07659313725490197
Spiderweb Software,20,7.894736842105263,92000.0,0.95,0.8771582876021433,5.995238095238095e-05,1,1378.15,2419190000.0,120959500.0,349650000.0,0.05,0.28428780128164194,0.14379267100431184,0.168459422013835,0.14332232775009315,0.616421568627451
Spike Chunsoft Co.,52,7.490196078431373,185480.76923076922,3.326923076923077,0.8543157689808086,0.0008125366300366301,14,2417.76,28158855000.0,563177100.0,10200000000.0,0.2692307692307692,0.37411211529570576,0.31540340066849387,0.409641047648492,0.5599446544275608,0.9595588235294118
Sprovieri Games,12,6.666666666666667,14166.666666666666,1.9166666666666667,0.8295565959661544,0.0,0,132.33333333333334,23330000.0,1944166.6666666667,6965000.0,0.0,0.04461734169328633,0.2304804731012866,0.04352095933159413,0.0,0.07659313725490197
Square Enix,161,6.760273972602739,633105.5900621118,6.875776397515528,0.7717184926346778,0.001448977639751553,22,4498.2774193548385,214834740000.0,1386030580.6451614,77000000000.0,0.13664596273291926,0.5313888557002893,0.4443622026720985,0.7007213908499331,0.6483274292638558,0.9865196078431373
Stardock,10,5.111111111111111,10000.0,8.7,0.6080964965119234,4e-05,5,1596.9,159690000.0,15969000.0,38990000.0,0.5,0.0,0.48921934756383106,0.0,0.370482842750058,0.5477941176470589
Stardock Entertainment,21,6.095238095238095,435476.1904761905,3.6666666666666665,0.731150679643577,0.0005134875283446713,3,2096.5263157894738,21737155000.0,1144060789.4736843,6825000000.0,0.14285714285714285,0.4834510534291302,0.33167859346893847,0.18057882461709088,0.2866446555001863,0.9399509803921569
Starship Studio,19,6.235294117647059,16052.631578947368,3.1578947368421053,0.7359626194059429,8.491228070175439e-05,1,544.3684210526316,168865000.0,8887631.578947369,42675000.0,0.05263157894736842,0.06062743101694597,0.30682362967424387,0.1557485999176193,0.14332232775009315,0.6875
Stegalosaurus Game Development,44,6.0,25000.0,1.0,0.7256642682364414,6.493506493506493e-07,7,677.2045454545455,561385000.0,12758750.0,83650000.0,0.1590909090909091,0.11737710606046528,0.14924393652741208,0.3670122815682204,0.4299669832502795,0.16299019607843138
Strategy First,161,5.656716417910448,57267.08074534161,1.7888198757763976,0.5820114318386921,4.345341614906833e-05,13,595.6603773584906,3494690000.0,21979182.389937107,292500000.0,0.08074534161490683,0.22355711076311074,0.22082950058045317,0.7007213908499331,0.5456789700000703,0.5649509803921569
Studio Goya,10,7.6,19000.0,3.6,0.9058726197041626,0.000278,0,455.0,87910000.0,8791000.0,37425000.0,0.0,0.0822209833862259,0.32858050423300444,0.0,0.0,0.8786764705882353
Studio Inward,12,6.125,10000.0,3.0,0.7727320491158967,0.0,0,232.33333333333334,27880000.0,2323333.3333333335,2990000.0,0.0,0.0,0.29848787305482416,0.04352095933159413,0.0,0.07659313725490197
Studio Six,11,5.333333333333333,10000.0,2.5454545454545454,0.5855894650012297,0.0,4,483.72727272727275,53210000.0,4837272.7272727275,9750000.0,0.36363636363636365,0.0,0.27251504036089313,0.022668219139849854,0.33278413942759594,0.07659313725490197
Studio2760,14,6.285714285714286,11785.714285714286,2.2857142857142856,0.7873453728406974,7.1428571428571436e-06,3,938.0,153795000.0,10985357.142857144,31465000.0,0.21428571428571427,0.021046705422109874,0.2561334936501059,0.08080161612582903,0.2866446555001863,0.2653186274509804
Sunlight Games,10,4.5,90000.0,2.0,0.5419052051149132,6.666666666666667e-07,0,628.6,426960000.0,42696000.0,116850000.0,0.0,0.28147214359651435,0.23654604285595657,0.0,0.0,0.16544117647058823
SunshineOvercast,12,4.6,10000.0,1.0,0.3505568410939255,0.0,0,116.0,13920000.0,1160000.0,2990000.0,0.0,0.0,0.14924393652741208,0.04352095933159413,0.0,0.07659313725490197
SupaGames,13,,10000.0,9.23076923076923,,0.0,0,,0.0,,,0.0,0.0,0.500689933569141,0.06282758118853439,0.0,0.07659313725490197
Super PowerUp Games,25,7.0,20000.0,3.16,0.80622009569378,0.0,25,492.2,197800000.0,7912000.0,10465000.0,1.0,0.08879176228199298,0.30693262157083134,0.22409978394868502,0.6736779618529731,0.07659313725490197
T-Bull,11,5.666666666666667,59545.454545454544,5.363636363636363,0.6738941550056303,1.896103896103896e-05,0,261.1666666666667,15670000.0,2611666.6666666665,11590000.0,0.0,0.22855505847953167,0.39845913262665217,0.022668219139849854,0.0,0.4215686274509804
T-Time Technology CO.,13,6.923076923076923,27692.30769230769,1.7692307692307692,0.7815924443899344,0.0004846886446886447,13,763.4615384615385,283320000.0,21793846.153846152,58425000.0,1.0,0.13047941577257804,0.21931176834897345,0.06282758118853439,0.5456789700000703,0.9313725490196079
TALESSHOP Co.,14,7.571428571428571,65000.0,2.7857142857142856,0.8925446868206978,1.2448979591836735e-05,3,973.8571428571429,785035000.0,56073928.571428575,437150000.0,0.21428571428571427,0.2397832583610936,0.2866327604300004,0.08080161612582903,0.2866446555001863,0.35661764705882354
TERNOX,10,7.166666666666667,44500.0,3.2,0.7049633743372713,2.6000000000000002e-05,1,387.5,226795000.0,28349375.0,146250000.0,0.1,0.19124403501288353,0.3089930534388552,0.0,0.14332232775009315,0.47794117647058826
THQ,10,7.666666666666667,33000.0,4.6,0.7209746646962436,7.142857142857143e-05,0,585.0,507000000.0,50700000.0,292500000.0,0.0,0.152942897893483,0.37093488363772276,0.0,0.0,0.6488970588235294
THQ Nordic,145,6.562043795620438,371034.4827586207,7.075862068965518,0.756968890089457,0.00021768407224958947,11,2434.8591549295775,192218980000.0,1353654788.7323945,71850000000.0,0.07586206896551724,0.4629351253903937,0.4497639553904308,0.673629972508924,0.5138051705001512,0.8394607843137255
Tamashii,19,5.0,18684.21052631579,1.105263157894737,0.7050908967575634,0.0,2,167.42105263157896,60045000.0,3160263.1578947366,11925000.0,0.10526315789473684,0.08007397430530704,0.16028807460739872,0.1557485999176193,0.22716051499996484,0.07659313725490197
Tate Multimedia,10,6.4,139500.0,8.6,0.7372926146405848,0.0001049904761904762,4,1249.0,807105000.0,80710500.0,349650000.0,0.4,0.3376158972507152,0.48698809975102053,0.0,0.33278413942759594,0.7279411764705882
Team Syukino,16,6.090909090909091,14687.5,1.0,0.720029311859358,0.0,2,672.5625,107610000.0,6725625.0,24500000.0,0.125,0.049242385366992894,0.14924393652741208,0.11340914000229768,0.22716051499996484,0.07659313725490197
Team17,45,6.7555555555555555,614555.5555555555,9.933333333333334,0.7921521105827637,0.00043645714285714285,19,1915.2222222222222,48731315000.0,1082918111.1111112,8046500000.0,0.4222222222222222,0.5275791808098126,0.5149902923038139,0.3727382301877314,0.6194287949277822,0.9252450980392157
Team17 Digital Ltd,45,6.594594594594595,281777.77777777775,6.222222222222222,0.7595902980874515,0.00034837883597883595,2,964.6666666666666,16651055000.0,370023444.4444444,2548500000.0,0.044444444444444446,0.42768276785387616,0.42570979392043506,0.3727382301877314,0.22716051499996484,0.9044117647058824
Tegridy Made Games,20,6.1,29750.0,1.0,0.6238038457605387,0.0,5,54.7,37015000.0,1850750.0,14550000.0,0.25,0.13966121569378614,0.14924393652741208,0.168459422013835,0.370482842750058,0.07659313725490197
Telltale,17,7.294117647058823,326176.4705882353,2.6470588235294117,0.8241325305700246,7.37983193277311e-05,1,1140.4,6443625000.0,429575000.0,2248500000.0,0.058823529411764705,0.4464275439903274,0.27859865138140893,0.12830005996515034,0.14332232775009315,0.6605392156862745
Telltale Games,14,7.285714285714286,299642.85714285716,3.2857142857142856,0.849580707870848,4.889115646258503e-05,0,0.0,0.0,0.0,0.0,0.0,0.4355579078447189,0.31334296880047,0.08080161612582903,0.0,0.5796568627450981
Tensei Games,22,6.5,10000.0,1.3181818181818181,0.8527595473451087,9.090909090909091e-06,12,1361.2727272727273,299480000.0,13612727.272727273,15790000.0,0.5454545454545454,0.0,0.18103195825343835,0.1921594055706405,0.53035563410288,0.30392156862745096
Tero Lunkka,96,5.4945054945054945,14843.75,1.125,0.6177330707287664,2.0833333333333334e-06,18,135.72916666666666,197335000.0,2055572.9166666667,28665000.0,0.1875,0.05059795357004514,0.16229723525548487,0.5671044080806718,0.6088228593403998,0.1875
Thalamus Digital,12,6.7,21666.666666666668,2.25,0.8580146713387297,0.0,1,636.3333333333334,158120000.0,13176666.666666666,37425000.0,0.08333333333333333,0.0990454348443394,0.25378031736293966,0.04352095933159413,0.14332232775009315,0.07659313725490197
The Quantum Astrophysicists Guild,11,6.7272727272727275,66363.63636363637,15.545454545454545,0.833266030152899,2.2510822510822512e-05,1,1239.090909090909,902430000.0,82039090.9090909,349650000.0,0.09090909090909091,0.242443009089129,0.6041936338298316,0.022668219139849854,0.14332232775009315,0.44607843137254904
The Revills Games,10,7.4,16500.0,1.5,0.8144454866568642,4e-05,2,560.2,71555000.0,7155500.0,17925000.0,0.2,0.06414861256271082,0.19728975268717228,0.0,0.22716051499996484,0.5477941176470589
Thermite Games,10,6.75,265000.0,5.7,0.7985391067946082,0.00010977142857142857,6,1096.25,1629905000.0,203738125.0,1236750000.0,0.6,0.4198183444009651,0.4095494043683039,0.0,0.4023566422499772,0.7426470588235294
Thunderful Publishing,21,7.333333333333333,98809.52380952382,10.333333333333334,0.8450350231429091,0.0005333424036281178,8,1050.5714285714287,3756305000.0,178871666.66666666,1874250000.0,0.38095238095238093,0.2934353588290445,0.5227269385091766,0.18057882461709088,0.4543210299999297,0.9424019607843137
TigerQiuQiu,25,5.666666666666667,16600.0,1.04,0.5355631141345427,0.0,0,35.88,8970000.0,358800.0,2990000.0,0.0,0.06492263869544729,0.15350770926450893,0.22409978394868502,0.0,0.07659313725490197
Tim Rachor,10,6.2,24000.0,1.0,0.7762947432684275,0.0,2,269.4,96800000.0,9680000.0,74850000.0,0.2,0.1121476679165179,0.14924393652741208,0.0,0.22716051499996484,0.07659313725490197
Tin Man Games,15,6.714285714285714,32000.0,1.4666666666666666,0.8010210599171869,8e-06,1,769.2666666666667,413340000.0,27556000.0,292500000.0,0.06666666666666667,0.14900090276972291,0.19439959537189927,0.09761520293164012,0.14332232775009315,0.27941176470588236
TinyHat Studios,19,7.166666666666667,10000.0,1.4736842105263157,0.7996224419738187,0.0009473684210526315,4,1124.611111111111,202430000.0,11246111.111111112,16790000.0,0.21052631578947367,0.0,0.19501128182622615,0.1557485999176193,0.33278413942759594,0.9632352941176471
Toge Productions,25,7.888888888888889,58200.0,6.48,0.8810294191121659,6.342857142857143e-05,2,2045.76,4240995000.0,169639800.0,2887500000.0,0.08,0.22562723464233478,0.4332608593213796,0.22409978394868502,0.22716051499996484,0.6323529411764706
Tonguç Bodur,25,6.0,24800.0,1.28,0.7156209345273917,5.142857142857143e-06,4,313.04,150890000.0,6035600.0,27265000.0,0.16,0.11634815650657501,0.17745608861620973,0.22409978394868502,0.33278413942759594,0.23651960784313725
Top Hat Studios,14,7.384615384615385,27142.85714285714,3.2857142857142856,0.8507231410289828,0.00018061224489795917,6,1176.9285714285713,435280000.0,31091428.57142857,149850000.0,0.42857142857142855,0.1279121153639398,0.31334296880047,0.08080161612582903,0.4023566422499772,0.8174019607843137
Top Hat Studios Inc,14,6.5,13571.42857142857,2.4285714285714284,0.86572153065929,3.775510204081633e-05,0,91.0,25480000.0,3185000.0,13965000.0,0.0,0.039118667661034175,0.26529715264070985,0.08080161612582903,0.0,0.5343137254901961
Toplitz Productions,19,5.588235294117647,142631.57894736843,8.68421052631579,0.6296409481339552,0.00037017042606516293,4,1311.8333333333333,5631560000.0,312864444.4444444,3673500000.0,0.21052631578947367,0.3404599324016489,0.4888685788404032,0.1557485999176193,0.33278413942759594,0.9093137254901961
Topware Interactive,20,5.526315789473684,663000.0,6.45,0.685957109620422,1.712857142857143e-05,0,1037.95,14521550000.0,726077500.0,3412500000.0,0.0,0.5372994955674819,0.4323955661791377,0.168459422013835,0.0,0.4007352941176471
Towndarktales,10,6.6,10000.0,7.1,0.7886697520441818,5e-05,4,656.4,65640000.0,6564000.0,8790000.0,0.4,0.0,0.4504065456818298,0.0,0.33278413942759594,0.5845588235294118
Tranquility games,16,6.125,46875.0,6.6875,0.7314504797146425,1.6785714285714285e-05,2,195.25,134200000.0,8387500.0,14925000.0,0.125,0.19790493754491048,0.43915244806583886,0.11340914000229768,0.22716051499996484,0.39705882352941174
Triority Interactive Novels,16,6.2,10000.0,1.1875,0.7121557265849021,0.0,1,215.86666666666667,32380000.0,2158666.6666666665,9750000.0,0.0625,0.0,0.168538642902419,0.11340914000229768,0.14332232775009315,0.07659313725490197
Tripwire Interactive,15,7.461538461538462,1238000.0,5.2,0.8410021851568654,0.00026416507936507936,0,1000.2666666666667,35010400000.0,2334026666.6666665,9796500000.0,0.0,0.6173003865008111,0.3928500704771336,0.09761520293164012,0.0,0.875
Twin Sails Interactive,25,6.56,139000.0,5.28,0.7361155290895635,0.0007968990476190477,7,1433.4,6510625000.0,260425000.0,2624250000.0,0.28,0.3371559048156537,0.39561053760995646,0.22409978394868502,0.4299669832502795,0.9571078431372549
UPCELL TELEKOMUNIKASYON LIMITED SIRKETI,16,5.0,10000.0,26.0,0.6158730158730159,6.25e-06,16,99.0,15840000.0,990000.0,990000.0,1.0,0.0,0.7096381285678697,0.11340914000229768,0.5858246890000082,0.25183823529411764
USERJOY Technology Co.,16,6.875,198437.5,2.1875,0.7842279740489255,0.0004152380952380952,1,635.8125,2839075000.0,177442187.5,1874250000.0,0.0625,0.3827623500311974,0.24959934158402933,0.11340914000229768,0.14332232775009315,0.9215686274509803
Ubisoft,151,6.647887323943662,1208079.4701986755,9.927152317880795,0.7704864417519244,0.0009739134657836645,20,1763.8275862068965,348368750000.0,2402543103.448276,69965000000.0,0.13245033112582782,0.6141661731241521,0.5148685332498137,0.6841221357507934,0.6295171572499421,0.9681372549019608
Uintani,10,5.4,10000.0,1.1,0.592998933433716,0.0,0,64.0,6400000.0,640000.0,990000.0,0.0,0.0,0.15974911691144308,0.0,0.0,0.07659313725490197
Ultimate Games S.A.,42,6.043478260869565,68928.57142857143,6.4523809523809526,0.7311551778952113,2.3759637188208617e-05,0,947.7083333333334,2874490000.0,119770416.66666667,1499250000.0,0.0,0.24730101172504748,0.43246436742181,0.3551684159285284,0.0,0.4522058823529412
United Independent Entertainment,62,4.140350877192983,36129.032258064515,5.225806451612903,0.3574068038827537,8.218125960061444e-06,0,349.9193548387097,773925000.0,12482661.290322581,146250000.0,0.0,0.16454782390185985,0.39374441646542263,0.4546700874562264,0.0,0.2806372549019608
Untold Tales,36,6.944444444444445,69722.22222222222,8.194444444444445,0.8197415612696467,0.00024465608465608466,14,1077.4285714285713,2647725000.0,75649285.71428572,874650000.0,0.3888888888888889,0.24876761993048005,0.47769438126560676,0.3160168701261005,0.5599446544275608,0.8590686274509803
Uzura Studio,10,6.0,10000.0,1.5,0.7166409380940273,0.0,3,707.5,70750000.0,7075000.0,11790000.0,0.3,0.0,0.19728975268717228,0.0,0.2866446555001863,0.07659313725490197
VRKiwi,12,6.444444444444445,21666.666666666668,3.4166666666666665,0.8608299183302913,1.3095238095238096e-05,6,1602.9166666666667,433450000.0,36120833.333333336,149250000.0,0.5,0.0990454348443394,0.3198234808441147,0.04352095933159413,0.4023566422499772,0.36090686274509803
Vaka Game Magazine,17,7.5,26470.58823529412,3.235294117647059,0.8869634023028325,8.268907563025211e-05,5,796.1764705882352,360145000.0,21185000.0,93675000.0,0.29411764705882354,0.12469931007690946,0.31079485045642824,0.12830005996515034,0.370482842750058,0.6838235294117647
Valkeala Software,16,5.6923076923076925,13125.0,1.0,0.6687566684906081,0.0,13,150.25,29490000.0,1843125.0,9750000.0,0.8125,0.034834018179393696,0.14924393652741208,0.11340914000229768,0.5456789700000703,0.07659313725490197
Valkyria Games,17,6.0,27941.176470588234,1.0,0.7123546461400235,1.680672268907563e-06,7,727.1176470588235,336255000.0,19779705.88235294,51675000.0,0.4117647058823529,0.13162553547274475,0.14924393652741208,0.12830005996515034,0.4299669832502795,0.18137254901960784
Valkyrie Initiative,14,6.214285714285714,114285.71428571429,3.7142857142857144,0.7140264714824907,0.00013353741496598638,5,674.0,460365000.0,32883214.285714287,93675000.0,0.35714285714285715,0.31207596708093754,0.33386453597130084,0.08080161612582903,0.370482842750058,0.7659313725490197
Valve,36,8.083333333333334,24552222.222222224,13.75,0.89060723673015,0.0005105810317460318,0,2925.342857142857,643012000000.0,18371771428.57143,170985000000.0,0.0,1.0,0.5794609328175563,0.3160168701261005,0.0,0.9387254901960784
Versus Evil,25,6.44,162200.0,8.4,0.7428061829766693,9.022095238095238e-05,5,1783.88,9651985000.0,386079400.0,5998500000.0,0.2,0.3569301424248429,0.48245501680106373,0.22409978394868502,0.370482842750058,0.6997549019607843
Vertigo Games,19,6.722222222222222,99736.84210526316,7.7368421052631575,0.8011634370254144,0.0016963208020050126,6,1967.421052631579,3427105000.0,180373947.36842105,1499250000.0,0.3157894736842105,0.2946320282844057,0.4667024925896798,0.1557485999176193,0.4023566422499772,0.9889705882352942
Vertigo Gaming Inc.,11,6.25,133636.36363636365,1.4545454545454546,0.7132314088159606,2.2043290043290043e-05,1,1033.5454545454545,1688030000.0,153457272.72727272,749250000.0,0.09090909090909091,0.33211466991138255,0.19333893565504245,0.022668219139849854,0.14332232775009315,0.4424019607843137
Vidas Salavejus,23,6.5,36956.52173913043,1.8695652173913044,0.8052924470668069,0.0,10,561.0,418660000.0,18202608.695652176,174650000.0,0.43478260869565216,0.16744881334665992,0.226974978848607,0.20324704375694072,0.49581379227537004,0.07659313725490197
Vitok,17,5.75,11470.588235294117,1.0,0.6157069876699033,1.1764705882352942e-05,0,499.0,97305000.0,5723823.529411765,17465000.0,0.0,0.017575011690435162,0.14924393652741208,0.12830005996515034,0.0,0.34620098039215685
Viva Media,29,5.62962962962963,45172.41379310345,3.310344827586207,0.6142412246881801,5.290640394088669e-05,0,1392.6,1557295000.0,62291800.0,299850000.0,0.0,0.193165288831234,0.3145768603555595,0.26138044074291994,0.0,0.5906862745098039
Volens Nolens Games,59,5.8474576271186445,109745.7627118644,2.0508474576271185,0.6553263921729807,0.0011639418886198547,0,439.3050847457627,2338860000.0,39641694.915254235,374250000.0,0.0,0.3068831108736366,0.24016484210894115,0.4419592653600107,0.0,0.9742647058823529
Voltage Inc.,14,7.0,10000.0,1.9285714285714286,0.9746055226824458,7.142857142857143e-05,14,2913.285714285714,407860000.0,29132857.14285714,33990000.0,1.0,0.0,0.23135751499463564,0.08080161612582903,0.5599446544275608,0.6488970588235294
Vutune,12,7.0,22916.666666666668,12.333333333333334,0.8945550222724136,0.0,8,248.16666666666666,63625000.0,5302083.333333333,22425000.0,0.6666666666666666,0.10623065963022457,0.557719455940864,0.04352095933159413,0.4543210299999297,0.07659313725490197
W.T.B.,25,5.32,16600.0,6.6,0.6210996728721954,4e-06,0,315.0,141085000.0,5643400.0,37425000.0,0.0,0.06492263869544729,0.4366876715022496,0.22409978394868502,0.0,0.21691176470588236
WASABI entertainment,58,5.254545454545455,10000.0,2.9655172413793105,0.5990439580193689,0.00010862068965517242,20,962.4655172413793,558230000.0,9624655.172413792,24500000.0,0.3448275862068966,0.0,0.29662367537397966,0.4375806719589373,0.6295171572499421,0.7352941176470589
WB Games,10,7.5,1572000.0,8.3,0.8012058505122642,0.0004913714285714286,0,4039.1,66238290000.0,6623829000.0,34498500000.0,0.0,0.6478993163527047,0.48015217680567807,0.0,0.0,0.9350490196078431
Wadjet Eye Games,18,8.125,107777.77777777778,1.6666666666666667,0.9178876436166946,2.5555555555555557e-05,0,1406.8235294117646,2306625000.0,135683823.52941176,346500000.0,0.0,0.3045650123024717,0.21118576672627967,0.14238566189952076,0.0,0.47181372549019607
Wainstop James,15,6.833333333333333,13333.333333333334,1.4666666666666666,0.8660345994585125,6.666666666666667e-06,2,392.46666666666664,81320000.0,5421333.333333333,17465000.0,0.13333333333333333,0.03685136683324944,0.19439959537189927,0.09761520293164012,0.22716051499996484,0.25796568627450983
Waku Waku Games,14,7.090909090909091,13571.42857142857,3.0,0.9021016888051518,0.00023469387755102041,10,513.6428571428571,109360000.0,7811428.571428572,30765000.0,0.7142857142857143,0.039118667661034175,0.29848787305482416,0.08080161612582903,0.49581379227537004,0.8553921568627451
Wales Interactive,26,5.96,95961.53846153847,9.884615384615385,0.7343943221204388,5.2014652014652014e-05,4,1463.0,3740080000.0,149603200.0,600250000.0,0.15384615384615385,0.2896886637548416,0.5140287308854892,0.23393190079045095,0.33278413942759594,0.5882352941176471
Walter Machado,18,7.611111111111111,80000.0,103.0,0.880310916636899,0.0001629100529100529,0,68.5,90820000.0,5045555.555555556,17150000.0,0.0,0.26638329282758,1.0,0.14238566189952076,0.0,0.8051470588235294
War Child Gaming,12,6.0,10000.0,1.1666666666666667,0.819047619047619,0.0,0,1499.0,179880000.0,14990000.0,14990000.0,0.0,0.0,0.16647821103439517,0.04352095933159413,0.0,0.07659313725490197
Warfare Studios,22,5.090909090909091,61590.90909090909,1.0,0.5726347499345994,2.510822510822511e-06,0,704.5454545454545,949805000.0,43172954.54545455,103350000.0,0.0,0.2328817700628989,0.14924393652741208,0.1921594055706405,0.0,0.19240196078431374
Warner Bros. Games,17,6.411764705882353,2372941.1764705884,10.058823529411764,0.7582006484100822,0.0022328268907563027,4,5563.294117647059,208675310000.0,12275018235.294117,89985000000.0,0.23529411764705882,0.7006520707013297,0.5174475342327511,0.12830005996515034,0.33278413942759594,0.9938725490196079
Warner Bros. Interactive Entertainment,33,7.225806451612903,939545.4545454546,7.636363636363637,0.7895567264135382,0.0001046095238095238,0,72432.5,3279296960000.0,109309898666.66667,3150000000000.0,0.0,0.5819608400502956,0.4642119204911791,0.29398796461938853,0.0,0.7267156862745098
WayForward,18,7.388888888888889,80555.55555555556,6.611111111111111,0.8407091008579592,6.502645502645503e-05,3,1802.388888888889,2863410000.0,159078333.33333334,699650000.0,0.16666666666666666,0.267269850550631,0.4370022274195702,0.14238566189952076,0.2866446555001863,0.6384803921568627
Whale Rock Games,27,6.407407407407407,33148.148148148146,12.037037037037036,0.770341828464823,1.051146384479718e-05,6,1043.851851851852,1234905000.0,45737222.222222224,374850000.0,0.2222222222222222,0.1535167165560575,0.552880746982018,0.24340640580562528,0.4023566422499772,0.3382352941176471
WhisperGames,14,7.4,71785.71428571429,5.5,0.8933552169570436,0.000954843537414966,4,978.3846153846154,1847325000.0,142101923.07692307,1574250000.0,0.2857142857142857,0.2525040356301817,0.4030242538903517,0.08080161612582903,0.33278413942759594,0.9644607843137255
Whitethorn Games,18,7.0,66111.11111111111,5.277777777777778,0.7937184987101131,6.100529100529101e-05,4,1239.111111111111,1554030000.0,86335000.0,699650000.0,0.2222222222222222,0.24195461070325008,0.3955343339329582,0.14238566189952076,0.33278413942759594,0.6225490196078431
Wholetone Games,16,6.6,22812.5,1.0,0.7930779877933579,4.1666666666666667e-07,2,234.75,37560000.0,2347500.0,7790000.0,0.125,0.10564704553284261,0.14924393652741208,0.11340914000229768,0.22716051499996484,0.15808823529411764
William at Oxford,57,4.615384615384615,15350.877192982456,11.087719298245615,0.4226679526047357,3.5087719298245615e-06,1,231.46428571428572,179310000.0,3201964.285714286,13160000.0,0.017543859649122806,0.05490131510214983,0.5366021201272808,0.4331272271926699,0.14332232775009315,0.2107843137254902
WindField Games,10,7.3,15000.0,1.7,0.8540356553203541,3.285714285714286e-05,6,355.9,55540000.0,5554000.0,13965000.0,0.6,0.05193932803211756,0.2138605028258732,0.0,0.4023566422499772,0.5196078431372549
Winged Cloud,52,7.196078431372549,90192.30769230769,1.7307692307692308,0.8438792882723245,6.044505494505495e-05,9,975.3653846153846,3552510000.0,68317500.0,749250000.0,0.17307692307692307,0.28174558501007335,0.21630034181781616,0.409641047648492,0.4761064671776892,0.6200980392156863
Winter Wolves,37,6.055555555555555,17567.567567567567,1.135135135135135,0.7352884426260088,1.1891891891891893e-05,4,1620.3783783783783,996600000.0,26935135.135135137,146250000.0,0.10810810810810811,0.07217979495364933,0.16332172642122555,0.32296448651661164,0.33278413942759594,0.3492647058823529
Wired Productions,19,6.611111111111111,103421.05263157895,10.842105263157896,0.744446878963777,0.00016240601503759398,7,1776.6842105263158,4137235000.0,217749210.52631578,1049650000.0,0.3684210526315789,0.2992789206274809,0.53218203995166,0.1557485999176193,0.4299669832502795,0.803921568627451
Wolfs Moon Studios,12,7.166666666666667,25000.0,1.0,0.9368672009576212,2.4761904761904762e-05,6,1263.5,387145000.0,32262083.333333332,146250000.0,0.5,0.11737710606046528,0.14924393652741208,0.04352095933159413,0.4023566422499772,0.4644607843137255
Wolverine Studios,32,5.12,10000.0,1.0,0.5667149279536017,0.000309375,7,1503.8125,481220000.0,15038125.0,38990000.0,0.21875,0.0,0.14924393652741208,0.2862106654423914,0.4299669832502795,0.8909313725490197
XSEED Games,60,7.283333333333333,130916.66666666667,4.283333333333333,0.8322361092452708,0.00022322857142857144,5,3318.9666666666667,38948265000.0,649137750.0,19248250000.0,0.08333333333333333,0.3294805937346707,0.35840161773698104,0.4462654819930776,0.370482842750058,0.8443627450980392
XSGames,14,5.0,13571.42857142857,7.285714285714286,0.5419580419580419,1.6326530612244897e-05,14,530.1428571428571,91670000.0,6547857.142857143,13965000.0,1.0,0.039118667661034175,0.45528744401812266,0.08080161612582903,0.5599446544275608,0.38848039215686275
Xbox Game Studios,57,7.527272727272727,1919210.5263157894,12.31578947368421,0.8433616150599906,0.001003306432748538,7,249786.9090909091,102253055015000.0,1859146454818.182,101999250000000.0,0.12280701754385964,0.6734653380395148,0.5574359621709941,0.4331272271926699,0.4299669832502795,0.9705882352941176
Xitilon,13,6.0,22692.30769230769,4.153846153846154,0.735771925742956,4.249084249084249e-06,1,336.38461538461536,112065000.0,8620384.615384616,29925000.0,0.07692307692307693,0.10497032422760309,0.35305883969253654,0.06282758118853439,0.14332232775009315,0.22181372549019607
Y Press Games,21,6.75,11190.47619047619,0.9523809523809523,0.8033516598995161,8.571428571428571e-05,3,1037.095238095238,249015000.0,11857857.142857144,43715000.0,0.14285714285714285,0.014408042751663686,0.14405540866609112,0.18057882461709088,0.2866446555001863,0.6911764705882353
YAW Studios,16,7.066666666666666,20312.5,17.625,0.8730917285924336,1.375e-05,3,294.0,73975000.0,4623437.5,20850000.0,0.1875,0.09077788454373778,0.62968531886631,0.11340914000229768,0.2866446555001863,0.36764705882352944
Yaeko,15,7.25,10000.0,1.2,0.9654802143535879,2.6666666666666667e-05,8,851.0,127650000.0,8510000.0,9990000.0,0.5333333333333333,0.0,0.16976550369824286,0.09761520293164012,0.4543210299999297,0.48161764705882354
Yai Gameworks,18,6.7272727272727275,25555.555555555555,2.4444444444444446,0.8105509389231098,0.0,0,197.92307692307693,38180000.0,2936923.076923077,13965000.0,0.0,0.1201926832949362,0.2662916739798048,0.14238566189952076,0.0,0.07659313725490197
Yamate,10,5.166666666666667,12500.0,5.2,0.49071872571872566,0.00011,6,531.6,71635000.0,7163500.0,25865000.0,0.6,0.02858406286464565,0.3928500704771336,0.0,0.4023566422499772,0.7438725490196079
Yash Future Tech Solutions Pvt Ltd,39,4.857142857142857,10000.0,5.6923076923076925,0.334947858838615,2.5641025641025643e-05,7,482.61538461538464,188220000.0,4826153.846153846,9990000.0,0.1794871794871795,0.0,0.4093020597263863,0.3363274245347102,0.4299669832502795,0.4730392156862745
Yogscast Games,18,7.333333333333333,186111.11111111112,8.055555555555555,0.8339094626278052,0.00030070370370370374,12,1586.7222222222222,5533265000.0,307403611.1111111,2925000000.0,0.6666666666666666,0.37454674215656864,0.4744170959679439,0.14238566189952076,0.53035563410288,0.8897058823529411
Zachtronics,17,7.823529411764706,232352.9411764706,2.588235294117647,0.9145306119957759,0.0002474957983193278,0,1077.9411764705883,5120890000.0,301228823.5294118,1462500000.0,0.0,0.4029756685500251,0.2750975419302672,0.12830005996515034,0.0,0.8651960784313726
ZangGames,13,5.833333333333333,10000.0,1.0,0.7283081501831502,0.0,0,197.46153846153845,25670000.0,1974615.3846153845,8190000.0,0.0,0.0,0.14924393652741208,0.06282758118853439,0.0,0.07659313725490197
ZaxtorGameS,17,6.714285714285714,11470.588235294117,1.0,0.8056105710867616,1.1764705882352942e-05,4,533.2,82455000.0,5497000.0,9750000.0,0.23529411764705882,0.017575011690435162,0.14924393652741208,0.12830005996515034,0.33278413942759594,0.34620098039215685
Zeiva Inc,14,6.111111111111111,23571.428571428572,1.2142857142857142,0.7808062736783787,0.0,0,1067.6153846153845,201240000.0,15480000.0,52465000.0,0.0,0.10983943808983707,0.17115912336682287,0.08080161612582903,0.0,0.07659313725490197
Zerouno Games,11,7.0,14545.454545454546,5.181818181818182,0.7847913581908736,9.090909090909091e-06,3,759.1,100860000.0,10086000.0,20965000.0,0.2727272727272727,0.04799747847206177,0.392217724979718,0.022668219139849854,0.2866446555001863,0.30392156862745096
Ziggurat,123,6.095890410958904,60569.10569105691,1.8048780487804879,0.7867185459253927,1.962059620596206e-05,10,725.7226890756302,4904280000.0,41212436.97478992,853500000.0,0.08130081300813008,0.23073863361792762,0.22206573134264257,0.6310805003494486,0.49581379227537004,0.4264705882352941
Zloy Krot Studio,13,5.230769230769231,41923.07692307692,1.0,0.5536528354486445,6.593406593406593e-07,0,95.15384615384616,53455000.0,4111923.076923077,34650000.0,0.0,0.1836021769199155,0.14924393652741208,0.06282758118853439,0.0,0.1642156862745098
Zombie Developer,12,5.0,10000.0,2.0833333333333335,0.4458128078817734,0.0,11,186.5,22380000.0,1865000.0,4490000.0,0.9166666666666666,0.0,0.24244541153165952,0.04352095933159413,0.5138051705001512,0.07659313725490197
Zoo Corporation,42,6.166666666666667,20952.380952380954,3.4523809523809526,0.7606588526140797,2.4285714285714288e-05,7,586.7619047619048,510975000.0,12166071.42857143,52465000.0,0.16666666666666666,0.09475108872785418,0.32155755856969676,0.3551684159285284,0.4299669832502795,0.46078431372549017
aNCHOR Inc.,11,7.818181818181818,27727.272727272728,2.1818181818181817,0.8696978541314432,0.00033454545454545456,2,1324.090909090909,418455000.0,38041363.63636363,128175000.0,0.18181818181818182,0.13064106128607403,0.24921519609924006,0.022668219139849854,0.22716051499996484,0.9031862745098039
artoonu,22,6.25,10000.0,1.0,0.7746310705499844,3.6363636363636364e-05,12,295.3636363636364,64980000.0,2953636.3636363638,7790000.0,0.5454545454545454,0.0,0.14924393652741208,0.1921594055706405,0.53035563410288,0.5300245098039216
astragon Entertainment,29,5.758620689655173,242758.62068965516,9.724137931034482,0.6462428149611196,0.00012952380952380952,4,2045.2857142857142,19876095000.0,709860535.7142857,5283250000.0,0.13793103448275862,0.40858809948410346,0.5108306199272273,0.26138044074291994,0.33278413942759594,0.7610294117647058
azimuth team,17,4.6,88235.29411764706,1.1764705882352942,0.4245682531688604,0.0,0,110.76470588235294,153000000.0,9000000.0,74250000.0,0.0,0.27893528371024706,0.16745028260471914,0.12830005996515034,0.0,0.07659313725490197
b-alive gmbh,16,5.25,39375.0,6.5,0.635647133138702,5.875e-05,0,627.3125,442900000.0,27681250.0,149850000.0,0.0,0.17556927660344032,0.4338357955431288,0.11340914000229768,0.0,0.6115196078431373
baKno Games,25,5.0,16600.0,10.08,0.5061810797463429,2.8e-05,1,2235.88,690080000.0,27603200.0,85750000.0,0.04,0.06492263869544729,0.5178594424004634,0.22409978394868502,0.14332232775009315,0.4877450980392157
beans rolls,30,5.2727272727272725,17166.666666666668,1.0,0.4182366616680342,0.0,2,112.33333333333333,71485000.0,2382833.3333333335,29850000.0,0.06666666666666667,0.06922258527923893,0.14924393652741208,0.26992285111526687,0.22716051499996484,0.07659313725490197
bhungry,12,6.2,17500.0,5.583333333333333,0.7216977822137249,3.976190476190476e-05,5,199.0,39800000.0,3618181.8181818184,14925000.0,0.4166666666666667,0.07168614744673715,0.40576713795288505,0.04352095933159413,0.370482842750058,0.5441176470588235
bitComposer Interactive GmbH,12,4.75,10000.0,1.5833333333333333,0.43646947419815774,2.5e-05,2,1749.1666666666667,209900000.0,17491666.666666668,29990000.0,0.16666666666666666,0.0,0.2043498437809372,0.04352095933159413,0.22716051499996484,0.4675245098039216
cBlck,16,4.666666666666667,21875.0,1.0,0.4122567587641117,0.0,0,127.75,35200000.0,2200000.0,5925000.0,0.0,0.10027130823046211,0.14924393652741208,0.11340914000229768,0.0,0.07659313725490197
derevotyan,11,6.6,14545.454545454546,1.7272727272727273,0.862990761291254,2.7272727272727276e-05,0,50.81818181818182,12565000.0,1142272.7272727273,7665000.0,0.0,0.04799747847206177,0.2160244756851258,0.022668219139849854,0.0,0.4846813725490196
eSolutions Nordic AB,15,6.0,23666.666666666668,1.1333333333333333,0.880405643738977,0.00014,1,751.5333333333333,230525000.0,15368333.333333334,44925000.0,0.06666666666666667,0.11035598415975716,0.16313995056651948,0.09761520293164012,0.14332232775009315,0.7775735294117647
ebi-hime,38,7.176470588235294,19342.105263157893,2.1052631578947367,0.8931206151363369,1.7644110275689224e-05,10,706.8157894736842,330990000.0,8710263.157894736,34965000.0,0.2631578947368421,0.0845070096108553,0.2439713816829586,0.3297316247739855,0.49581379227537004,0.40808823529411764
exosyphen studios,18,4.8,92777.77777777778,0.8888888888888888,0.5258722641344364,2.343915343915344e-05,0,261.44444444444446,188135000.0,10451944.444444444,34650000.0,0.0,0.28536628152027577,0.13693695912580797,0.14238566189952076,0.0,0.45098039215686275
familyplay,48,5.27027027027027,12604.166666666666,4.583333333333333,0.6323452603296836,1.9345238095238094e-05,0,993.1739130434783,576735000.0,12537717.391304348,52465000.0,0.0,0.029647126808355982,0.37029311419951955,0.3891976086796104,0.0,0.4252450980392157
grin robot,10,6.6,12500.0,18.0,0.9167411602322089,0.0,0,469.0,59375000.0,5937500.0,17465000.0,0.0,0.02858406286464565,0.6339774241894218,0.0,0.0,0.07659313725490197
inXile Entertainment,11,6.7272727272727275,295909.0909090909,5.545454545454546,0.7767528970744899,0.00015594805194805194,0,3474.5555555555557,15398145000.0,1710905000.0,10724250000.0,0.0,0.4339515576037735,0.40452470238132215,0.022668219139849854,0.0,0.7965686274509803
indie.io,68,6.632352941176471,64852.94117647059,5.985294117647059,0.7917674205035924,0.00024616526610644256,42,1719.5882352941176,8834510000.0,129919264.70588236,1499250000.0,0.6176470588235294,0.23949309583069103,0.41852788472604535,0.47837007101303197,0.777704895632193,0.8627450980392157
indie_games_studio,22,4.45,35454.545454545456,4.954545454545454,0.40131294980892346,1.038961038961039e-05,0,675.9090909090909,494590000.0,22481363.636363637,88350000.0,0.0,0.1621336457693062,0.38415260657165606,0.1921594055706405,0.0,0.33700980392156865
indiegames3000,16,5.25,11562.5,1.0,0.5093821720032266,1.8750000000000002e-05,4,54.625,10115000.0,632187.5,1925000.0,0.25,0.018597343952226068,0.14924393652741208,0.11340914000229768,0.33278413942759594,0.41911764705882354
indienova,21,7.411764705882353,31190.47619047619,6.857142857142857,0.8974924121179221,6.335600907029479e-05,5,529.85,262040000.0,13102000.0,93675000.0,0.23809523809523808,0.14571846464171498,0.4438521823299286,0.18057882461709088,0.370482842750058,0.6311274509803921
kazakovstudios,41,5.897435897435898,15853.658536585366,103.0,0.7148408642780035,1.3588850174216028e-05,8,54.36585365853659,34050000.0,830487.8048780488,7350000.0,0.1951219512195122,0.059029695555138664,1.0,0.34903824663092586,0.4543210299999297,0.36519607843137253
khukhrovr,43,5.785714285714286,27209.302325581397,103.0,0.6930400364043346,7.176079734219269e-06,1,121.09302325581395,1093830000.0,25437906.976744186,1049650000.0,0.023255813953488372,0.12822532814015672,1.0,0.36115764923418164,0.14332232775009315,0.26838235294117646
kovalevviktor,40,5.631578947368421,21250.0,103.0,0.6644553002194421,2.5e-06,0,53.25,43350000.0,1083750.0,3675000.0,0.0,0.09655792551428603,1.0,0.34276034828214924,0.0,0.19117647058823528
lightUP,20,6.833333333333333,10000.0,2.8,0.9178177033910117,0.0,7,499.0,99800000.0,4990000.0,4990000.0,0.35,0.0,0.2874437349748375,0.168459422013835,0.4299669832502795,0.07659313725490197
magnussoft,52,,10480.76923076923,2.0,0.5398015873015873,2.307692307692308e-05,22,978.1538461538462,533615000.0,10261826.923076924,34965000.0,0.4230769230769231,0.006015009312282123,0.23654604285595657,0.409641047648492,0.6483274292638558,0.4485294117647059
meokigame,10,5.111111111111111,12500.0,4.4,0.6108184272890156,2e-05,0,121.0,14075000.0,1407500.0,2765000.0,0.0,0.02858406286464565,0.36310443935328535,0.0,0.0,0.43137254901960786
okyakusama,13,5.461538461538462,10000.0,7.923076923076923,0.6166413738728808,0.0006923076923076923,9,402.0769230769231,52270000.0,4020769.230769231,4990000.0,0.6923076923076923,0.0,0.47124388992525384,0.06282758118853439,0.4761064671776892,0.9485294117647058
owlyboi,47,6.837209302325581,10000.0,1.2553191489361701,0.8100066110264645,3.1914893617021275e-05,19,98.29787234042553,46200000.0,982978.7234042553,990000.0,0.40425531914893614,0.0,0.17511262726665944,0.3838258683740316,0.6194287949277822,0.5147058823529411
qureate,18,7.333333333333333,12777.777777777777,3.9444444444444446,0.8434282071829176,0.00028095238095238097,5,1568.1666666666667,351220000.0,19512222.222222224,58765000.0,0.2777777777777778,0.03139952871348984,0.34412792690026434,0.14238566189952076,0.370482842750058,0.8811274509803921
rokaplay,13,7.0,17692.30769230769,5.615384615384615,0.788238536333603,6.593406593406593e-05,3,1148.3076923076924,306680000.0,23590769.230769232,87465000.0,0.23076923076923078,0.07308617663109324,0.4068128587413415,0.06282758118853439,0.2866446555001863,0.6397058823529411
rondomedia GmbH,10,4.8,68000.0,7.7,0.5063067831424466,1.2e-05,0,996.6,677520000.0,67752000.0,149850000.0,0.0,0.24556349061305208,0.46579262440215363,0.0,0.0,0.35110294117647056
tinyBuild,101,6.943181818181818,319900.9900990099,6.792079207920792,0.7976878584242314,0.00023301650165016502,19,1244.6875,43014770000.0,448070520.8333333,5176500000.0,0.18811881188118812,0.44393878269427023,0.4420617850998955,0.5801986300617799,0.6194287949277822,0.8541666666666666
upjers,15,5.2,102333.33333333333,9.733333333333333,0.6099776764798472,0.00026247619047619047,0,336.85714285714283,47160000.0,3368571.4285714286,11790000.0,0.0,0.2979244297223961,0.5110151611745309,0.09761520293164012,0.0,0.8725490196078431
wow wow Games,21,5.444444444444445,13571.42857142857,2.142857142857143,0.5238361883214824,0.0,8,673.3333333333334,171600000.0,8171428.571428572,28665000.0,0.38095238095238093,0.039118667661034175,0.24656242964275638,0.18057882461709088,0.4543210299999297,0.07659313725490197
КиКо,15,5.933333333333334,25333.333333333332,76.0,0.7103805740139006,1.4222222222222222e-05,0,89.0,29120000.0,1941333.3333333333,7425000.0,0.0,0.1190738670933077,0.9352798927103102,0.09761520293164012,0.0,0.3713235294117647
冷笑黑妖,18,7.4375,44444.444444444445,12.11111111111111,0.8969728801204675,2.031746031746032e-05,2,65.66666666666667,43450000.0,2413888.888888889,17150000.0,0.1111111111111111,0.1910840027685497,0.5541006566878794,0.14238566189952076,0.22716051499996484,0.4375
凝冰剑斩,12,7.8,14166.666666666666,1.4166666666666667,0.9292481306437734,0.0,0,109.0,15850000.0,1585000.0,3465000.0,0.0,0.04461734169328633,0.18999029137741283,0.04352095933159413,0.0,0.07659313725490197
吃了就睡工作室,10,6.428571428571429,28000.0,1.1,0.7645874792084673,1e-05,0,250.44444444444446,60125000.0,6680555.555555556,31465000.0,0.0,0.1318949448160995,0.15974911691144308,0.0,0.0,0.3247549019607843
方块游戏(CubeGame),31,6.225806451612903,66290.32258064517,2.2580645161290325,0.7135743214709387,0.00035136712749615973,15,1151.483870967742,3125615000.0,100826290.32258065,1189650000.0,0.4838709677419355,0.2423014077217025,0.2543139322261772,0.278194027548731,0.5732893110003726,0.9056372549019608
橙光游戏,47,6.423076923076923,33936.17021276596,1.2127659574468086,0.7856006497449235,3.0395136778115506e-06,15,572.1086956521739,1013370000.0,22029782.608695652,258650000.0,0.3191489361702128,0.15652648393887195,0.171011293984352,0.3838258683740316,0.5732893110003726,0.20220588235294118
致意,11,8.0,50000.0,3.8181818181818183,0.9005703750656312,3.8961038961038966e-05,2,445.3,168215000.0,16821500.0,83650000.0,0.18181818181818182,0.20617271119921624,0.3385582038420682,0.022668219139849854,0.22716051499996484,0.5392156862745098
