publisher_primary,game_count,review_score,avg_owners_mid,avg_language_count,avg_positive_review_ratio,avg_active_users_rate,recent_release_count,recent_release_ratio,avg_owners_mid_norm,avg_language_count_norm,game_count_norm,recent_release_count_norm,avg_active_users_rate_norm
072 Project,34,6.911764705882353,11911.764705882353,4.0,0.8238497394266904,0.0002223529411764706,33,0.9705882352941176,0.02240946151079589,0.34653368921458433,0.30153980279160447,0.7291470167501014,0.8439803439803439
0Cube,15,6.785714285714286,31333.333333333332,1.6666666666666667,0.773875670080501,8.888888888888889e-07,0,0.0,0.14630386357835776,0.21118576672627967,0.09761520293164012,0.0,0.16953316953316952
101XP,12,6.5,90000.0,5.083333333333333,0.7550810344766135,0.00012666666666666666,3,0.25,0.28147214359651435,0.38875986767052506,0.04352095933159413,0.2866446555001863,0.7592137592137592
10tons Ltd,18,7.277777777777778,123333.33333333333,5.0,0.8335061671131243,4.673015873015873e-05,1,0.05555555555555555,0.321836374452985,0.3857899793833686,0.14238566189952076,0.14332232775009315,0.5773955773955773
11 bit studios,19,7.052631578947368,801578.947368421,9.0,0.8246807207859286,0.00048387969924812034,5,0.2631578947368421,0.5616155746919982,0.49577762574199646,0.1557485999176193,0.370482842750058,0.9299754299754299
2 Left Thumbs,15,8.071428571428571,71666.66666666667,4.066666666666666,0.9221415540708602,0.00028565079365079366,11,0.7333333333333333,0.25229141003870625,0.3493855651737051,0.09761520293164012,0.5138051705001512,0.8820638820638821
2Awesome Studio,12,6.4,16250.0,7.583333333333333,0.7735533099770645,2.261904761904762e-05,2,0.16666666666666666,0.06219283637099554,0.4628857443586589,0.04352095933159413,0.22716051499996484,0.4484029484029484
2K,84,6.580246913580247,1566309.5238095238,6.261904761904762,0.7569912326849458,0.0025052819727891156,7,0.08333333333333333,0.6474347352165165,0.42688959680172106,0.5327001862224586,0.4299669832502795,0.9987714987714987
2P Games,21,7.285714285714286,80000.0,3.4761904761904763,0.8368336911107954,0.00021977324263038547,15,0.7142857142857143,0.26638329282758,0.3227058998896206,0.18057882461709088,0.5732893110003726,0.8427518427518428
3000AD,11,4.6,42727.27272727273,1.0,0.17982545603183261,6.060606060606061e-07,0,0.0,0.18603631038998455,0.14924393652741208,0.022668219139849854,0.0,0.16093366093366093
3D Realms,23,6.318181818181818,53260.86956521739,3.4782608695652173,0.7492328497614884,4.761904761904762e-05,7,0.30434782608695654,0.21426631974143642,0.32280546682185074,0.20324704375694072,0.4299669832502795,0.5786240786240786
3dm_live_wallpapers,14,5.846153846153846,27500.0,11.571428571428571,0.7366433612728002,0.0009661904761904762,1,0.07142857142857142,0.12958670112592563,0.5450503026975805,0.08080161612582903,0.14332232775009315,0.9668304668304668
430Games,13,5.416666666666667,11923.076923076924,8.923076923076923,0.6445061963253765,0.00013846153846153847,8,0.6153846153846154,0.022531054236311854,0.4941149650698859,0.06282758118853439,0.4543210299999297,0.7751842751842751
505 Games,48,6.361702127659575,490833.3333333333,9.270833333333334,0.7290956161701189,0.0002422579365079365,6,0.125,0.49878108133275006,0.5015314631603097,0.3891976086796104,0.4023566422499772,0.8574938574938575
616 GAMES,12,6.75,14166.666666666666,1.1666666666666667,0.7525161026947634,3.928571428571428e-05,6,0.5,0.04461734169328633,0.16647821103439517,0.04352095933159413,0.4023566422499772,0.542997542997543
727 Not Hound,11,7.222222222222222,10000.0,1.5454545454545454,0.8970427087320808,4.545454545454546e-05,7,0.6363636363636364,0.0,0.2011693799394799,0.022668219139849854,0.4299669832502795,0.5743243243243243
7DOTS,11,7.454545454545454,28636.363636363636,2.1818181818181817,0.8428694374718646,1.0303030303030304e-05,0,0.0,0.13477381094428456,0.24921519609924006,0.022668219139849854,0.0,0.3366093366093366
7miao game,11,4.5,49090.90909090909,3.5454545454545454,0.3967532467532467,0.0,9,0.8181818181818182,0.20382207479437428,0.32601212204375357,0.022668219139849854,0.4761064671776892,0.07678132678132678
8Floor,48,6.390243902439025,128020.83333333333,4.145833333333333,0.6905297100346677,3.866468253968254e-05,2,0.041666666666666664,0.326615083913937,0.35272382564158083,0.3891976086796104,0.22716051499996484,0.538083538083538
8floor,268,5.752808988764045,10522.388059701492,3.925373134328358,0.5826150670905427,2.6865671641791047e-05,43,0.16044776119402984,0.006522669403011228,0.3432958314004799,0.8328350908348392,0.7824584477755563,0.48402948402948404
AFBIK Studio,21,5.809523809523809,22142.85714285714,21.80952380952381,0.6985856524616701,1.9727891156462588e-05,0,0.0,0.10183038858873855,0.6733236343791877,0.18057882461709088,0.0,0.42874692874692877
AK Studio,12,5.916666666666667,26250.0,5.083333333333333,0.7474411697774629,0.0,3,0.25,0.12362730536315605,0.38875986767052506,0.04352095933159413,0.2866446555001863,0.07678132678132678
ALPHY,12,,10000.0,1.1666666666666667,0.5,0.0,0,0.0,0.0,0.16647821103439517,0.04352095933159413,0.0,0.07678132678132678
AMG GAMES,10,7.4,10000.0,2.1,0.948063215941836,0.0,2,0.2,0.0,0.2436061339497215,0.0,0.22716051499996484,0.07678132678132678
ANPA.US,35,4.90625,60142.857142857145,1.7428571428571429,0.4893116974163467,4.326530612244899e-06,0,0.0,0.22983391037600379,0.21725133648094966,0.3088788845822412,0.0,0.22481572481572482
ARTE France,13,7.0,50000.0,7.3076923076923075,0.8194100555028273,2.527472527472528e-05,2,0.15384615384615385,0.20617271119921624,0.45585781120492996,0.06282758118853439,0.22716051499996484,0.4705159705159705
ARTLINK,13,6.0,10000.0,2.3076923076923075,0.7641414141414141,7.692307692307692e-06,4,0.3076923076923077,0.0,0.25756892221392935,0.06282758118853439,0.33278413942759594,0.2757985257985258
Absolutist Ltd.,11,5.545454545454546,92272.72727272728,4.363636363636363,0.6607667888573544,2.8484848484848483e-05,0,0.0,0.2846670041784457,0.3616496129595532,0.022668219139849854,0.0,0.49017199017199015
Abyssal Studios,11,7.181818181818182,15909.09090909091,1.0909090909090908,0.918066270047552,9.090909090909091e-06,1,0.09090909090909091,0.0594768185549878,0.15881500053476164,0.022668219139849854,0.14332232775009315,0.30405405405405406
Accelerate Games,30,6.3,43666.666666666664,1.9333333333333333,0.7301428253920641,7.307936507936509e-05,0,0.0,0.18882230373899034,0.23170733389711048,0.26992285111526687,0.0,0.6572481572481572
Activision,65,6.828125,2040923.076923077,4.630769230769231,0.7784358675611392,0.00017824105494505495,5,0.07692307692307693,0.6813425157759551,0.3721146865190088,0.4667894900594821,0.370482842750058,0.8144963144963145
Adamvision Studios,10,8.3,89500.0,11.6,0.9499931136459935,1.3333333333333333e-05,1,0.1,0.28075845234605185,0.5455390962948117,0.0,0.14332232775009315,0.3642506142506142
Aerosoft GmbH,44,5.4772727272727275,115454.54545454546,7.159090909090909,0.6222270635063807,0.0005335584415584416,10,0.22727272727272727,0.3133795035311282,0.45197159329506337,0.3670122815682204,0.49581379227537004,0.9434889434889435
Afil Games,12,6.714285714285714,12083.333333333334,2.6666666666666665,0.8162374484602803,8.333333333333334e-06,9,0.75,0.024241333356207522,0.2797531500568707,0.04352095933159413,0.4761064671776892,0.2868550368550369
Ahlman Game Studio,12,5.666666666666667,14166.666666666666,1.0,0.686511931708543,0.0,0,0.0,0.04461734169328633,0.14924393652741208,0.04352095933159413,0.0,0.07678132678132678
Airem,15,6.222222222222222,42000.0,43.6,0.7646643999806337,2.46984126984127e-05,0,0.0,0.1838370177236822,0.8177033203058168,0.09761520293164012,0.0,0.4643734643734644
Akella,13,5.538461538461538,73076.92307692308,2.4615384615384617,0.6237898269861272,4.212454212454213e-05,0,0.0,0.254787814912029,0.2673575845087337,0.06282758118853439,0.0,0.5577395577395577
Aksys Games,17,6.375,15294.117647058823,3.764705882352941,0.7309226216531881,0.00026823529411764704,4,0.23529411764705882,0.05442678906117266,0.33615512658610514,0.12830005996515034,0.33278413942759594,0.8759213759213759
Akupara Games,32,7.296296296296297,162968.75,8.15625,0.8524086795677356,0.0003756160714285714,6,0.1875,0.3575358778901624,0.47679808920190864,0.2862106654423914,0.4023566422499772,0.9115479115479116
Alawar,15,7.066666666666666,382666.6666666667,8.0,0.8234717776925048,0.00023472380952380953,4,0.26666666666666666,0.46688973804383904,0.47309208571191314,0.09761520293164012,0.33278413942759594,0.8562653562653563
Alawar Casual,126,6.783783783783784,18849.20634920635,5.444444444444445,0.8466183919789734,0.00013677248677248678,16,0.12698412698412698,0.08120024566387146,0.4011760581036925,0.6373083708200562,0.5858246890000082,0.7727272727272727
Aldorlea Games,55,6.205128205128205,61363.63636363636,1.0545454545454545,0.7085219121934643,3.116883116883117e-06,7,0.12727272727272726,0.23240817768729036,0.15503747404487186,0.4239852304227163,0.4299669832502795,0.20393120393120392
Alternative Software Ltd,22,5.473684210526316,19318.18181818182,1.6363636363636365,0.6353419510910009,7.51948051948052e-05,1,0.045454545454545456,0.08434846745145101,0.2087250143753663,0.1921594055706405,0.14332232775009315,0.6658476658476659
Amaterasu Software,13,5.166666666666667,441923.07692307694,1.0,0.6345357546071723,4.2051282051282055e-06,0,0.0,0.4853336970454453,0.14924393652741208,0.06282758118853439,0.0,0.22113022113022113
Ammonite Design Studios Ltd,30,6.0,13833.333333333334,1.0,0.6104503339797457,0.0,9,0.3,0.041567208913300624,0.14924393652741208,0.26992285111526687,0.4761064671776892,0.07678132678132678
Anamik Majumdar,52,4.823529411764706,16634.615384615383,1.0,0.4490028738031834,0.0,12,0.23076923076923078,0.06518948492075692,0.14924393652741208,0.409641047648492,0.53035563410288,0.07678132678132678
Anarchy Enterprises,11,5.181818181818182,30909.090909090908,1.5454545454545454,0.5645185989613338,5.194805194805194e-06,0,0.0,0.14455752316839035,0.2011693799394799,0.022668219139849854,0.0,0.23955773955773957
Anatoliy Loginovskikh,33,7.53125,57575.757575757576,1.2424242424242424,0.8632175907379225,1.0216450216450216e-05,1,0.030303030303030304,0.2242457664433814,0.1738780282010685,0.29398796461938853,0.14332232775009315,0.3353808353808354
Andy Jurko,18,7.0,10000.0,1.0,0.9370039682539681,6.111111111111112e-05,0,0.0,0.0,0.14924393652741208,0.14238566189952076,0.0,0.6240786240786241
AnelaGamesStudio,10,6.428571428571429,12500.0,3.0,0.6953983516483516,1e-05,1,0.1,0.02858406286464565,0.29848787305482416,0.0,0.14332232775009315,0.32555282555282555
Anima Games,10,,17500.0,1.0,0.7797619047619048,1e-05,7,0.7,0.07168614744673715,0.14924393652741208,0.0,0.4299669832502795,0.32555282555282555
Anime Mania,11,6.363636363636363,10000.0,6.2727272727272725,0.7885977289603385,9.090909090909091e-06,8,0.7272727272727273,0.0,0.4272102424114054,0.022668219139849854,0.4543210299999297,0.30405405405405406
Annapurna Interactive,32,7.75,478750.0,14.5,0.8747065206799756,0.0001364190476190476,7,0.21875,0.49558784001066775,0.5901398231643058,0.2862106654423914,0.4299669832502795,0.7714987714987716
Anshar Publishing,10,6.3,53000.0,6.8,0.7290502687004021,0.00011276190476190476,2,0.2,0.21363731881655318,0.442280544059136,0.0,0.22716051499996484,0.7469287469287469
Apogee Entertainment,20,7.7,83250.0,1.95,0.8703919317631079,0.0001991904761904762,5,0.25,0.27148470918995654,0.23292724360297196,0.168459422013835,0.370482842750058,0.8267813267813268
Application Systems Heidelberg,18,7.666666666666667,45833.333333333336,6.166666666666667,0.886241589727479,7.259259259259259e-05,0,0.0,0.19502603185872117,0.42404713324832455,0.14238566189952076,0.0,0.6560196560196561
Appnori Inc.,10,6.2,12500.0,3.7,0.5987508093320286,7.857142857142858e-05,3,0.3,0.02858406286464565,0.33321108027365165,0.0,0.2866446555001863,0.6726044226044227
Arc Games,13,7.0,1941153.8461538462,8.307692307692308,0.808436728716207,0.00040410402930402933,3,0.23076923076923078,0.6749217593460528,0.4803301954078907,0.06282758118853439,0.2866446555001863,0.9201474201474201
Arc System Works,38,6.416666666666667,137368.42105263157,4.7894736842105265,0.7340191303498071,0.00014244110275689223,5,0.13157894736842105,0.33564328385230224,0.3780993944654018,0.3297316247739855,0.370482842750058,0.7800982800982801
"Arcen Games, LLC",11,6.0,145000.0,1.0,0.6654336832077985,3.1948051948051946e-05,0,0.0,0.3425697148743367,0.14924393652741208,0.022668219139849854,0.0,0.5171990171990172
Archor Games,73,6.0,14520.547945205479,1.0,0.6125902009543622,5.47945205479452e-06,48,0.6575342465753424,0.047777941381320306,0.14924393652741208,0.49659569474319154,0.8047132844999544,0.24078624078624078
Argent Games,13,7.5,11923.076923076924,1.3846153846153846,0.9101979094245151,5.604395604395604e-05,1,0.07692307692307693,0.022531054236311854,0.18711556927395412,0.06282758118853439,0.14332232775009315,0.601965601965602
Armor Games Studios,42,7.8,141904.7619047619,4.904761904761905,0.8902051466668606,0.00020352380952380953,10,0.23809523809523808,0.33980545630608394,0.3823448900931026,0.3551684159285284,0.49581379227537004,0.8329238329238329
Art Games Studio S.A.,15,6.0,22666.666666666668,5.2,0.663667840126073,3.0476190476190475e-05,2,0.13333333333333333,0.10482549320358357,0.3928500704771336,0.09761520293164012,0.22716051499996484,0.5073710073710074
Artifex Mundi,77,7.233766233766234,67922.07792207792,9.545454545454545,0.8140465046338675,6.374768089053804e-05,0,0.0,0.2454166072139988,0.5072128874301906,0.5103104493910764,0.0,0.6351351351351351
Artur Rezende,19,6.214285714285714,16578.947368421053,1.0526315789473684,0.7062225841176321,0.0,4,0.21052631578947367,0.06476007401159092,0.15483680908429845,0.1557485999176193,0.33278413942759594,0.07678132678132678
Aspyr,14,6.2727272727272725,141428.57142857142,9.0,0.6841316797898073,0.0003805442176870749,4,0.2857142857142857,0.33937484154359937,0.49577762574199646,0.08080161612582903,0.33278413942759594,0.9164619164619164
Assemble Entertainment,59,6.581818181818182,94406.77966101695,5.966101694915254,0.7791058835006555,9.987409200968523e-05,15,0.2542372881355932,0.287596084184398,0.4179354866424715,0.4419592653600107,0.5732893110003726,0.7199017199017199
Astero,12,4.75,10000.0,1.5,0.3398420479302832,0.0,0,0.0,0.0,0.19728975268717228,0.04352095933159413,0.0,0.07678132678132678
Astrea,13,7.0,15769.23076923077,2.6153846153846154,0.7959552089354748,0.0,6,0.46153846153846156,0.05834568018717872,0.27672051559788424,0.06282758118853439,0.4023566422499772,0.07678132678132678
Atari,100,6.333333333333333,101050.0,3.54,0.7315250686500272,8.850761904761905e-05,21,0.21,0.296307712205577,0.32575359070937754,0.5776319080706136,0.6391361200254633,0.6953316953316954
Avalon Digital,27,6.88,10000.0,7.037037037037037,0.8212166935752991,9.259259259259259e-05,10,0.37037037037037035,0.0,0.44872633092133124,0.24340640580562528,0.49581379227537004,0.7076167076167076
Axis Games,10,5.4,29000.0,1.0,0.7170173507801364,0.00015000000000000001,1,0.1,0.13639028955527038,0.14924393652741208,0.0,0.14332232775009315,0.7899262899262899
Axyos Games,10,6.1,49000.0,3.2,0.679167324188531,4.028571428571429e-05,1,0.1,0.20358462141124065,0.3089930534388552,0.0,0.14332232775009315,0.5515970515970516
Azerbaijan Technology,10,4.7,10000.0,103.0,0.45483225651556064,1e-05,0,0.0,0.0,1.0,0.0,0.0,0.32555282555282555
Azurezero,12,6.428571428571429,10000.0,1.0,0.8167353698932647,1.6666666666666667e-05,4,0.3333333333333333,0.0,0.14924393652741208,0.04352095933159413,0.33278413942759594,0.3931203931203931
BANDAI NAMCO Entertainment,67,6.9375,615000.0,7.686567164179104,0.7705814132681367,0.0013153748400852878,0,0.0,0.5276717949234638,0.46545992257889585,0.47456678923647944,0.0,0.9766584766584766
Back To Basics Gaming,57,5.222222222222222,427017.5438596491,1.1578947368421053,0.5612601288702881,1.697577276524645e-06,0,0.0,0.4809382044611465,0.16560472713010874,0.4331272271926699,0.0,0.18304668304668303
Bad Kid Games,11,6.8,10000.0,2.0,0.8923835384598906,9.090909090909091e-06,6,0.5454545454545454,0.0,0.23654604285595657,0.022668219139849854,0.4023566422499772,0.30405405405405406
BadLand Publishing,10,5.714285714285714,24000.0,3.9,0.6348024811587512,0.0,0,0.0,0.1121476679165179,0.3421837738529695,0.0,0.0,0.07678132678132678
Bandai Namco Entertainment,25,7.4,1201600.0,11.04,0.8223022875584476,0.0022729942857142855,10,0.4,0.6134772203675162,0.5357504340000074,0.22409978394868502,0.49581379227537004,0.995085995085995
Beijing Happy Entertainment Technology,10,6.555555555555555,19000.0,2.6,0.832790933215049,0.00013266666666666665,5,0.5,0.0822209833862259,0.27580233302474083,0.0,0.370482842750058,0.7641277641277642
BekkerDev Studio,15,6.0,15000.0,1.8,0.7436625426575437,1.9047619047619047e-06,2,0.13333333333333333,0.05193932803211756,0.22169094711031065,0.09761520293164012,0.22716051499996484,0.18427518427518427
Bennaction,14,,10000.0,2.0,,0.0,0,0.0,0.0,0.23654604285595657,0.08080161612582903,0.0,0.07678132678132678
Best Place Apps,10,7.5,12500.0,3.6,0.8837301587301587,5.5714285714285715e-05,8,0.8,0.02858406286464565,0.32858050423300444,0.0,0.4543210299999297,0.6007371007371007
Bethesda Softworks,66,6.953846153846154,2190984.8484848486,7.121212121212121,0.7844858344598572,0.00027178080808080805,5,0.07575757575757576,0.690431687624078,0.45096966739634065,0.4707071604985814,0.370482842750058,0.8771498771498771
Big Ant Studios,14,6.444444444444445,40000.0,2.142857142857143,0.7863115678845352,0.0001835374149659864,0,0.0,0.17758672692060065,0.24656242964275638,0.08080161612582903,0.0,0.8194103194103194
Big Fish Games,510,6.557894736842106,12313.725490196079,1.1568627450980393,0.8193206092053517,2.9294117647058824e-05,71,0.1392156862745098,0.026660780069754846,0.16550173096114604,1.0,0.8842880132502091,0.4975429975429975
Bitlock Studio,37,5.172413793103448,32837.83783783784,1.1081081081081081,0.5336410293850579,2.393822393822394e-05,0,0.0,0.15231183856823116,0.16057884235869224,0.32296448651661164,0.0,0.4594594594594595
Black Hole,15,6.2727272727272725,10000.0,10.8,0.7266850532979565,1.3333333333333333e-05,2,0.13333333333333333,0.0,0.5314151166577962,0.09761520293164012,0.22716051499996484,0.3642506142506142
Black Phoenix Studio,13,6.0,11923.076923076924,3.0,0.7070707070707071,0.0,1,0.07692307692307693,0.022531054236311854,0.29848787305482416,0.06282758118853439,0.14332232775009315,0.07678132678132678
Blaze Epic,14,5.615384615384615,14642.857142857143,1.0714285714285714,0.7108116106156015,0.0,2,0.14285714285714285,0.04885243090901123,0.1567995709632985,0.08080161612582903,0.22716051499996484,0.07678132678132678
Blender Games,71,5.825396825396825,19436.61971830986,101.95774647887323,0.6847053860505453,4.31924882629108e-06,0,0.0,0.08513145103864547,0.9978313144484187,0.4894577091993321,0.0,0.22358722358722358
Blessing Company,76,5.526315789473684,12500.0,4.131578947368421,0.5865446136568258,2.631578947368421e-06,20,0.2631578947368421,0.02858406286464565,0.3521265617714708,0.5069488521081669,0.6295171572499421,0.19533169533169534
Blowfish Studios,20,6.235294117647059,29750.0,6.3,0.7458077742056448,5e-06,5,0.25,0.13966121569378614,0.42801615783930935,0.168459422013835,0.370482842750058,0.23587223587223588
Bohemia Interactive,34,6.096774193548387,810147.0588235294,4.382352941176471,0.6982486846056756,0.0007348319327731092,4,0.11764705882352941,0.562977665251079,0.3623996482588117,0.30153980279160447,0.33278413942759594,0.952088452088452
BokiBoki Games,19,6.470588235294118,10000.0,3.4210526315789473,0.8028253751722135,4.210526315789473e-05,15,0.7894736842105263,0.0,0.32003719151884175,0.1557485999176193,0.5732893110003726,0.5565110565110565
Bonus Stage Publishing,15,7.076923076923077,23666.666666666668,3.6666666666666665,0.8560403610939594,0.0001438095238095238,9,0.6,0.11035598415975716,0.33167859346893847,0.09761520293164012,0.4761064671776892,0.7837837837837838
Boogygames Studios,131,5.5675675675675675,18015.26717557252,1.0458015267175573,0.6715163890913868,9.378407851690294e-06,34,0.2595419847328244,0.07540348451911406,0.1541191671532291,0.647368314676573,0.7351407816775731,0.3144963144963145
Boom Games,14,5.153846153846154,27142.85714285714,1.3571428571428572,0.5096124572799842,7.619047619047619e-06,0,0.0,0.1279121153639398,0.18462059944388873,0.08080161612582903,0.0,0.27211302211302213
Boom Team,30,5.115384615384615,22166.666666666668,1.1,0.5546649972154771,9.523809523809523e-07,0,0.0,0.10196805963189348,0.15974911691144308,0.26992285111526687,0.0,0.171990171990172
Boomzap Inc,49,7.0,12857.142857142857,3.4693877551020407,0.9194024955397055,9.290573372206025e-06,31,0.6326530612244898,0.03219271193733066,0.32237842684229645,0.39446082152068934,0.7166116387504659,0.3132678132678133
Breda University of Applied Sciences,15,7.2,84333.33333333333,1.0666666666666667,0.8274282832870005,1.3333333333333332e-06,0,0.0,0.27314101560931414,0.156304027621177,0.09761520293164012,0.0,0.1769041769041769
Brewsterland Studios,20,5.333333333333333,17000.0,1.0,0.6612790920904956,0.0,2,0.1,0.0679728077878065,0.14924393652741208,0.168459422013835,0.22716051499996484,0.07678132678132678
BufoProject,11,5.888888888888889,12272.727272727272,2.0,0.7431721822239064,9.090909090909092e-05,2,0.18181818181818182,0.026233568788411533,0.23654604285595657,0.022668219139849854,0.22716051499996484,0.7027027027027027
"CAPCOM Co., Ltd.",41,7.525,2170121.951219512,10.902439024390244,0.8327410499037032,0.0017681869918699186,13,0.3170731707317073,0.6892059724917106,0.5332762450306938,0.34903824663092586,0.5456789700000703,0.9901719901719902
CCS,11,6.857142857142857,15909.09090909091,5.181818181818182,0.904620465662551,9.090909090909091e-06,4,0.36363636363636365,0.0594768185549878,0.392217724979718,0.022668219139849854,0.33278413942759594,0.30405405405405406
"CFK Co., Ltd.",34,6.612903225806452,27941.176470588234,5.029411764705882,0.7856121852034333,3.4733893557422974e-05,8,0.23529411764705882,0.13162553547274475,0.3868428591689818,0.30153980279160447,0.4543210299999297,0.5245700245700246
CI Games,14,5.714285714285714,731785.7142857143,8.214285714285714,0.6885132012510666,0.00010741496598639455,1,0.07142857142857142,0.5499454358939643,0.4781585191627547,0.08080161612582903,0.14332232775009315,0.7334152334152334
CINEMAX GAMES,13,6.538461538461538,44615.38461538462,3.923076923076923,0.7703845820286994,5.655677655677656e-05,1,0.07692307692307693,0.19157577227323855,0.34319542874670866,0.06282758118853439,0.14332232775009315,0.6044226044226044
CITY CONNECTION,29,6.928571428571429,18275.862068965518,2.8620689655172415,0.8525307884295164,4.2101806239737274e-05,9,0.3103448275862069,0.07724322890479865,0.2909322386189377,0.26138044074291994,0.4761064671776892,0.5552825552825553
Cakewalk,12,6.333333333333333,17500.0,3.5833333333333335,0.7919058733620203,1.3095238095238096e-05,0,0.0,0.07168614744673715,0.3277989662166309,0.04352095933159413,0.0,0.3617936117936118
Capcom,30,6.703703703703703,668166.6666666666,7.266666666666667,0.7793753116679307,7.75015873015873e-05,0,0.0,0.5382939572969085,0.4547919006760011,0.26992285111526687,0.0,0.6707616707616708
CasGames,13,4.444444444444445,15769.23076923077,1.0,0.4776165462445558,0.0,1,0.07692307692307693,0.05834568018717872,0.14924393652741208,0.06282758118853439,0.14332232775009315,0.07678132678132678
Casual Arts,39,,10641.02564102564,1.0,0.845945945945946,2.380952380952381e-05,13,0.3333333333333333,0.00795884852056213,0.14924393652741208,0.3363274245347102,0.5456789700000703,0.4557739557739558
Cateia Games,24,5.357142857142857,41250.0,9.083333333333334,0.7272665152670874,1.6666666666666667e-05,9,0.375,0.18152874630602336,0.4975644699148738,0.2138819969035985,0.4761064671776892,0.3931203931203931
CggtGroup,12,5.857142857142857,10000.0,17.583333333333332,0.7678493498604237,0.0,8,0.6666666666666666,0.0,0.6292030936096205,0.04352095933159413,0.4543210299999297,0.07678132678132678
ChaniMK,11,6.833333333333333,10000.0,1.0,0.9647595647595647,9.090909090909091e-06,5,0.45454545454545453,0.0,0.14924393652741208,0.022668219139849854,0.370482842750058,0.30405405405405406
Chequered Ink Ltd.,12,6.714285714285714,25833.333333333332,1.0,0.8551772551772552,0.0,0,0.0,0.12157760153753226,0.14924393652741208,0.04352095933159413,0.0,0.07678132678132678
Cherry Kiss Games,75,5.857142857142857,10666.666666666666,4.28,0.7241947279421685,4.4e-05,22,0.29333333333333333,0.008267143860679277,0.35826573039443926,0.5035433111337025,0.6483274292638558,0.5687960687960688
Chilla's Art,27,6.6,33518.51851851852,9.222222222222221,0.7345622439731124,0.0002279012345679012,6,0.2222222222222222,0.15494011822563347,0.5005099807904999,0.24340640580562528,0.4023566422499772,0.8501228501228502
Choice Provisions,11,6.181818181818182,87727.27272727272,3.6363636363636362,0.7535217191360314,6.363636363636363e-05,2,0.18181818181818182,0.2781955651471024,0.33027589478085045,0.022668219139849854,0.22716051499996484,0.6339066339066339
Choice of Games,286,6.345864661654136,11328.67132867133,1.006993006993007,0.7291754263390522,5.3073593073593076e-05,19,0.06643356643356643,0.01598027332397467,0.14999546778642256,0.8497092003903162,0.6194287949277822,0.5909090909090909
Chorus Worldwide Games,16,6.875,26562.5,5.375,0.8611903820684625,6.428571428571429e-05,6,0.375,0.12514334464422053,0.3988432781114414,0.11340914000229768,0.4023566422499772,0.6375921375921376
Chris Antoni,11,7.375,10000.0,1.0,0.8509338083059311,0.0,2,0.18181818181818182,0.0,0.14924393652741208,0.022668219139849854,0.22716051499996484,0.07678132678132678
Chubby Pixel,12,5.916666666666667,674583.3333333334,7.5,0.7176936908760393,3.2777777777777778e-06,1,0.08333333333333333,0.5395183634796553,0.460785108310309,0.04352095933159413,0.14332232775009315,0.2076167076167076
Chucklefish,12,6.75,916666.6666666666,5.333333333333333,0.7635092316060302,9.854603174603176e-05,2,0.16666666666666666,0.5788026702948549,0.39743138133346534,0.04352095933159413,0.22716051499996484,0.7174447174447175
Chun Y.,14,6.4,13571.42857142857,1.0,0.5302806168190783,0.0,2,0.14285714285714285,0.039118667661034175,0.14924393652741208,0.08080161612582903,0.22716051499996484,0.07678132678132678
Cicada_Dancing,10,3.0,10000.0,2.8,0.21555555555555556,1e-05,10,1.0,0.0,0.2874437349748375,0.0,0.49581379227537004,0.32555282555282555
City Interactive S.A.,15,5.0,32333.333333333332,3.933333333333333,0.5908543428751926,1.688888888888889e-05,0,0.0,0.1503284244206027,0.34364353189931135,0.09761520293164012,0.0,0.39926289926289926
Clear River Games,18,7.333333333333333,12777.777777777777,1.5,0.8293872225691556,6.19047619047619e-05,18,1.0,0.03139952871348984,0.19728975268717228,0.14238566189952076,0.6088228593403998,0.6277641277641277
Click on things together,10,,10000.0,1.0,0.9666666666666667,0.0,10,1.0,0.0,0.14924393652741208,0.0,0.49581379227537004,0.07678132678132678
Clickteam,15,6.5,56666.666666666664,1.8,0.7317215316814604,4.107936507936508e-05,2,0.13333333333333333,0.2222068942392863,0.22169094711031065,0.09761520293164012,0.22716051499996484,0.5540540540540541
Clique Games,11,6.428571428571429,16818.18181818182,1.8181818181818181,0.7805417898952022,2.7272727272727276e-05,4,0.36363636363636365,0.0665953633386473,0.2230845667788907,0.022668219139849854,0.33278413942759594,0.4858722358722359
Clouded Leopard Entertainment,16,7.3125,22812.5,3.3125,0.7998838610598793,0.0021307738095238094,3,0.1875,0.10564704553284261,0.3146844901938971,0.11340914000229768,0.2866446555001863,0.9914004914004914
Coatsink,15,7.416666666666667,93000.0,8.466666666666667,0.8656922663233221,0.0004320126984126984,3,0.2,0.2856727584520069,0.4839766732198632,0.09761520293164012,0.2866446555001863,0.9238329238329238
Coconut Island Games,10,6.333333333333333,74500.0,6.0,0.7161804100280088,4.523809523809524e-05,0,0.0,0.25725854917229357,0.4189806997974829,0.0,0.0,0.5724815724815725
CodeRenderX,18,4.0,10000.0,1.0,0.35773809523809524,0.0,10,0.5555555555555556,0.0,0.14924393652741208,0.14238566189952076,0.49581379227537004,0.07678132678132678
Codemasters,22,6.526315789473684,663863.6363636364,4.7727272727272725,0.7176943753803054,0.00010938787878787877,0,0.0,0.5374662635103093,0.3774756843624826,0.1921594055706405,0.0,0.742014742014742
Coffee Stain Publishing,13,8.0,5285384.615384615,9.384615384615385,0.912629573908545,0.0009634908424908425,3,0.23076923076923078,0.8032434159516613,0.5039036273646903,0.06282758118853439,0.2866446555001863,0.9656019656019657
Coldwild Games,11,7.3,49090.90909090909,5.818181818181818,0.8594370646460604,8.536796536796536e-05,3,0.2727272727272727,0.20382207479437428,0.41331422837229803,0.022668219139849854,0.2866446555001863,0.6891891891891891
Colossus Game Studio,10,6.777777777777778,10000.0,2.3,0.9256521739130434,2.9999999999999997e-05,3,0.3,0.0,0.25706761002678735,0.0,0.2866446555001863,0.5006142506142506
Conglomerate 5,205,5.35978835978836,47268.29268292683,6.239024390243903,0.5914108654537863,0.0001560650406504065,3,0.014634146341463415,0.19897529372225004,0.42621012907308753,0.7633191350806716,0.2866446555001863,0.7985257985257985
Cornutopia Software,11,6.0,14545.454545454546,2.0,0.9053442028985508,0.0,3,0.2727272727272727,0.04799747847206177,0.23654604285595657,0.022668219139849854,0.2866446555001863,0.07678132678132678
Cosmi Valusoft,22,5.8,17500.0,1.0,0.6223975306498002,4.4632034632034635e-05,0,0.0,0.07168614744673715,0.14924393652741208,0.1921594055706405,0.0,0.5700245700245701
Cotton Game,11,7.181818181818182,40454.545454545456,8.545454545454545,0.8140243126284378,6.995670995670996e-05,3,0.2727272727272727,0.17903426199335176,0.48576123895519663,0.022668219139849854,0.2866446555001863,0.644963144963145
Cow Games,16,6.071428571428571,10000.0,1.4375,0.7002788764033453,0.0,5,0.3125,0.0,0.19183848716407204,0.11340914000229768,0.370482842750058,0.07678132678132678
Crazysoft Limited,11,6.0,10000.0,9.272727272727273,0.735004995004995,5.454545454545454e-05,1,0.09090909090909091,0.0,0.5015711632594563,0.022668219139849854,0.14332232775009315,0.5933660933660934
CreativeForge Games,28,5.666666666666667,28214.285714285714,7.821428571428571,0.6697310869555705,3.057823129251701e-05,7,0.25,0.13287160101626513,0.46877704175487855,0.2525484025755791,0.4299669832502795,0.5085995085995086
Crescent Moon Games,22,5.7368421052631575,18636.363636363636,2.8181818181818183,0.6691502927516448,9.090909090909091e-06,2,0.09090909090909091,0.0797455079444226,0.2884714862680244,0.1921594055706405,0.22716051499996484,0.30405405405405406
Crew Lab,26,7.833333333333333,26730.76923076923,26.76923076923077,0.8758850708526839,4.871794871794873e-06,0,0.0,0.12595230274592256,0.71568665796108,0.23393190079045095,0.0,0.2334152334152334
Crisp App Studio,22,6.5,16818.18181818182,15.0,0.7831670910827314,5.1298701298701304e-05,3,0.13636363636363635,0.0665953633386473,0.5969757461096483,0.1921594055706405,0.2866446555001863,0.5872235872235873
Critical Bliss,29,7.545454545454546,10000.0,3.9310344827586206,0.8710215397956319,0.001413793103448276,8,0.27586206896551724,0.0,0.3435431760423975,0.26138044074291994,0.4543210299999297,0.9828009828009828
CritoGames,12,5.111111111111111,10000.0,1.5,0.5874974008457653,0.0,2,0.16666666666666666,0.0,0.19728975268717228,0.04352095933159413,0.22716051499996484,0.07678132678132678
Cronostase,10,7.1,10000.0,1.0,0.9657602339181286,0.0,1,0.1,0.0,0.14924393652741208,0.0,0.14332232775009315,0.07678132678132678
Crystal Dynamics,19,7.2105263157894735,1310526.3157894737,4.578947368421052,0.8187772161445371,0.00020389273182957394,0,0.0,0.6245938190555581,0.3701239090928856,0.1557485999176193,0.0,0.8341523341523341
Crystal Game Works,10,7.5,15000.0,1.0,0.7400979808194575,1e-05,0,0.0,0.05193932803211756,0.14924393652741208,0.0,0.0,0.32555282555282555
Crytivo,27,6.944444444444445,67777.77777777778,5.111111111111111,0.7805200918667472,0.00399015873015873,11,0.4074074074074074,0.24514415541539084,0.3897407964154984,0.24340640580562528,0.5138051705001512,1.0
Curve Games,37,6.783783783783784,786486.4864864865,8.45945945945946,0.7897131709660429,0.00018333873873873876,5,0.13513513513513514,0.5591804975082714,0.4838126873116236,0.32296448651661164,0.370482842750058,0.8181818181818182
Cute Hannah's Games,29,5.2,10862.068965517241,103.0,0.6123146067365134,0.0,0,0.0,0.010592509554720684,1.0,0.26138044074291994,0.0,0.07678132678132678
Cute Pen Games,37,5.4,10000.0,1.0,0.5844893499305264,2.702702702702703e-06,21,0.5675675675675675,0.0,0.14924393652741208,0.32296448651661164,0.6391361200254633,0.19717444717444718
Cyan Worlds Inc,13,6.6923076923076925,124230.76923076923,5.615384615384615,0.7956341883380653,9.047619047619046e-05,2,0.15384615384615385,0.3227651755011799,0.4068128587413415,0.06282758118853439,0.22716051499996484,0.7014742014742015
Cyber Keks,75,5.803030303030303,10000.0,9.853333333333333,0.7044540399873006,0.00016133333333333332,26,0.3466666666666667,0.0,0.5134090355975542,0.5035433111337025,0.6814815449998944,0.8022113022113022
"CyberStep, Inc.",54,5.0,32592.59259259259,14.648148148148149,0.3927393718474314,1.2232804232804232e-05,41,0.7592592592592593,0.15135151383449857,0.5921880049548303,0.41929104622016095,0.7728394850000352,0.3538083538083538
D3PUBLISHER,25,6.333333333333333,122200.0,3.8260869565217392,0.7358276201587133,0.0009127428571428571,5,0.2,0.3206537270401591,0.3389111768508079,0.22409978394868502,0.370482842750058,0.961916461916462
DANGEN Entertainment,24,7.578947368421052,54791.666666666664,6.416666666666667,0.8674493799423584,0.00010896825396825397,4,0.16666666666666666,0.21789636651724936,0.43143003322880885,0.2138819969035985,0.33278413942759594,0.7383292383292384
DIG Publishing,52,4.829787234042553,10480.76923076923,1.0,0.4729809646468439,0.0,0,0.0,0.006015009312282123,0.14924393652741208,0.409641047648492,0.0,0.07678132678132678
DLsite,26,7.0,11923.076923076924,3.1923076923076925,0.815061294746991,3.956043956043956e-05,2,0.07692307692307693,0.022531054236311854,0.30859834482765713,0.23393190079045095,0.22716051499996484,0.5442260442260443
DNA ARMY GAMING,11,5.0,40909.09090909091,3.090909090909091,0.523384803706935,5.5324675324675326e-05,3,0.2727272727272727,0.18046562354902024,0.30332658201367024,0.022668219139849854,0.2866446555001863,0.5982800982800983
DSGame,23,6.608695652173913,149130.4347826087,4.826086956521739,0.7512989259237512,5.46583850931677e-05,5,0.21739130434782608,0.3461679533081684,0.37945677319012355,0.20324704375694072,0.370482842750058,0.5945945945945946
Daedalic Entertainment,92,6.813186813186813,290000.0,9.771739130434783,0.7877672938046795,0.00012477018633540372,16,0.17391304347826086,0.4313674403579663,0.5117842164664433,0.5561335165576584,0.5858246890000082,0.757985257985258
Daisy Games,10,7.25,16500.0,5.4,0.9693686782923319,3.0000000000000004e-05,4,0.4,0.06414861256271082,0.39968599342247607,0.0,0.33278413942759594,0.5024570024570024
Dead Drop Studios LLC,11,5.444444444444445,35454.545454545456,1.0,0.6852998258207279,1.2294372294372295e-05,2,0.18181818181818182,0.1621336457693062,0.14924393652741208,0.022668219139849854,0.22716051499996484,0.35503685503685506
Dear Villagers,41,6.842105263157895,140000.0,7.609756097560975,0.8081306229811736,8.797212543554008e-05,14,0.34146341463414637,0.33807424392503743,0.46354754304315854,0.34903824663092586,0.5599446544275608,0.6941031941031941
Deck13,20,6.722222222222222,99750.0,6.15,0.815148638370181,0.0014323523809523808,3,0.15,0.29464892788091357,0.4235458210611825,0.168459422013835,0.2866446555001863,0.984029484029484
Deep Silver,47,6.27027027027027,1023510.6382978724,8.404255319148936,0.701751869623843,0.00020117325227963524,10,0.2127659574468085,0.5929266239976272,0.48255246576724886,0.3838258683740316,0.49581379227537004,0.8292383292383292
Degica,14,6.0,11785.714285714286,1.8571428571428572,0.6403846153846153,7.857142857142858e-05,1,0.07142857142857142,0.021046705422109874,0.22604086247192554,0.08080161612582903,0.14332232775009315,0.6726044226044227
Denda Games,18,5.9,14166.666666666666,7.444444444444445,0.7783526037833481,2.380952380952381e-05,6,0.3333333333333333,0.04461734169328633,0.459373211532333,0.14238566189952076,0.4023566422499772,0.4557739557739558
Denpasoft,19,7.055555555555555,10000.0,1.6842105263157894,0.8487298988266698,2.6315789473684212e-05,6,0.3157894736842105,0.0,0.21259766350425574,0.1557485999176193,0.4023566422499772,0.48034398034398035
Destructive Creations,10,6.666666666666667,212500.0,7.3,0.7853906379184784,0.0003770857142857143,2,0.2,0.39153362638929173,0.4556583545096932,0.0,0.22716051499996484,0.914004914004914
Devolver Digital,132,7.559055118110236,568901.5151515151,7.681818181818182,0.8532057457447111,0.00016295382395382395,19,0.14393939393939395,0.517690232965173,0.46534217761211044,0.6493345140076877,0.6194287949277822,0.8071253071253072
Dharker Studios,53,5.760869565217392,17641.509433962263,1.0,0.6816481071708104,6.325247079964062e-06,2,0.03773584905660377,0.07271784202857497,0.14924393652741208,0.4145107254075418,0.22716051499996484,0.2542997542997543
Dharker Studios Ltd,13,6.25,10000.0,1.0,0.756691546156034,0.0,0,0.0,0.0,0.14924393652741208,0.06282758118853439,0.0,0.07678132678132678
Dieselmine,28,6.346153846153846,10892.857142857143,2.357142857142857,0.7250559630658442,0.00013571428571428572,15,0.5357142857142857,0.010955082395528393,0.26076406969075305,0.2525484025755791,0.5732893110003726,0.7702702702702703
Digerati,30,6.25,77333.33333333333,2.933333333333333,0.7405674573229925,3.0253968253968255e-05,2,0.06666666666666667,0.26204026516321105,0.2948690738018396,0.26992285111526687,0.22716051499996484,0.504914004914005
DigiMight,25,6.4,11000.0,7.76,0.8565327830206723,1.6e-05,4,0.16,0.012208896384238327,0.4672724480080936,0.22409978394868502,0.33278413942759594,0.3857493857493858
DigiPen Institute of Technology,40,6.55,53375.0,1.3,0.7861627333094449,1.2380952380952382e-06,0,0.0,0.21454053948115348,0.17933656770559242,0.34276034828214924,0.0,0.17567567567567569
Digital Tribe,32,5.851851851851852,54687.5,2.5625,0.7050673899567361,2.011904761904762e-05,1,0.03125,0.21765258654792383,0.27354772093573015,0.2862106654423914,0.14332232775009315,0.43611793611793614
Dikobraz Games,12,6.5,10000.0,1.0,0.6884531590413943,8.333333333333334e-06,0,0.0,0.0,0.14924393652741208,0.04352095933159413,0.0,0.2868550368550369
DillyFrame,22,6.428571428571429,12272.727272727272,6.636363636363637,0.8209497595648002,0.0,6,0.2727272727272727,0.026233568788411533,0.43771542279543646,0.1921594055706405,0.4023566422499772,0.07678132678132678
Dinosaur workshop,11,,10000.0,4.818181818181818,0.9125,9.090909090909091e-06,11,1.0,0.0,0.37916442625164526,0.022668219139849854,0.5138051705001512,0.30405405405405406
Dire Wolf,12,7.636363636363637,123333.33333333333,6.916666666666667,0.8920312268771969,0.0013397142857142859,4,0.3333333333333333,0.321836374452985,0.4454771974932255,0.04352095933159413,0.33278413942759594,0.9791154791154791
Disney,50,6.489795918367347,87200.0,6.78,0.7465743006962721,7.456e-05,0,0.0,0.2774232711308983,0.4417277491801088,0.39961980544468906,0.0,0.6621621621621622
Displacement Studios,16,4.538461538461538,86875.0,1.0625,0.4228256100889167,8.333333333333333e-07,0,0.0,0.2769449153697533,0.15586948965913544,0.11340914000229768,0.0,0.1683046683046683
Dnovel,36,6.323529411764706,34861.11111111111,13.86111111111111,0.7834635965528084,6.4444444444444445e-06,4,0.1111111111111111,0.15997129007081876,0.5810768014679438,0.3160168701261005,0.33278413942759594,0.25552825552825553
Do Games Limited,52,4.7,26538.46153846154,3.4038461538461537,0.4533933546128668,4.3351648351648355e-05,43,0.8269230769230769,0.12502736106853524,0.31919756910360064,0.409641047648492,0.7824584477755563,0.5651105651105651
Dogenzaka Lab,19,5.894736842105263,15263.157894736842,2.5789473684210527,0.6602300998697,2.406015037593985e-05,0,0.0,0.05416721391413563,0.27453949370312336,0.1557485999176193,0.0,0.4606879606879607
Doky,10,6.0,12500.0,5.4,0.33796296296296297,0.0,9,0.9,0.02858406286464565,0.39968599342247607,0.0,0.4761064671776892,0.07678132678132678
DominiGames,16,5.833333333333333,51562.5,6.0,0.7244777444777445,5.726190476190476e-05,2,0.125,0.21011474999418422,0.4189806997974829,0.11340914000229768,0.22716051499996484,0.6068796068796068
Dotemu,12,7.0,198750.0,8.416666666666666,0.789523328344404,0.00013336507936507938,2,0.16666666666666666,0.3829639362733194,0.4828364402615027,0.04352095933159413,0.22716051499996484,0.7653562653562653
Double Fine Productions,14,7.285714285714286,846428.5714285715,4.285714285714286,0.8122151468878626,1.8340136054421768e-05,0,0.0,0.5685901036026588,0.35849862764495727,0.08080161612582903,0.0,0.4152334152334152
Dr. Cyril Splutterworth,14,6.7,13571.42857142857,5.357142857142857,0.7695580293794579,2.040816326530612e-06,0,0.0,0.039118667661034175,0.3982393128146945,0.08080161612582903,0.0,0.18611793611793612
DreadXP,18,7.777777777777778,84444.44444444444,3.1666666666666665,0.8814700791572742,9.724867724867725e-05,9,0.5,0.2733096886520527,0.30727739904580004,0.14238566189952076,0.4761064671776892,0.7137592137592138
DreamBig Games,14,6.071428571428571,10000.0,5.928571428571429,0.7466108123805114,0.00022857142857142854,8,0.5714285714285714,0.0,0.4167723369809325,0.08080161612582903,0.4543210299999297,0.8513513513513513
Duality Games,12,6.428571428571429,67083.33333333333,5.75,0.7722375381184486,8.047619047619048e-05,1,0.08333333333333333,0.2438248154778163,0.4111502555130455,0.04352095933159413,0.14332232775009315,0.6793611793611793
Dystopian Edge Publishing,10,5.0,33000.0,1.0,0.29545454545454547,0.0,0,0.0,0.152942897893483,0.14924393652741208,0.0,0.0,0.07678132678132678
EJRGames,10,4.6,15000.0,1.6,0.4165884312537856,0.0,0,0.0,0.05193932803211756,0.20573450120317943,0.0,0.0,0.07678132678132678
EMIKA_GAMES,10,7.714285714285714,44500.0,3.4,0.8761659399462312,0.00014,3,0.3,0.19124403501288353,0.31900944022565497,0.0,0.2866446555001863,0.7782555282555282
ESAT,10,6.0,21500.0,1.1,0.7220074164518608,5.7142857142857145e-06,0,0.0,0.09805621957984004,0.15974911691144308,0.0,0.0,0.24385749385749386
ESDigital Games,75,6.397260273972603,62800.0,6.16,0.7546696326259756,7.49079365079365e-05,5,0.06666666666666667,0.23537226432590005,0.4238467484157031,0.5035433111337025,0.370482842750058,0.6646191646191646
Eastasiasoft Limited,31,6.714285714285714,10806.451612903225,5.193548387096774,0.8343091841505398,2.5806451612903226e-05,20,0.6451612903225806,0.009934926734121134,0.3926259023287111,0.278194027548731,0.6295171572499421,0.47788697788697787
Egosoft,10,6.444444444444445,523500.0,7.7,0.7100064239207173,0.00022452380952380952,0,0.0,0.5070354149124191,0.46579262440215363,0.0,0.0,0.8464373464373465
Eidos Interactive Corp.,11,6.7272727272727275,1356818.1818181819,4.818181818181818,0.7622548335225127,5.6077922077922085e-05,0,0.0,0.6290409241930368,0.37916442625164526,0.022668219139849854,0.0,0.6031941031941032
Electronic Arts,105,6.813725490196078,2312380.9523809524,8.438095238095238,0.775469797976095,0.0022157774149659864,21,0.2,0.6973401452152502,0.48332585110083254,0.5902198722655828,0.6391361200254633,0.9926289926289926
Enaayah Software Development and Services Private Limited,19,6.071428571428571,10000.0,2.473684210526316,0.7406846231080391,1.5789473684210526e-05,0,0.0,0.0,0.26811174810677396,0.1557485999176193,0.0,0.3832923832923833
Encore Software LLC,10,,10000.0,1.0,0.45793650793650786,7.000000000000001e-05,0,0.0,0.0,0.14924393652741208,0.0,0.0,0.6461916461916462
Endless Loop Studios,13,6.916666666666667,77307.69230769231,4.846153846153846,0.8036121561851645,2.4615384615384616e-05,1,0.07692307692307693,0.26199778231796034,0.3801971068264822,0.06282758118853439,0.14332232775009315,0.4631449631449631
Enoops,46,5.285714285714286,15217.391304347826,4.521739130434782,0.581805600924085,1.5217391304347826e-05,2,0.043478260869565216,0.05378252812918791,0.367904620355133,0.37834103053042084,0.22716051499996484,0.3796068796068796
EnsenaSoft,39,5.027777777777778,49358.97435897436,4.615384615384615,0.4909347275302147,2.8888888888888888e-05,1,0.02564102564102564,0.2045197063704226,0.37152559316354195,0.3363274245347102,0.14332232775009315,0.4950859950859951
Entropy Digital Entertainment,13,5.076923076923077,10000.0,1.0,0.5877146830457987,6.153846153846154e-05,8,0.6153846153846154,0.0,0.14924393652741208,0.06282758118853439,0.4543210299999297,0.6253071253071253
EntwicklerX,10,6.4,19000.0,1.1,0.8286755485893418,1e-05,1,0.1,0.0822209833862259,0.15974911691144308,0.0,0.14332232775009315,0.32555282555282555
EpiXR Games UG,69,6.870967741935484,10724.63768115942,1.0,0.8911016275723478,2.898550724637681e-06,40,0.5797101449275363,0.008961436611486535,0.14924393652741208,0.48211862740869543,0.7678568243440417,0.20147420147420148
Erbe Software,27,5.833333333333333,13333.333333333334,1.7777777777777777,0.6220093795093795,3.7037037037037037e-06,15,0.5555555555555556,0.03685136683324944,0.21997529271725558,0.24340640580562528,0.5732893110003726,0.21437346437346438
Eroge Japan,20,6.842105263157895,18250.0,4.1,0.7979454978978616,8.147619047619047e-05,6,0.3,0.07706182458672058,0.3507974619516812,0.168459422013835,0.4023566422499772,0.683046683046683
EroticGamesClub,181,4.857142857142857,10000.0,1.0,0.4910455125221859,2.7624309392265196e-06,125,0.6906077348066298,0.0,0.14924393652741208,0.7310486360568518,1.0,0.19901719901719903
Ertal Games,11,6.571428571428571,10000.0,1.5454545454545454,0.8219906253696545,3.6363636363636364e-05,2,0.18181818181818182,0.0,0.2011693799394799,0.022668219139849854,0.22716051499996484,0.5313267813267813
Eternal Dream,10,7.875,102000.0,1.2,0.9343934325220147,1.1866666666666668e-05,1,0.1,0.29750646060251845,0.16976550369824286,0.0,0.14332232775009315,0.3488943488943489
Euphoric Brothers,10,5.7,84000.0,13.0,0.682468201546325,0.0003133333333333333,5,0.5,0.2726336598830342,0.568224636324895,0.0,0.370482842750058,0.8931203931203932
Eversim,12,4.75,27916.666666666668,6.666666666666667,0.5206236222216015,0.001001111111111111,1,0.08333333333333333,0.13151311415028608,0.43856815059163234,0.04352095933159413,0.14332232775009315,0.9692874692874693
Evil Bunneh,10,5.333333333333333,10000.0,1.0,0.5312813620071685,0.0,2,0.2,0.0,0.14924393652741208,0.0,0.22716051499996484,0.07678132678132678
Excalibur Publishing,18,4.944444444444445,84722.22222222222,4.277777777777778,0.49769502474884547,4.814814814814815e-06,0,0.0,0.2737304022023919,0.35817509116468105,0.14238566189952076,0.0,0.2321867321867322
FIVE-BN GAMES,48,7.516129032258065,39062.5,11.416666666666666,0.9076065402831219,0.00010871031746031745,5,0.10416666666666667,0.17454851097120647,0.5423832125377654,0.3891976086796104,0.370482842750058,0.7371007371007371
Fancy Fish Games,10,6.857142857142857,24000.0,1.7,0.8301769742723982,6.8e-05,2,0.2,0.1121476679165179,0.2138605028258732,0.0,0.22716051499996484,0.6437346437346437
Fantastico Studio,11,6.777777777777778,15909.09090909091,2.6363636363636362,0.8594702842377262,0.0,2,0.18181818181818182,0.0594768185549878,0.2779663058839934,0.022668219139849854,0.22716051499996484,0.07678132678132678
Fast Travel Games,12,6.416666666666667,38333.333333333336,5.5,0.7675332775803777,0.00010904761904761906,9,0.75,0.17213461033217295,0.4030242538903517,0.04352095933159413,0.4761064671776892,0.7395577395577395
Fatshark,13,6.0,767307.6923076923,4.461538461538462,0.7571338918159723,0.0002539340659340659,0,0.0,0.5560177986399676,0.36554427834522824,0.06282758118853439,0.0,0.8697788697788698
Fellow Traveller,23,7.130434782608695,242826.08695652173,4.478260869565218,0.8351650226532961,4.3055900621118014e-05,3,0.13043478260869565,0.4086236977161367,0.36620252858921926,0.20324704375694072,0.2866446555001863,0.5614250614250614
Finji,12,7.363636363636363,297500.0,7.833333333333333,0.8572900879953665,8.053968253968254e-05,0,0.0,0.4346384667226397,0.46906741737152674,0.04352095933159413,0.0,0.6818181818181818
FireFly Studios,12,6.636363636363637,689166.6666666666,10.833333333333334,0.720357225156278,0.0002472936507936508,1,0.08333333333333333,0.5422583378083556,0.5320224893796234,0.04352095933159413,0.14332232775009315,0.8636363636363636
Fireshine Games,16,6.5625,151562.5,8.75,0.7780202220089392,0.000807125,8,0.5,0.34824032242424974,0.49032636021889625,0.11340914000229768,0.4543210299999297,0.9582309582309583
First Games Interactive,10,5.9,45500.0,5.0,0.7405543277550538,1e-05,1,0.1,0.19409094836211369,0.3857899793833686,0.0,0.14332232775009315,0.32555282555282555
FlagmanJeremy,13,4.888888888888889,13846.153846153846,1.0,0.5811243060016197,1.758241758241758e-05,5,0.38461538461538464,0.04168587443322641,0.14924393652741208,0.06282758118853439,0.370482842750058,0.40786240786240785
Flat Cat Games,11,7.1,22727.272727272728,10.181818181818182,0.8666522678458879,0.00014363636363636363,1,0.09090909090909091,0.10516755757624256,0.51982900126266,0.022668219139849854,0.14332232775009315,0.7825552825552825
Flyhigh Works,32,6.758620689655173,22968.75,4.125,0.8268416087177746,5.3869047619047616e-05,9,0.28125,0.10652147267656602,0.3518503417372944,0.2862106654423914,0.4761064671776892,0.5921375921375921
Flying Interactive,15,6.071428571428571,26000.0,2.533333333333333,0.6761820960449566,0.00015333333333333334,0,0.0,0.12240142259257246,0.2717776646843545,0.09761520293164012,0.0,0.7948402948402948
FobTi interactive,10,6.8,24000.0,1.0,0.8077296330364353,0.0,1,0.1,0.1121476679165179,0.14924393652741208,0.0,0.14332232775009315,0.07678132678132678
Focus Entertainment,66,6.590909090909091,521212.1212121212,8.878787878787879,0.7604200881434602,0.0005066883116883117,13,0.19696969696969696,0.5064743090867201,0.4931518189658974,0.4707071604985814,0.5456789700000703,0.9373464373464373
Focus Home Interactive,11,4.5,28636.363636363636,4.7272727272727275,0.5496272029800383,0.00012303030303030302,0,0.0,0.13477381094428456,0.37577359259656884,0.022668219139849854,0.0,0.7567567567567568
Forestlight Games,11,5.5,12272.727272727272,7.818181818181818,0.7174820597849327,9.090909090909091e-06,0,0.0,0.026233568788411533,0.4686977803930003,0.022668219139849854,0.0,0.30405405405405406
Forever Entertainment S. A.,79,5.873015873015873,91075.9493670886,3.518987341772152,0.6820877981391981,4.577697408077155e-05,9,0.11392405063291139,0.28299458264599586,0.32475473362749485,0.516906249151801,0.4761064671776892,0.5761670761670762
FreeMind S.A.,12,4.888888888888889,15416.666666666666,15.083333333333334,0.5890550711617301,0.00015,7,0.5833333333333334,0.05544914351444149,0.5980942602463598,0.04352095933159413,0.4299669832502795,0.7886977886977887
FreezeNova,20,5.894736842105263,79250.0,1.65,0.6985926657948867,6.476190476190476e-06,0,0.0,0.26517662393813995,0.2098358344854869,0.168459422013835,0.0,0.25675675675675674
Frogwares,20,6.25,262500.0,10.3,0.7228069098232434,9.758095238095238e-05,1,0.05,0.418604039671513,0.522092730430287,0.168459422013835,0.14332232775009315,0.714987714987715
Frontier Developments,11,7.0,1454090.9090909092,11.363636363636363,0.8003716056002063,0.001381982683982684,3,0.2727272727272727,0.6379109722154248,0.54146166150713,0.022668219139849854,0.2866446555001863,0.9815724815724816
Frontwing USA,37,7.777777777777778,18918.91891891892,2.4594594594594597,0.9200606897863398,0.00015268983268983268,7,0.1891891891891892,0.08167314825819633,0.26722822824944437,0.32296448651661164,0.4299669832502795,0.7923832923832924
Frosted Wings Studio,11,6.555555555555555,14545.454545454546,2.1818181818181817,0.7909822306061739,0.0,6,0.5454545454545454,0.04799747847206177,0.24921519609924006,0.022668219139849854,0.4023566422499772,0.07678132678132678
Frozenbyte,15,6.636363636363637,608333.3333333334,5.466666666666667,0.7611271713202706,0.00010595555555555556,0,0.0,0.5262755035416907,0.4019172412352866,0.09761520293164012,0.0,0.730958230958231
Fruitbat Factory,39,6.903225806451613,76025.64102564103,2.4615384615384617,0.8288438656704797,7.478632478632479e-05,1,0.02564102564102564,0.25985547479445253,0.2673575845087337,0.3363274245347102,0.14332232775009315,0.6633906633906634
Fulqrum Publishing,117,6.05982905982906,152264.95726495725,5.162393162393163,0.6886464323313632,7.727472527472528e-05,9,0.07692307692307693,0.34883270099723407,0.3915400839372457,0.6181594965760282,0.4761064671776892,0.6695331695331695
Funbox Media Ltd,64,5.738095238095238,75468.75,3.265625,0.6330496400659037,2.061607142857143e-05,13,0.203125,0.258913631988071,0.3123313139067308,0.46281200555175495,0.5456789700000703,0.4398034398034398
Funcom,16,6.666666666666667,732500.0,7.4375,0.7982402211803261,0.0002535833333333333,2,0.125,0.5500704198068368,0.4591960716728057,0.11340914000229768,0.22716051499996484,0.8685503685503686
Fury Games Production,13,3.8,10000.0,2.230769230769231,0.44564386872079176,0.0,0,0.0,0.0,0.2525024887630878,0.06282758118853439,0.0,0.07678132678132678
Future Friends Games,10,7.6,108500.0,9.7,0.8855661208349371,0.00029142857142857144,5,0.5,0.3054206010881707,0.5103454452781003,0.0,0.370482842750058,0.8869778869778869
G-MODE,47,6.875,11382.978723404256,1.9361702127659575,0.8978345642410827,9.503546099290782e-05,34,0.723404255319149,0.016592879545450984,0.23191546681530945,0.3838258683740316,0.7351407816775731,0.7113022113022113
GCN,10,6.666666666666667,10000.0,5.2,0.8098984348984348,5.9999999999999995e-05,3,0.3,0.0,0.3928500704771336,0.0,0.2866446555001863,0.6179361179361179
GFI,12,5.5,21666.666666666668,1.0833333333333333,0.5846459348070439,1.111111111111111e-06,0,0.0,0.0990454348443394,0.158033462518388,0.04352095933159413,0.0,0.1732186732186732
GVR Training Computer Software,11,5.0,10000.0,13.727272727272727,0.7914965986394558,0.0,7,0.6363636363636364,0.0,0.579128915038411,0.022668219139849854,0.4299669832502795,0.07678132678132678
GZ Storm,11,7.444444444444445,29545.454545454544,1.0,0.8830919458921375,9.090909090909091e-06,2,0.18181818181818182,0.1387773952533164,0.14924393652741208,0.022668219139849854,0.22716051499996484,0.30405405405405406
Gagonfe,11,7.636363636363637,12272.727272727272,2.1818181818181817,0.8962798709845843,3.636363636363636e-05,1,0.09090909090909091,0.026233568788411533,0.24921519609924006,0.022668219139849854,0.14332232775009315,0.5294840294840295
Game for people,17,6.294117647058823,221176.4705882353,61.05882352941177,0.7253882423093716,7.014005602240897e-06,0,0.0,0.3966603715219175,0.8888318816181313,0.12830005996515034,0.0,0.2628992628992629
GameHouse,47,6.975609756097561,16702.127659574468,12.191489361702128,0.8395471807593401,6.409321175278623e-05,10,0.2127659574468085,0.06570833591263225,0.5554166159454784,0.3838258683740316,0.49581379227537004,0.6363636363636364
GameMill Entertainment,30,5.178571428571429,47833.333333333336,4.766666666666667,0.5365556187735081,7.627301587301588e-05,13,0.43333333333333335,0.2004975797614675,0.3772495147123685,0.26992285111526687,0.5456789700000703,0.6670761670761671
Gamera Games,52,6.980392156862745,186153.84615384616,2.826923076923077,0.7944407263769858,0.0013268388278388278,20,0.38461538461538464,0.37457615507995534,0.28896385667950075,0.409641047648492,0.6295171572499421,0.9778869778869779
Gamera Interactive,21,6.105263157894737,22857.14285714286,2.0476190476190474,0.724931021550929,6.6666666666666675e-06,5,0.23809523809523808,0.10589749148850632,0.23993687651103293,0.18057882461709088,0.370482842750058,0.26044226044226043
Games For Pleasure,10,5.2,10000.0,21.8,0.5451670328810166,2e-05,6,0.6,0.0,0.6732337143582062,0.0,0.4023566422499772,0.43243243243243246
Games Incubator,22,6.333333333333333,45227.27272727273,10.727272727272727,0.734944534608602,0.0004976623376623377,10,0.45454545454545453,0.1933207705822839,0.5300839625748226,0.1921594055706405,0.49581379227537004,0.9361179361179361
Games Operators,30,6.117647058823529,84833.33333333333,6.433333333333334,0.6760312589762719,0.000144615873015873,3,0.1,0.27389830152448097,0.4319133409224482,0.26992285111526687,0.2866446555001863,0.785012285012285
GamesBraz,13,4.5,101538.46153846153,1.2307692307692308,0.3227899877899878,0.0,2,0.15384615384615385,0.296925473589932,0.17275601687042974,0.06282758118853439,0.22716051499996484,0.07678132678132678
Gamesforgames,67,5.656716417910448,14328.358208955224,9.014925373134329,0.6881967161141697,8.955223880597016e-06,45,0.6716417910447762,0.04607112935769427,0.49609874957051525,0.47456678923647944,0.7916497570139489,0.29606879606879605
Gaming Factory S.A.,14,,10000.0,8.142857142857142,1.0,2.8571428571428567e-05,0,0.0,0.0,0.4764829193669895,0.08080161612582903,0.0,0.4914004914004914
Gammera Nest,16,6.6,11562.5,7.4375,0.6964861592093358,1.8750000000000002e-05,8,0.5,0.018597343952226068,0.4591960716728057,0.11340914000229768,0.4543210299999297,0.4201474201474201
Gamuzumi,10,5.6,10000.0,6.5,0.8199621212121212,0.0,4,0.4,0.0,0.4338357955431288,0.0,0.33278413942759594,0.07678132678132678
Gearbox Publishing,14,6.846153846153846,1136071.4285714286,6.928571428571429,0.7780586682551665,0.00010762585034013605,3,0.21428571428571427,0.6062931730082597,0.44580073397350173,0.08080161612582903,0.2866446555001863,0.7346437346437347
GentleDriver,12,5.833333333333333,10000.0,29.0,0.7172707433085813,0.0,0,0.0,0.0,0.7323236685979531,0.04352095933159413,0.0,0.07678132678132678
Ghost_RUS Games,60,5.211538461538462,17333.333333333332,1.7833333333333334,0.541689711192799,3.6825396825396824e-06,8,0.13333333333333333,0.07046028813703575,0.22040548963781248,0.4462654819930776,0.4543210299999297,0.21253071253071254
Ghostlight LTD,14,6.214285714285714,51071.42857142857,1.5714285714285714,0.7552588215712339,0.00015272108843537418,0,0.0,0.20888884418840636,0.20335532244184223,0.08080161612582903,0.0,0.7936117936117936
GirlGames,11,8.0,92272.72727272728,18.818181818181817,0.9311824711399488,4.3116883116883114e-05,2,0.18181818181818182,0.2846670041784457,0.6430552153874177,0.022668219139849854,0.22716051499996484,0.5638820638820639
Goblinz Publishing,27,6.481481481481482,191666.66666666666,9.74074074074074,0.7689755458540972,0.00077931569664903,13,0.48148148148148145,0.3783148960800388,0.5111637044623203,0.24340640580562528,0.5456789700000703,0.9557739557739557
GoldenGod Games,13,5.909090909090909,19615.384615384617,5.230769230769231,0.6616802767460684,3.186813186813187e-05,6,0.46153846153846156,0.0863042626122894,0.3939159810060624,0.06282758118853439,0.4023566422499772,0.5147420147420148
Good Shepherd Entertainment,33,7.0625,278939.3939393939,6.515151515151516,0.812130241055452,0.00017035497835497836,3,0.09090909090909091,0.42638577385630866,0.43427033350517036,0.29398796461938853,0.2866446555001863,0.8108108108108109
Gotcha Gotcha Games,43,6.961538461538462,57093.023255813954,2.86046511627907,0.8116810882057361,0.00024584717607973423,4,0.09302325581395349,0.2231671513117977,0.29084280414740854,0.36115764923418164,0.33278413942759594,0.8611793611793612
GrabTheGames,85,6.945205479452055,104588.23529411765,6.705882352941177,0.7951692819513677,0.00013420728291316526,10,0.11764705882352941,0.3007166098584426,0.4396666911741743,0.5357472405456192,0.49581379227537004,0.769041769041769
Graffiti Games,19,6.833333333333333,115526.31578947368,8.368421052631579,0.7858239998481963,0.00014981453634085214,3,0.15789473684210525,0.313459114657209,0.4817304614775797,0.1557485999176193,0.2866446555001863,0.7874692874692875
Graverobber Foundation,11,7.0,12272.727272727272,1.8181818181818181,0.892806604648675,1.8181818181818182e-05,4,0.36363636363636365,0.026233568788411533,0.2230845667788907,0.022668219139849854,0.33278413942759594,0.41277641277641275
Gray Boss,10,7.0,21500.0,5.5,0.9600245643938539,1e-05,3,0.3,0.09805621957984004,0.4030242538903517,0.0,0.2866446555001863,0.32555282555282555
Green Man Gaming Publishing,22,6.15,46590.90909090909,4.909090909090909,0.7050642062582436,3.8441558441558445e-05,3,0.13636363636363635,0.1971261756678842,0.3825026867195209,0.1921594055706405,0.2866446555001863,0.5368550368550369
Green Sauce Games,17,7.0,17647.058823529413,6.823529411764706,0.8623791441176311,7.647058823529411e-05,2,0.11764705882352941,0.07275813182770845,0.4429290791491837,0.12830005996515034,0.22716051499996484,0.6683046683046683
Grey Alien Games,38,7.28125,12368.421052631578,2.4210526315789473,0.9050550693655242,0.00029421052631578944,12,0.3157894736842105,0.027228511874094873,0.26482445544292627,0.3297316247739855,0.53035563410288,0.8882063882063882
Guilty Pleasure Games,13,6.076923076923077,11923.076923076924,1.0769230769230769,0.713140959595166,7.692307692307692e-06,0,0.0,0.022531054236311854,0.15736993815010586,0.06282758118853439,0.0,0.2757985257985258
"H2 Interactive Co., Ltd.",10,6.8,179000.0,5.0,0.7641042527307994,7.342857142857143e-05,0,0.0,0.3695559038965228,0.3857899793833686,0.0,0.0,0.6584766584766585
HFM Games,15,6.142857142857143,172000.0,1.4,0.7081772176807809,7.217777777777778e-05,3,0.2,0.36444550769727024,0.18850022669619634,0.09761520293164012,0.2866446555001863,0.6523341523341524
HFTGames,13,6.230769230769231,10000.0,1.0,0.7300811570465987,0.00015384615384615385,6,0.46153846153846156,0.0,0.14924393652741208,0.06282758118853439,0.4023566422499772,0.7960687960687961
HH-Games,194,5.848920863309353,13969.072164948453,3.0051546391752577,0.7461989735850311,3.107020127638684e-05,41,0.211340206185567,0.0428180509846338,0.2987651602626401,0.7490226709941464,0.7728394850000352,0.5122850122850123
HIKARI FIELD,44,8.333333333333334,48863.63636363636,2.5,0.9484344278208371,0.00048487445887445893,13,0.29545454545454547,0.20322761405304948,0.2697367632700709,0.3670122815682204,0.5456789700000703,0.9324324324324325
HUNTERS,21,,10000.0,1.9047619047619047,0.7670329670329671,0.0,2,0.09523809523809523,0.0,0.22959984411454876,0.18057882461709088,0.22716051499996484,0.07678132678132678
HaDe Games,31,5.483870967741935,29193.548387096773,1.0,0.6306733267196395,3.225806451612903e-06,5,0.16129032258064516,0.13724242754957008,0.14924393652741208,0.278194027548731,0.370482842750058,0.20638820638820637
Half-Face Games,16,5.333333333333333,18750.0,1.3125,0.7057229019994978,0.0,0,0.0,0.08052424482650618,0.1805035813327919,0.11340914000229768,0.0,0.07678132678132678
Hanabi Games,10,7.4,12500.0,2.1,0.9008913046365148,0.0001,9,0.9,0.02858406286464565,0.2436061339497215,0.0,0.4761064671776892,0.7211302211302212
Hanako Games,13,7.25,56923.07692307692,1.0,0.8269786025742648,4.915750915750916e-05,0,0.0,0.22278525377651795,0.14924393652741208,0.06282758118853439,0.0,0.581081081081081
HandMade Games,61,5.037735849056604,16885.245901639344,6.131147540983607,0.5496363288572176,5.714285714285714e-06,21,0.3442622950819672,0.06710516266920533,0.42297735259074615,0.4505016757323578,0.6391361200254633,0.24201474201474202
HandyGames,62,6.368421052631579,83629.03225806452,9.387096774193548,0.74538631560967,9.956989247311828e-05,5,0.08064516129032258,0.27206664955066534,0.5039550700807659,0.4546700874562264,0.370482842750058,0.7186732186732187
Hangover Cat Purrroduction,10,7.142857142857143,16500.0,1.1,0.8975177025725294,8e-05,3,0.3,0.06414861256271082,0.15974911691144308,0.0,0.2866446555001863,0.6769041769041769
HeR Interactive,34,7.424242424242424,46323.529411764706,1.0588235294117647,0.8214599536763902,0.00020176470588235292,1,0.029411764705882353,0.19638887338520586,0.1554853441743462,0.30153980279160447,0.14332232775009315,0.8304668304668305
Headup,54,6.520833333333333,97222.22222222222,7.407407407407407,0.7545661197674184,0.0001429594356261023,4,0.07407407407407407,0.2913607002330091,0.4584267770980887,0.41929104622016095,0.33278413942759594,0.7813267813267813
Heart's Choice,24,6.461538461538462,14791.666666666666,1.0,0.8082306631550431,8.333333333333333e-05,7,0.2916666666666667,0.050147689379124796,0.14924393652741208,0.2138819969035985,0.4299669832502795,0.6855036855036855
Hede,62,4.338983050847458,11854.838709677419,49.274193548387096,0.3722846060919073,1.6129032258064516e-06,5,0.08064516129032258,0.02179581772261869,0.8434888405811165,0.4546700874562264,0.370482842750058,0.18058968058968058
Hede Games,16,3.7857142857142856,10000.0,27.25,0.23251238089932943,1.25e-05,5,0.3125,0.0,0.7193824831174593,0.11340914000229768,0.370482842750058,0.3593366093366093
Hell Bomb Studio,12,6.916666666666667,10000.0,1.25,0.8544252719480548,1.6666666666666667e-05,11,0.9166666666666666,0.0,0.17460421265708895,0.04352095933159413,0.5138051705001512,0.3931203931203931
Hentai Room,12,5.888888888888889,10000.0,1.8333333333333333,0.7265734265734266,8.333333333333334e-06,5,0.4166666666666667,0.0,0.22423906545435243,0.04352095933159413,0.370482842750058,0.2868550368550369
Hentai works,32,7.066666666666666,10000.0,18.3125,0.8596175159421442,1.25e-05,21,0.65625,0.0,0.6374899570157478,0.2862106654423914,0.6391361200254633,0.3593366093366093
Henteko Doujin,41,7.392857142857143,41219.51219512195,3.024390243902439,0.8444164249955125,2.250871080139373e-05,10,0.24390243902439024,0.18143402869078606,0.2997967736638375,0.34903824663092586,0.49581379227537004,0.44594594594594594
HeroCraft PC,13,6.923076923076923,112307.69230769231,5.6923076923076925,0.7790521292931545,8.952380952380952e-05,6,0.46153846153846156,0.3098393090981561,0.4093020597263863,0.06282758118853439,0.4023566422499772,0.699017199017199
Hitcents,12,7.083333333333333,95416.66666666667,5.25,0.823474907650748,1.4682539682539683e-05,2,0.16666666666666666,0.28895919445032064,0.39457950537434455,0.04352095933159413,0.22716051499996484,0.37714987714987713
Home Net Games,12,6.818181818181818,212500.0,10.083333333333334,0.792221816487809,4.34920634920635e-05,2,0.16666666666666666,0.39153362638929173,0.5179242080761242,0.04352095933159413,0.22716051499996484,0.5675675675675675
Hooded Horse,14,7.538461538461538,522857.14285714284,13.071428571428571,0.8453343987744157,0.0014406598639455782,8,0.5714285714285714,0.5068780012977188,0.5693203816266982,0.08080161612582903,0.4543210299999297,0.9852579852579852
Hook Games,17,7.769230769230769,85294.11764705883,14.0,0.8112495431146949,0.00010621848739495799,0,0.0,0.2745922508922055,0.5830797320705409,0.12830005996515034,0.0,0.7321867321867321
Horny69Team,11,5.7272727272727275,10000.0,18.90909090909091,0.6115604749091793,0.0,4,0.36363636363636365,0.0,0.6440406335244351,0.022668219139849854,0.33278413942759594,0.07678132678132678
Hosted Games,177,6.65,14576.271186440677,1.0,0.7374963098180809,7.0863599677159e-05,22,0.12429378531073447,0.04826858942607617,0.14924393652741208,0.7252590605778807,0.6483274292638558,0.6474201474201474
Hound Picked Games,10,7.428571428571429,12500.0,4.5,0.8460719507386795,0.0,2,0.2,0.02858406286464565,0.36705525638541514,0.0,0.22716051499996484,0.07678132678132678
HugePixel,26,6.076923076923077,11923.076923076924,3.3846153846153846,0.7775212121035984,1.923076923076923e-05,10,0.38461538461538464,0.022531054236311854,0.31825527662761466,0.23393190079045095,0.49581379227537004,0.4250614250614251
Humble Games,46,7.341463414634147,308152.17391304346,7.239130434782608,0.8321225449500268,0.0002899606625258799,11,0.2391304347826087,0.43914525189955633,0.45407349518818735,0.37834103053042084,0.5138051705001512,0.8845208845208845
Humongous Entertainment,35,7.428571428571429,22285.714285714286,2.3142857142857145,0.8438845077876204,0.000324108843537415,0,0.0,0.10265420434609623,0.2579976913309504,0.3088788845822412,0.0,0.8992628992628993
Hunny Bunny Studio,40,6.675,14750.0,13.7,0.8141177908397857,1.6761904761904764e-05,24,0.6,0.04978633511129117,0.578729816708926,0.34276034828214924,0.6655682788551919,0.3968058968058968
Hunted Cow Games,44,5.666666666666667,48863.63636363636,1.0909090909090908,0.6841641580127436,2.9155844155844155e-05,1,0.022727272727272728,0.20322761405304948,0.15881500053476164,0.3670122815682204,0.14332232775009315,0.4963144963144963
HypeTrain Digital,26,7.363636363636363,313653.8461538461,9.153846153846153,0.8389240008810452,0.0005505714285714286,6,0.23076923076923078,0.4414122871064784,0.49906491840584416,0.23393190079045095,0.4023566422499772,0.9447174447174447
Hyperstrange,11,7.818181818181818,64545.454545454544,5.545454545454546,0.8840357279443448,0.0001161904761904762,3,0.2727272727272727,0.23888426030187782,0.40452470238132215,0.022668219139849854,0.2866446555001863,0.7493857493857494
I commissioned some series,57,7.230769230769231,10438.59649122807,3.087719298245614,0.9602272187049687,1.4035087719298246e-05,48,0.8421052631578947,0.005498532405875191,0.30315863076715843,0.4331272271926699,0.8047132844999544,0.371007371007371
INDIECN,24,6.55,72916.66666666667,2.0833333333333335,0.7760599713413386,0.00021269841269841268,6,0.25,0.2545065701875586,0.24244541153165952,0.2138819969035985,0.4023566422499772,0.8378378378378378
INFINITE BRIDGE,29,5.363636363636363,15689.655172413793,1.0,0.4664955750215172,0.0,0,0.0,0.05769761540795056,0.14924393652741208,0.26138044074291994,0.0,0.07678132678132678
"INTI CREATES CO., LTD.",20,7.578947368421052,77750.0,7.9,0.8655166428146494,6.761904761904761e-05,4,0.2,0.2627286441618427,0.4706863233975931,0.168459422013835,0.33278413942759594,0.6425061425061425
IO Games,10,5.333333333333333,49000.0,2.5,0.6000050989239059,0.0,0,0.0,0.20358462141124065,0.2697367632700709,0.0,0.0,0.07678132678132678
IR Studio,80,6.8,22750.0,1.4,0.7846796886873147,2.385714285714286e-05,27,0.3375,0.10529559660918347,0.18850022669619634,0.5201425662328424,0.6890012977501635,0.4582309582309582
IV Productions,22,5.076923076923077,18181.81818181818,2.5454545454545454,0.6645994226951104,1.818181818181818e-05,2,0.09090909090909091,0.07658234189434027,0.27251504036089313,0.1921594055706405,0.22716051499996484,0.4103194103194103
Iceberg Interactive,66,6.133333333333334,74924.24242424243,6.136363636363637,0.7049201995890093,0.00043675324675324675,12,0.18181818181818182,0.257985988746699,0.42313478659888587,0.4707071604985814,0.53035563410288,0.9262899262899262
Idea Factory International,30,7.1,140333.33333333334,2.566666666666667,0.8211163310063163,0.00035351746031746033,5,0.16666666666666666,0.3383788998630114,0.2737994024221438,0.26992285111526687,0.370482842750058,0.9054054054054054
Independent,11,6.8,14545.454545454546,1.8181818181818181,0.9165941639813819,1.4285714285714287e-05,3,0.2727272727272727,0.04799747847206177,0.2230845667788907,0.022668219139849854,0.2866446555001863,0.3740786240786241
Indie,15,5.75,23666.666666666668,1.1333333333333333,0.7038417110523372,0.0,1,0.06666666666666667,0.11035598415975716,0.16313995056651948,0.09761520293164012,0.14332232775009315,0.07678132678132678
Indie Games Publisher,13,4.666666666666667,15000.0,8.076923076923077,0.4617063492063492,0.0,3,0.23076923076923078,0.05193932803211756,0.4749245519820287,0.06282758118853439,0.2866446555001863,0.07678132678132678
IndieArk,14,7.571428571428571,133571.42857142858,4.571428571428571,0.8572868725845624,0.00031933333333333336,13,0.9285714285714286,0.3320524061353582,0.3698335334762374,0.08080161612582903,0.5456789700000703,0.8955773955773956
IndieGala,11,6.0,100909.09090909091,2.6363636363636362,0.72205327383188,1.2121212121212122e-07,1,0.09090909090909091,0.29612894826791314,0.2779663058839934,0.022668219139849854,0.14332232775009315,0.15601965601965603
Individual Software,69,5.0,10942.028985507246,1.144927536231884,0.6124286711021405,4.347826086956522e-06,0,0.0,0.011532028233343577,0.16430696419371896,0.48211862740869543,0.0,0.22665847665847666
Indovers Studio,11,4.888888888888889,76363.63636363637,2.090909090909091,0.530760232338356,1.8701298701298704e-05,0,0.0,0.26042375149405245,0.24297378845230597,0.022668219139849854,0.0,0.4176904176904177
Inoa Games,12,,10000.0,1.0,1.0,0.0,12,1.0,0.0,0.14924393652741208,0.04352095933159413,0.53035563410288,0.07678132678132678
Inspector Studios,39,4.7894736842105265,17820.51282051282,19.641025641025642,0.4311689271146164,2.1245421245421246e-05,39,1.0,0.0740111009457812,0.6518143491859358,0.3363274245347102,0.7627511226778755,0.44226044226044225
Interplay,17,6.818181818181818,93235.29411764706,1.0,0.8218963228161509,8.352941176470589e-05,0,0.0,0.2859964662673322,0.14924393652741208,0.12830005996515034,0.0,0.6867321867321867
Interplay Entertainment Corp.,30,6.884615384615385,56333.333333333336,1.8,0.7776045189829371,3.266666666666666e-05,2,0.06666666666666667,0.2214511020286229,0.22169094711031065,0.26992285111526687,0.22716051499996484,0.5196560196560197
Interplay Inc.,11,6.2,45909.09090909091,1.6363636363636365,0.6681413671366361,2.96969696969697e-05,0,0.0,0.19523760231602544,0.2087250143753663,0.022668219139849854,0.0,0.4987714987714988
Introversion Software,12,7.1,438333.3333333333,4.416666666666667,0.8116094635693593,0.00019392857142857143,2,0.16666666666666666,0.4842888224024806,0.36376796372156744,0.04352095933159413,0.22716051499996484,0.8243243243243243
InvertMouse,19,7.5,23947.36842105263,3.6315789473684212,0.885928035976494,3.9849624060150376e-05,0,0.0,0.11186643107028228,0.3300535783056416,0.1557485999176193,0.0,0.5466830466830467
Ironcode Gaming,16,5.666666666666667,11562.5,1.8125,0.7042863019333608,3.7500000000000003e-05,7,0.4375,0.018597343952226068,0.22265002881684914,0.11340914000229768,0.4299669832502795,0.5343980343980343
Ivanovich Games,19,6.0,23421.052631578947,8.68421052631579,0.7038728884883241,5.7894736842105253e-05,1,0.05263157894736842,0.1090195746616014,0.4888685788404032,0.1557485999176193,0.14332232775009315,0.6081081081081081
JAST,12,7.7,15416.666666666666,1.8333333333333333,0.8508888375812579,0.00025333333333333333,9,0.75,0.05544914351444149,0.22423906545435243,0.04352095933159413,0.4761064671776892,0.8673218673218673
JAST USA,23,8.052631578947368,51304.34782608696,1.826086956521739,0.9102586382084018,0.00019867494824016564,1,0.043478260869565216,0.2094717642272686,0.22368768618475934,0.20324704375694072,0.14332232775009315,0.8255528255528255
JY,11,4.5,10000.0,1.0,0.31031713900134955,0.0,0,0.0,0.0,0.14924393652741208,0.022668219139849854,0.0,0.07678132678132678
"Jackbox Games, Inc.",27,7.037037037037037,154259.25925925927,2.5555555555555554,0.7951688986872284,0.0003769594356261023,2,0.07407407407407407,0.3504997100704539,0.2731275969251473,0.24340640580562528,0.22716051499996484,0.9127764127764127
JanduSoft,36,6.52,29722.222222222223,5.833333333333333,0.7890948083607419,3.328042328042328e-05,17,0.4722222222222222,0.13954154789669587,0.41379217193616197,0.3160168701261005,0.5976433577500228,0.5221130221130221
Jetdogs Studios,44,7.0,59318.181818181816,7.5,0.8130945871150961,0.00010372294372294373,5,0.11363636363636363,0.22806516679272276,0.460785108310309,0.3670122815682204,0.370482842750058,0.726044226044226
Jhinbrush,12,5.333333333333333,10000.0,2.0,0.5817028485981575,0.0,3,0.25,0.0,0.23654604285595657,0.04352095933159413,0.2866446555001863,0.07678132678132678
JoyBits Ltd.,22,5.444444444444445,58409.09090909091,10.545454545454545,0.6182923607625286,1.748917748917749e-05,0,0.0,0.22608664871560766,0.5267196208898947,0.1921594055706405,0.0,0.40663390663390664
KEMCO,75,6.3125,18133.333333333332,2.3066666666666666,0.7504538861319616,3.927619047619048e-05,20,0.26666666666666666,0.07624028128920993,0.25750214798882887,0.5035433111337025,0.6295171572499421,0.5417690417690417
KIMIDORI SOFT,15,6.857142857142857,21000.0,2.066666666666667,0.7884113797626352,9.142857142857143e-05,6,0.4,0.09504190058591161,0.24127839790446004,0.09761520293164012,0.4023566422499772,0.7051597051597052
KISS ltd,36,4.933333333333334,140555.55555555556,1.9166666666666667,0.5560426754438892,3.077777777777778e-05,0,0.0,0.3385816020625022,0.2304804731012866,0.3160168701261005,0.0,0.5110565110565111
"KOEI TECMO GAMES CO., LTD.",103,6.711340206185567,172572.81553398058,3.4757281553398056,0.7590959972685853,0.0015525584835876097,6,0.05825242718446602,0.3648714396206736,0.32268366020699885,0.5852574331828666,0.4023566422499772,0.9877149877149877
KOMODO,105,6.86,46857.142857142855,3.533333333333333,0.8065686321288156,0.00017912653061224492,10,0.09523809523809523,0.19785612598323649,0.32543718582200437,0.5902198722655828,0.49581379227537004,0.8157248157248157
KONAMI,36,6.8,465833.3333333333,7.444444444444445,0.7483712461396023,0.0013708968253968255,10,0.2777777777777778,0.4920839951982519,0.459373211532333,0.3160168701261005,0.49581379227537004,0.9803439803439803
KPL,25,4.947368421052632,101200.0,1.52,0.5875368670405332,1.1428571428571429e-07,1,0.04,0.2964977355907582,0.19900540708022735,0.22409978394868502,0.14332232775009315,0.1541769041769042
Kadragon,14,5.2,11785.714285714286,1.0,0.5741449691003438,9.183673469387756e-06,4,0.2857142857142857,0.021046705422109874,0.14924393652741208,0.08080161612582903,0.33278413942759594,0.31203931203931207
Kagura Games,154,6.790849673202614,45487.01298701299,2.935064935064935,0.7917761161760803,0.0003837105751391466,60,0.38961038961038963,0.194054378033691,0.29496384206354154,0.6892138973354278,0.850007080493903,0.9176904176904177
"Kairosoft Co., Ltd",54,7.37037037037037,17500.0,6.87037037037037,0.8682648968568587,0.0007575661375661376,30,0.5555555555555556,0.07168614744673715,0.44421435817160804,0.41929104622016095,0.7100469473355701,0.9545454545454546
Kajak Games,14,6.166666666666667,20000.0,1.0,0.8338256691552463,0.0,1,0.07142857142857142,0.08879176228199298,0.14924393652741208,0.08080161612582903,0.14332232775009315,0.07678132678132678
Kalypso Media,17,6.176470588235294,385000.0,11.176470588235293,0.7259778722449929,0.00048549019607843137,4,0.23529411764705882,0.4676685145560949,0.5381772343217809,0.12830005996515034,0.33278413942759594,0.9336609336609336
Kalypso Media Digital,57,5.978260869565218,296754.3859649123,4.0,0.6808523901462431,7.257309941520468e-05,0,0.0,0.43431699040750754,0.34653368921458433,0.4331272271926699,0.0,0.6535626535626535
Kasedo Games,15,6.357142857142857,181333.33333333334,6.866666666666666,0.7352896300660043,8.895238095238095e-05,2,0.13333333333333333,0.371215049660835,0.4441130103292516,0.09761520293164012,0.22716051499996484,0.6977886977886978
Kavkaz Sila Games,37,6.176470588235294,14459.45945945946,2.4054054054054053,0.6613889259182661,3.474903474903475e-06,3,0.08108108108108109,0.04723788378775928,0.2638373945943679,0.32296448651661164,0.2866446555001863,0.21007371007371006
Kawaii Hentai,10,7.7,10000.0,9.8,0.8971513109227587,0.0,5,0.5,0.0,0.5123483758806974,0.0,0.370482842750058,0.07678132678132678
KazakovStudios,17,5.529411764705882,22058.823529411766,103.0,0.6881490466407348,5.882352941176471e-06,0,0.0,0.10134330481101024,1.0,0.12830005996515034,0.0,0.24815724815724816
Kedexa,33,5.05,10000.0,1.0303030303030303,0.4171137784774148,0.0,1,0.030303030303030304,0.0,0.15248179434151654,0.29398796461938853,0.14332232775009315,0.07678132678132678
Kedronic UAB,10,,10000.0,5.0,0.8819444444444445,6.000000000000001e-05,0,0.0,0.0,0.3857899793833686,0.0,0.0,0.6191646191646192
Kiddy,23,5.695652173913044,100652.17391304347,2.1739130434782608,0.6304768521325291,4.587991718426501e-06,2,0.08695652173913043,0.295802367787753,0.2486795901337169,0.20324704375694072,0.22716051499996484,0.22972972972972974
Kink Master Studios,12,8.0,10000.0,29.25,0.7289464871743353,5.833333333333333e-05,10,0.8333333333333334,0.0,0.7341105127708303,0.04352095933159413,0.49581379227537004,0.6093366093366094
Kitfox Games,12,7.25,517916.6666666667,4.583333333333333,0.8527752682183932,0.00022515079365079366,2,0.16666666666666666,0.5056617497105507,0.37029311419951955,0.04352095933159413,0.22716051499996484,0.8476658476658476
Klabater,19,5.571428571428571,107631.57894736843,5.105263157894737,0.6463969160667499,7.899749373433583e-05,1,0.05263157894736842,0.3043911185794533,0.38953465615359584,0.1557485999176193,0.14332232775009315,0.6744471744471745
Klei Entertainment,12,8.0,3784166.6666666665,5.083333333333333,0.8995382209706384,0.0004274785714285714,0,0.0,0.7604397938174389,0.38875986767052506,0.04352095933159413,0.0,0.9226044226044227
Konnichiwa Games,10,7.2,52000.0,3.8,0.7915851819026979,1.704761904761905e-05,0,0.0,0.21119712627065984,0.33774416322360845,0.0,0.0,0.4004914004914005
Kotovodk Studio,48,6.791666666666667,10000.0,1.0,0.8290210582791459,4.166666666666667e-06,0,0.0,0.0,0.14924393652741208,0.3891976086796104,0.0,0.21867321867321868
KuKo,37,6.297297297297297,31216.216216216217,22.16216216216216,0.7416658645789397,5.148005148005148e-06,3,0.08108108108108109,0.14582413969001282,0.6766269407974522,0.32296448651661164,0.2866446555001863,0.23832923832923833
L. Stotch,17,7.411764705882353,134411.76470588235,64.82352941176471,0.8593263982076585,9.6e-05,0,0.0,0.33285584382314864,0.9015126967520698,0.12830005996515034,0.0,0.7125307125307125
LGT SIA,38,7.0,10000.0,1.0789473684210527,0.9388095238095239,5.2631578947368424e-05,28,0.7368421052631579,0.0,0.1575796931468318,0.3297316247739855,0.6962571443873977,0.5896805896805897
LGV,37,6.2,11351.351351351352,18.054054054054053,0.7545864247052702,0.0,27,0.7297297297297297,0.016236468168271092,0.6345891106437488,0.32296448651661164,0.6890012977501635,0.07678132678132678
LH Games Limited,11,,10000.0,1.0,0.9,0.0,4,0.36363636363636365,0.0,0.14924393652741208,0.022668219139849854,0.33278413942759594,0.07678132678132678
LTZinc,48,6.125,10000.0,54.229166666666664,0.7469662969784895,1.8750000000000002e-05,19,0.3958333333333333,0.0,0.8637281577919627,0.3891976086796104,0.6194287949277822,0.4201474201474201
Laush Studio,155,6.082758620689655,23193.548387096773,6.509677419354839,0.7469328260467375,8.294930875576037e-07,6,0.03870967741935484,0.10776914034463918,0.43411344031030596,0.6908892740081672,0.4023566422499772,0.16707616707616707
Lesson of Passion,14,5.642857142857143,10000.0,1.0,0.689033147153171,0.0002142857142857143,5,0.35714285714285715,0.0,0.14924393652741208,0.08080161612582903,0.370482842750058,0.8390663390663391
Libredia,29,4.653846153846154,27068.96551724138,3.793103448275862,0.49111133853394834,1.8686371100164203e-05,0,0.0,0.12756289947447938,0.33743458231174045,0.26138044074291994,0.0,0.41646191646191644
Little Black Book Entertainment,21,5.090909090909091,11190.47619047619,1.1904761904761905,0.6015871944819313,0.0,6,0.2857142857142857,0.014408042751663686,0.16883138732156142,0.18057882461709088,0.4023566422499772,0.07678132678132678
Live Motion Games,12,6.6,95416.66666666667,10.583333333333334,0.6139778472820369,0.00010507936507936507,0,0.0,0.28895919445032064,0.5274248736891534,0.04352095933159413,0.0,0.7297297297297297
LoadUpGames.com,22,,17954.545454545456,1.0,0.6571428571428571,0.0,8,0.36363636363636365,0.07497097995093195,0.14924393652741208,0.1921594055706405,0.4543210299999297,0.07678132678132678
Lonely Troops,19,6.7,56842.10526315789,11.473684210526315,0.7728028874913134,3.6390977443609025e-05,0,0.0,0.2226028958476614,0.5433696725302004,0.1557485999176193,0.0,0.5331695331695332
Loolust,25,7.041666666666667,10000.0,6.68,0.861657154622215,1.2e-05,3,0.12,0.0,0.43894228359126036,0.22409978394868502,0.2866446555001863,0.35196560196560195
Louie Inc,34,5.75,10735.29411764706,1.7941176470588236,0.6328506500380876,0.0,4,0.11764705882352941,0.009088655548633601,0.22123813203887308,0.30153980279160447,0.33278413942759594,0.07678132678132678
Lovely Games,33,6.242424242424242,30757.575757575756,5.818181818181818,0.7467291085841403,6.274170274170273e-05,20,0.6060606060606061,0.1439280156571539,0.41331422837229803,0.29398796461938853,0.6295171572499421,0.6302211302211302
Lovely Games Hentai Club,13,6.538461538461538,55769.230769230766,7.0,0.7729235869058374,2.6520146520146524e-05,4,0.3076923076923077,0.22016182281213453,0.4477318095822362,0.06282758118853439,0.33278413942759594,0.48157248157248156
Lu,14,7.214285714285714,10000.0,3.7142857142857144,0.8628493980796027,7.1428571428571436e-06,14,1.0,0.0,0.33386453597130084,0.08080161612582903,0.5599446544275608,0.26597051597051596
LucasArts,33,7.2727272727272725,593636.3636363636,3.606060606060606,0.8328009328095666,9.47994227994228e-05,0,0.0,0.5231424794158691,0.3288639980028743,0.29398796461938853,0.0,0.7100737100737101
Lucasfilm,11,7.818181818181818,875909.0909090909,2.5454545454545454,0.8761850374450462,0.00010177489177489178,0,0.0,0.572976090037817,0.27251504036089313,0.022668219139849854,0.0,0.7235872235872236
Ludosity,11,7.7,120909.09090909091,2.3636363636363638,0.8951443094671987,1.5064935064935065e-05,1,0.09090909090909091,0.31929321150342815,0.261180134529613,0.022668219139849854,0.14332232775009315,0.3783783783783784
LunarCore Games,12,5.5,22500.0,1.9166666666666667,0.6515141555335575,0.0,2,0.16666666666666666,0.10388007929628594,0.2304804731012866,0.04352095933159413,0.22716051499996484,0.07678132678132678
M.INDIE,20,5.4,29000.0,3.45,0.6148002860581557,2.0952380952380955e-06,0,0.0,0.13639028955527038,0.321442386870181,0.168459422013835,0.0,0.1891891891891892
M9 Games,10,5.25,39500.0,1.6,0.643353896103896,1e-05,2,0.2,0.1759753163322445,0.20573450120317943,0.0,0.22716051499996484,0.32555282555282555
MACKINN7,25,6.916666666666667,15600.0,9.04,0.8419881243422656,1.6e-05,6,0.24,0.05696351318445634,0.49663716176216116,0.22409978394868502,0.4023566422499772,0.3857493857493858
MAGIC Spell Studios,12,6.222222222222222,16250.0,1.1666666666666667,0.6879139676648706,8.333333333333334e-06,5,0.4166666666666667,0.06219283637099554,0.16647821103439517,0.04352095933159413,0.370482842750058,0.2868550368550369
MAGIX Software GmbH,37,5.074074074074074,19189.18918918919,4.027027027027027,0.5795691027263925,0.00031567567567567564,4,0.10810810810810811,0.08349022769196597,0.34769441163264636,0.32296448651661164,0.33278413942759594,0.8943488943488943
MB Game Studio,39,6.625,10000.0,1.3076923076923077,0.8416776790461,0.0,18,0.46153846153846156,0.0,0.1800554781801892,0.3363274245347102,0.6088228593403998,0.07678132678132678
MCG,11,4.5,10000.0,2.090909090909091,0.4224755317146622,0.0,3,0.2727272727272727,0.0,0.24297378845230597,0.022668219139849854,0.2866446555001863,0.07678132678132678
MCGame,12,5.0,12083.333333333334,3.0833333333333335,0.38803067067398284,0.0,7,0.5833333333333334,0.024241333356207522,0.30292748368418526,0.04352095933159413,0.4299669832502795,0.07678132678132678
MDickie,11,7.8,27272.727272727272,1.1818181818181819,0.895574561918755,0.0005288311688311688,6,0.5454545454545454,0.12852359130840524,0.16797865952536556,0.022668219139849854,0.4023566422499772,0.941031941031941
MIROWIN,10,7.25,34000.0,3.5,0.7794636795870202,3.542857142857143e-05,2,0.2,0.1567672072872074,0.32384814918450106,0.0,0.22716051499996484,0.527027027027027
MIRROR Soft,26,5.666666666666667,19230.76923076923,1.0,0.9018909715062461,7.692307692307692e-06,3,0.11538461538461539,0.08376750487163186,0.14924393652741208,0.23393190079045095,0.2866446555001863,0.2757985257985258
MagicHouse,11,6.0,10000.0,1.0,0.8338624338624339,0.0,5,0.45454545454545453,0.0,0.14924393652741208,0.022668219139849854,0.370482842750058,0.07678132678132678
Male Doll,17,6.352941176470588,11470.588235294117,1.5294117647058822,0.7663253806521446,5.882352941176471e-06,5,0.29411764705882354,0.017575011690435162,0.1998080677939721,0.12830005996515034,0.370482842750058,0.24815724815724816
MangaGamer,82,7.7594936708860756,27743.90243902439,1.6951219512195121,0.9128708950546304,0.00017599303135888502,8,0.0975609756097561,0.13071786995635704,0.21347114740854217,0.5264970318635118,0.4543210299999297,0.8132678132678133
Mango Party,55,7.472727272727273,10000.0,4.8545454545454545,0.8291462658460901,0.0024636363636363636,42,0.7636363636363637,0.0,0.3805059476450723,0.4239852304227163,0.777704895632193,0.9975429975429976
Marginal act,12,5.1,12083.333333333334,5.666666666666667,0.580105891372165,8.333333333333334e-06,2,0.16666666666666666,0.024241333356207522,0.40847551941345195,0.04352095933159413,0.22716051499996484,0.2868550368550369
Markt+Technik Verlag GmbH,18,6.5,10000.0,6.777777777777778,0.7216155838242408,2.777777777777778e-05,16,0.8888888888888888,0.0,0.4416662398275663,0.14238566189952076,0.5858246890000082,0.4877149877149877
Matthew Brown,10,7.7,100000.0,3.4,0.8770227219172189,0.0001899047619047619,1,0.1,0.29496959736707545,0.31900944022565497,0.0,0.14332232775009315,0.8230958230958231
Mature Games,11,6.2727272727272725,38181.818181818184,2.0,0.7601118544698565,1.0043290043290043e-05,0,0.0,0.17162726183930946,0.23654604285595657,0.022668219139849854,0.0,0.33415233415233414
Maximum Entertainment,37,6.823529411764706,57972.97297297297,9.243243243243244,0.7743348502150204,0.0004386615186615187,19,0.5135135135135135,0.2251265387004163,0.5009522977207481,0.32296448651661164,0.6194287949277822,0.9275184275184275
"Mediascape Co., Ltd.",28,7.782608695652174,41785.71428571428,1.4285714285714286,0.9249573764338891,0.00014806122448979592,5,0.17857142857142858,0.1831817445938708,0.19104834504023815,0.2525484025755791,0.370482842750058,0.7862407862407862
Meng Games,23,6.133333333333334,12173.91304347826,8.347826086956522,0.6792459053174464,0.0,6,0.2608695652173913,0.0251980078085513,0.4812566083986887,0.20324704375694072,0.4023566422499772,0.07678132678132678
Mens Sana Interactive,23,7.636363636363637,13260.869565217392,5.434782608695652,0.8857079192524996,3.478260869565218e-05,2,0.08695652173913043,0.03615327768402808,0.4008530070496755,0.20324704375694072,0.22716051499996484,0.5257985257985258
Merge Games,29,6.636363636363637,76034.4827586207,7.413793103448276,0.7588515214049234,0.00011336617405582924,7,0.2413793103448276,0.2598703726884755,0.45859025253461894,0.26138044074291994,0.4299669832502795,0.7481572481572482
Metal Fox,23,4.157894736842105,12173.91304347826,1.2608695652173914,0.3577531300112359,0.0,0,0.0,0.0251980078085513,0.1756418700249991,0.20324704375694072,0.0,0.07678132678132678
Michael Richard Lannon,14,,13571.42857142857,2.5714285714285716,0.30238095238095236,0.0,12,0.8571428571428571,0.039118667661034175,0.2740866786316858,0.08080161612582903,0.53035563410288,0.07678132678132678
Michaela Laws,10,6.875,46500.0,1.0,0.8462695210602097,2.1142857142857144e-05,0,0.0,0.19687596870703078,0.14924393652741208,0.0,0.0,0.44103194103194104
MicroProse Software,30,6.666666666666667,124833.33333333333,2.966666666666667,0.7682473624358179,0.00016205396825396827,11,0.36666666666666664,0.32338504178486893,0.29668607603725106,0.26992285111526687,0.5138051705001512,0.8034398034398035
Microids,114,5.8316831683168315,79254.38596491228,7.140350877192983,0.6646706771540937,9.09908103592314e-05,24,0.21052631578947367,0.2651837136229177,0.4514764863524634,0.6114504517908015,0.6655682788551919,0.7039312039312039
Midnight Games,14,5.538461538461538,30000.0,3.7142857142857144,0.549158344755251,0.00018802721088435374,11,0.7857142857142857,0.14073322519183565,0.33386453597130084,0.08080161612582903,0.5138051705001512,0.8218673218673219
Might and Delight,12,7.5,210416.66666666666,6.0,0.7965941789509009,1.0825396825396826e-05,0,0.0,0.390271467710166,0.4189806997974829,0.04352095933159413,0.0,0.34275184275184273
Mihai Morosanu,13,5.25,91153.84615384616,1.0,0.5808597323076671,2.5641025641025644e-06,0,0.0,0.28310410529825647,0.14924393652741208,0.06282758118853439,0.0,0.1941031941031941
Mikołaj Spychał,15,6.769230769230769,15000.0,2.3333333333333335,0.8257222747665267,0.0,0,0.0,0.05193932803211756,0.2592315828860399,0.09761520293164012,0.0,0.07678132678132678
Milestone S.r.l.,42,6.675,94285.71428571429,7.809523809523809,0.7590279689676753,0.0007200181405895692,6,0.14285714285714285,0.28743169648358136,0.46848627400358506,0.3551684159285284,0.4023566422499772,0.9508599508599509
Mindscape,12,6.142857142857143,10000.0,10.0,0.5924452402601174,5e-05,7,0.5833333333333334,0.0,0.5162991929128272,0.04352095933159413,0.4299669832502795,0.5847665847665847
"Mindware Co., Ltd.",13,6.583333333333333,11923.076923076924,1.9230769230769231,0.85614939960291,7.692307692307692e-06,2,0.15384615384615385,0.022531054236311854,0.2309531702990702,0.06282758118853439,0.22716051499996484,0.2757985257985258
Minicactus Games,14,7.357142857142857,28214.285714285714,5.285714285714286,0.915252247716569,1.7278911564625852e-05,3,0.21428571428571427,0.13287160101626513,0.3958063661701684,0.08080161612582903,0.2866446555001863,0.40417690417690416
Minimol Games,31,6.903225806451613,32903.22580645161,5.32258064516129,0.7991463493140066,2.0276497695852538e-05,1,0.03225806451612903,0.15256667210811414,0.39706551295807213,0.278194027548731,0.14332232775009315,0.43734643734643736
Mismatch Studio,10,8.0,44000.0,4.2,0.808691375076414,1.3714285714285716e-05,0,0.0,0.18979649666887102,0.3549784377305915,0.0,0.0,0.36732186732186733
Modern Wolf,10,6.0,117000.0,3.9,0.7194143469460701,0.00012104761904761904,1,0.1,0.3150829535381863,0.3421837738529695,0.0,0.14332232775009315,0.7555282555282555
Momentum Games,12,7.0,10000.0,3.5,0.8476358825439775,0.00035833333333333333,7,0.5833333333333334,0.0,0.32384814918450106,0.04352095933159413,0.4299669832502795,0.9066339066339066
MoonlightGames,15,5.5,11666.666666666666,9.933333333333334,0.66950295269623,2e-05,4,0.26666666666666666,0.0197462094677073,0.5149902923038139,0.09761520293164012,0.33278413942759594,0.43243243243243246
Movie Games S.A.,31,6.105263157894737,104516.12903225806,8.35483870967742,0.7226966956993317,0.000226715821812596,4,0.12903225806451613,0.3006282582857993,0.48141807333847203,0.278194027548731,0.33278413942759594,0.8488943488943489
MumboJumbo,22,7.142857142857143,15681.818181818182,1.8181818181818181,0.2781293667318891,2.5324675324675325e-05,0,0.0,0.05763361315389743,0.2230845667788907,0.1921594055706405,0.0,0.47174447174447176
My Label Game Studio,26,5.615384615384615,11923.076923076924,0.0,0.6163820962767659,1.5384615384615384e-05,0,0.0,0.022531054236311854,0.0,0.23393190079045095,0.0,0.38144963144963145
My Way Games,92,5.333333333333333,37173.913043478264,6.173913043478261,0.5901003786153147,0.00015957971014492753,4,0.043478260869565216,0.16820016576021016,0.42426473153577926,0.5561335165576584,0.33278413942759594,0.7997542997542998
Mykhail Konokh,12,5.7,23750.0,1.0833333333333333,0.7070823559619185,8.333333333333334e-06,1,0.08333333333333333,0.11080625974530714,0.158033462518388,0.04352095933159413,0.14332232775009315,0.2868550368550369
NAISU,12,7.444444444444445,14166.666666666666,14.666666666666666,0.8542270605154152,1.9047619047619046e-05,2,0.16666666666666666,0.04461734169328633,0.5924426631596915,0.04352095933159413,0.22716051499996484,0.4238329238329238
NEOWIZ,14,7.071428571428571,480714.28571428574,7.714285714285714,0.8108215213806845,0.00028840136054421767,3,0.21428571428571427,0.4961123866185039,0.46614588697050535,0.08080161612582903,0.2866446555001863,0.8832923832923832
"NIS America, Inc.",63,6.898305084745763,61111.11111111111,2.873015873015873,0.810633732947935,0.00037472108843537416,11,0.1746031746031746,0.23187990236739173,0.2915416743134164,0.45877285216582175,0.5138051705001512,0.9103194103194103
NS,23,5.666666666666667,18913.043478260868,6.565217391304348,0.6032719798470382,4.347826086956522e-06,2,0.08695652173913043,0.08163335887960085,0.43569999322397335,0.20324704375694072,0.22716051499996484,0.22665847665847666
NSFW18 Games,11,6.2727272727272725,10000.0,4.545454545454546,0.7218448437485852,1.8181818181818182e-05,5,0.45454545454545453,0.0,0.36882739385516106,0.022668219139849854,0.370482842750058,0.41277641277641275
NVLMaker,15,8.2,122000.0,2.2,0.9290567282710372,4.9587301587301585e-05,2,0.13333333333333333,0.3204438864915091,0.25044205689506394,0.09761520293164012,0.22716051499996484,0.5823095823095823
Nacks Soft,12,5.5,17500.0,103.0,0.6296875000000001,0.0,0,0.0,0.07168614744673715,1.0,0.04352095933159413,0.0,0.07678132678132678
Nacon,98,5.768421052631579,143571.42857142858,9.357142857142858,0.650564380155357,0.0008615461613216714,30,0.30612244897959184,0.3413013105756701,0.5033332601778828,0.5724213308847828,0.7100469473355701,0.9606879606879607
NaipSoft,13,7.153846153846154,10000.0,31.0,0.9074247814779786,3.076923076923077e-05,13,1.0,0.0,0.7462196826370604,0.06282758118853439,0.5456789700000703,0.5098280098280098
Nami Tentou,11,7.0,10000.0,8.454545454545455,0.8843704906204907,0.0,7,0.6363636363636364,0.0,0.48370080708717283,0.022668219139849854,0.4299669832502795,0.07678132678132678
NanningsGames,37,6.387096774193548,27837.837837837837,9.513513513513514,0.7713427032155525,2.702702702702703e-06,5,0.13513513513513514,0.13115087251869134,0.5065597366942495,0.32296448651661164,0.370482842750058,0.19717444717444718
Narko Games,14,5.076923076923077,55000.0,1.8571428571428572,0.5135206569787892,1.2312925170068026e-05,1,0.07142857142857142,0.21838253917620168,0.22604086247192554,0.08080161612582903,0.14332232775009315,0.35626535626535627
NedoStudio,13,5.666666666666667,27692.30769230769,3.5384615384615383,0.6339160249089958,0.0,0,0.0,0.13047941577257804,0.3256806154546167,0.06282758118853439,0.0,0.07678132678132678
Neki4 Electronics,25,5.555555555555555,10000.0,2.0,0.5429701004427171,0.0,7,0.28,0.0,0.23654604285595657,0.22409978394868502,0.4299669832502795,0.07678132678132678
NekoNyan Ltd.,27,8.0,42037.03703703704,2.3333333333333335,0.925862173663615,0.0007137918871252204,8,0.2962962962962963,0.1839499358682523,0.2592315828860399,0.24340640580562528,0.4543210299999297,0.9496314496314496
Neoclassic Games,10,7.125,29000.0,10.0,0.8139485721520854,2e-05,0,0.0,0.13639028955527038,0.5162991929128272,0.0,0.0,0.43243243243243246
Neon Doctrine,19,6.894736842105263,308157.8947368421,8.0,0.7951372091080057,5.4922305764411024e-05,3,0.15789473684210525,0.43914763019846353,0.47309208571191314,0.1557485999176193,0.2866446555001863,0.597051597051597
New Blood Interactive,10,8.4,1152000.0,2.5,0.9445066549531159,0.00016484761904761905,2,0.2,0.6080768755141057,0.2697367632700709,0.0,0.22716051499996484,0.8095823095823096
New Reality Games,38,5.2105263157894735,326052.63157894736,1.1578947368421053,0.5617749330559331,6.140350877192983e-07,0,0.0,0.4463788960445476,0.16560472713010874,0.3297316247739855,0.0,0.16216216216216217
Next Game,23,7.1,13913.04347826087,1.3043478260869565,0.8474267820715528,0.0002515527950310559,0,0.0,0.04230322235646742,0.1797432033073066,0.20324704375694072,0.0,0.8660933660933661
Nibb Games,12,7.181818181818182,17500.0,3.9166666666666665,0.9368183663172053,1.0555555555555555e-05,5,0.4166666666666667,0.07168614744673715,0.34291488996159974,0.04352095933159413,0.370482842750058,0.3415233415233415
"Nicalis, Inc.",21,7.157894736842105,950000.0,3.619047619047619,0.804240759903689,6.747528344671202e-05,2,0.09523809523809523,0.5833784616451072,0.329470230652388,0.18057882461709088,0.22716051499996484,0.6412776412776413
Nightdive Studios,41,7.0,103780.48780487805,2.4146341463414633,0.8010300672230265,0.00013370499419279906,4,0.0975609756097561,0.29972338031261825,0.2644201107473609,0.34903824663092586,0.33278413942759594,0.7678132678132679
Nikita Morti,10,6.5,10000.0,2.0,0.8354390054390054,0.0,6,0.6,0.0,0.23654604285595657,0.0,0.4023566422499772,0.07678132678132678
Nival,10,6.375,228000.0,7.7,0.677599299082194,0.00011714285714285715,0,0.0,0.4005529025523793,0.46579262440215363,0.0,0.0,0.7518427518427518
No Gravity Games,27,5.933333333333334,22777.777777777777,4.777777777777778,0.7199596086883909,4.197530864197531e-06,0,0.0,0.10545191517408535,0.37766397776067484,0.24340640580562528,0.0,0.2199017199017199
No More Robots,14,7.5,193571.42857142858,6.642857142857143,0.839127741191296,0.00013028571428571427,3,0.21428571428571427,0.3795817346894431,0.4378984346952018,0.08080161612582903,0.2866446555001863,0.7628992628992629
Nomad Games,11,6.0,103636.36363636363,4.090909090909091,0.7168719314479616,0.00012716883116883118,0,0.0,0.29954534867103294,0.350413316466892,0.022668219139849854,0.0,0.7604422604422605
Notus Games Ltd,11,6.5,10000.0,4.7272727272727275,0.8603440419229892,4.545454545454546e-05,0,0.0,0.0,0.37577359259656884,0.022668219139849854,0.0,0.5743243243243243
NovaLogic,14,7.142857142857143,50357.142857142855,1.0,0.8249678287464511,7.258503401360543e-05,0,0.0,0.2070845023969932,0.14924393652741208,0.08080161612582903,0.0,0.6547911547911548
Noxurtica,19,6.8,10000.0,1.0,0.8156162464985994,1.0526315789473684e-05,8,0.42105263157894735,0.0,0.14924393652741208,0.1557485999176193,0.4543210299999297,0.3402948402948403
NukGames,11,6.9,207727.27272727274,10.090909090909092,0.7838328153631899,7.774891774891774e-06,0,0.0,0.3886235289694592,0.5180713303825731,0.022668219139849854,0.0,0.2788697788697789
Nukearts Studio,10,8.0,17500.0,1.1,0.9490512412598692,5.8571428571428575e-05,6,0.6,0.07168614744673715,0.15974911691144308,0.0,0.4023566422499772,0.6105651105651105
Nutaku Publishing,18,5.357142857142857,17777.777777777777,1.6111111111111112,0.5991340528543199,0.002440740740740741,1,0.05555555555555555,0.07370353422313132,0.20665268377632287,0.14238566189952076,0.14332232775009315,0.9963144963144963
Nyu Media,10,6.0,26500.0,1.3,0.7197803456798577,4e-05,0,0.0,0.12484156865756801,0.17933656770559242,0.0,0.0,0.5491400491400491
OG Games,13,,15000.0,1.0,1.0,0.0,13,1.0,0.05193932803211756,0.14924393652741208,0.06282758118853439,0.5456789700000703,0.07678132678132678
OKJOY,10,7.5,47000.0,5.9,0.8600552068358948,0.0003199047619047619,8,0.8,0.198246098721827,0.415882610561549,0.0,0.4543210299999297,0.8968058968058968
OTAKU Plan,58,7.017241379310345,29051.724137931036,3.1206896551724137,0.8161527070867535,0.00013862068965517243,30,0.5172413793103449,0.13661857163894559,0.30488832058621007,0.4375806719589373,0.7100469473355701,0.7764127764127764
Octo Games,18,5.722222222222222,10000.0,24.666666666666668,0.6598217910492417,8.888888888888889e-05,14,0.7777777777777778,0.0,0.6987338498543536,0.14238566189952076,0.5599446544275608,0.6965601965601965
Oh,11,7.111111111111111,16818.18181818182,1.0,0.9234883152274456,0.0,0,0.0,0.0665953633386473,0.14924393652741208,0.022668219139849854,0.0,0.07678132678132678
Old School Vibes,10,7.1,40500.0,2.5,0.9600953469831367,1e-05,3,0.3,0.17917811996538663,0.2697367632700709,0.0,0.2866446555001863,0.32555282555282555
OnSkull Games,10,5.4,131500.0,7.6,0.6145198181828453,8.051428571428571e-05,1,0.1,0.33005014303352814,0.4633034234171088,0.0,0.14332232775009315,0.6805896805896806
Orangepixel,15,6.0,21000.0,2.8,0.7189071527206127,1.6126984126984126e-05,2,0.13333333333333333,0.09504190058591161,0.2874437349748375,0.09761520293164012,0.22716051499996484,0.3882063882063882
Outright Games Ltd.,49,6.209302325581396,16224.489795918367,13.326530612244898,0.7554510624480363,0.0002802332361516035,19,0.3877551020408163,0.061991578220894815,0.5731888559180796,0.39446082152068934,0.6194287949277822,0.8796068796068796
PID Games,31,6.866666666666666,25645.16129032258,8.35483870967742,0.788083789839084,6.086021505376344e-05,14,0.45161290322580644,0.12064106902229539,0.48141807333847203,0.278194027548731,0.5599446544275608,0.6216216216216216
PLAYISM,106,7.15625,89386.7924528302,3.6320754716981134,0.8237479655302655,8.551302785265049e-05,9,0.08490566037735849,0.2805963083608092,0.3300766595606469,0.5926660890625174,0.4761064671776892,0.6904176904176904
PQube,68,6.5606060606060606,56470.58823529412,5.970588235294118,0.7595252640777277,0.0002901960784313725,18,0.2647058823529412,0.22176285077603208,0.41807411535448913,0.47837007101303197,0.6088228593403998,0.8857493857493858
PRODUCTION PENCIL,26,6.8,10000.0,3.5384615384615383,0.6227199228530682,1.153846153846154e-05,23,0.8846153846153846,0.0,0.3256806154546167,0.23393190079045095,0.6571274982502443,0.343980343980344
PUNKCAKE Delicieux,14,7.333333333333333,36071.42857142857,2.0714285714285716,0.9287346839650281,3.040816326530612e-05,12,0.8571428571428571,0.16434341165661617,0.2416124763067982,0.08080161612582903,0.53035563410288,0.5061425061425061
Paradox Interactive,87,6.6075949367088604,964022.9885057472,4.563218390804598,0.7480030820300654,0.0004570292282430213,6,0.06896551724137931,0.5852556561841571,0.3695160087363285,0.5417364738512727,0.4023566422499772,0.9287469287469288
PastureSoft,10,5.5,10000.0,2.4,0.6310064935064935,2e-05,5,0.5,0.0,0.2634953556231367,0.0,0.370482842750058,0.43243243243243246
Paul Connor,17,,18235.29411764706,1.0,0.69375,0.0,3,0.17647058823529413,0.07695855843569355,0.14924393652741208,0.12830005996515034,0.2866446555001863,0.07678132678132678
PaulArt,25,5.363636363636363,10000.0,5.76,0.5459421640607749,1.6e-05,7,0.28,0.0,0.41146900240635886,0.22409978394868502,0.4299669832502795,0.3857493857493858
Peaksel,15,5.857142857142857,33000.0,19.666666666666668,0.6539686803988463,5.714285714285714e-05,4,0.26666666666666666,0.152942897893483,0.6520816533631735,0.09761520293164012,0.33278413942759594,0.6056511056511057
Performance Artist,12,6.090909090909091,10000.0,1.5833333333333333,0.7514828908413825,2.5e-05,12,1.0,0.0,0.2043498437809372,0.04352095933159413,0.53035563410288,0.46867321867321865
PeriScope Game,10,7.5,73500.0,1.2,0.8689317382188451,1.4666666666666666e-05,0,0.0,0.25552734790394704,0.16976550369824286,0.0,0.0,0.3759213759213759
Phat Phrog Studios,12,5.222222222222222,176250.0,1.0,0.5657367066160676,5.793650793650794e-06,0,0.0,0.36757248989844826,0.14924393652741208,0.04352095933159413,0.0,0.2457002457002457
Phoenix Games,14,6.230769230769231,145714.2857142857,1.5,0.7384776615799329,0.00020730612244897957,0,0.0,0.34319923847122263,0.19728975268717228,0.08080161612582903,0.0,0.8353808353808354
Phoenix Online Publishing,22,6.333333333333333,51136.36363636364,2.227272727272727,0.7619130397021714,2.575757575757576e-05,0,0.0,0.2090516220612996,0.25226933932275275,0.1921594055706405,0.0,0.47665847665847666
Phoenix Reborn Games,10,5.0,25000.0,2.5,0.6105880215933166,5.7142857142857145e-06,0,0.0,0.11737710606046528,0.2697367632700709,0.0,0.0,0.24385749385749386
PhoenixFire Games,14,5.214285714285714,20000.0,1.0,0.638207808325772,0.0,0,0.0,0.08879176228199298,0.14924393652741208,0.08080161612582903,0.0,0.07678132678132678
Phoenixx Inc.,20,7.4,13750.0,3.85,0.87976277746838,0.00016357142857142856,7,0.35,0.040793192133733246,0.339975411036419,0.168459422013835,0.4299669832502795,0.8083538083538083
Phoenixxx Games,32,5.166666666666667,10781.25,1.75,0.4906168451550674,3.125e-06,9,0.28125,0.009635844627843134,0.21781131985800306,0.2862106654423914,0.4761064671776892,0.20515970515970516
Phr00t's Software,15,6.9,25333.333333333332,1.0666666666666667,0.8204904726471791,9.460317460317461e-06,2,0.13333333333333333,0.1190738670933077,0.156304027621177,0.09761520293164012,0.22716051499996484,0.31695331695331697
Piece Of Voxel,112,5.2631578947368425,22767.85714285714,3.8482142857142856,0.5712271302624461,7.2023809523809524e-06,26,0.23214285714285715,0.10539610900885996,0.33989612048604373,0.6068798051744216,0.6814815449998944,0.2702702702702703
Piko Interactive LLC,48,5.769230769230769,17708.333333333332,1.0416666666666667,0.6630824214677504,8.333333333333334e-06,8,0.16666666666666666,0.07320215802269302,0.15368354715677313,0.3891976086796104,0.4543210299999297,0.2868550368550369
PinkySoul,14,6.5,10000.0,1.0,0.7976022740617404,3.571428571428572e-05,9,0.6428571428571429,0.0,0.14924393652741208,0.08080161612582903,0.4761064671776892,0.5282555282555282
Pirates Of The Digital Sea,14,5.285714285714286,10000.0,9.214285714285714,0.6567869399032468,4.285714285714286e-05,6,0.42857142857142855,0.0,0.5003427470056959,0.08080161612582903,0.4023566422499772,0.558968058968059
Pix Arts,16,3.5,11562.5,1.3125,0.3236549165120594,0.0,1,0.0625,0.018597343952226068,0.1805035813327919,0.11340914000229768,0.14332232775009315,0.07678132678132678
Pixel After Pixel,10,,10000.0,1.0,0.8058201058201058,1e-05,1,0.1,0.0,0.14924393652741208,0.0,0.14332232775009315,0.32555282555282555
Pixel Games UK,111,5.916666666666667,35180.18018018018,1.1891891891891893,0.8394165564698582,1.2012012012012013e-06,50,0.45045045045045046,0.1611384482045657,0.16870484398138602,0.6045640550398069,0.812985203999973,0.17444717444717445
Pixel Puzzles,16,6.6,214062.5,4.3125,0.7907660868379667,3.130952380952381e-05,1,0.0625,0.392472151281775,0.35958698794265714,0.11340914000229768,0.14332232775009315,0.5135135135135135
Pixeljam,17,7.733333333333333,52647.05882352941,3.1176470588235294,0.8725761843911383,0.00011647058823529412,3,0.17647058823529413,0.2127813718661852,0.30472928070175825,0.12830005996515034,0.2866446555001863,0.7506142506142506
PlayStation Publishing LLC,18,7.4375,3551111.111111111,21.555555555555557,0.8512751633384675,0.0011699777777777777,7,0.3888888888888889,0.7522965486386302,0.6709128213737634,0.14238566189952076,0.4299669832502795,0.9754299754299754
PlayWay S.A.,79,7.042553191489362,184810.1265822785,12.417721518987342,0.8070952588349912,0.000589803496081977,25,0.31645569620253167,0.3736480759563157,0.5590779051606382,0.516906249151801,0.6736779618529731,0.9459459459459459
Playmeow,53,6.811320754716981,10471.698113207547,9.30188679245283,0.776703398442414,0.00038490566037735843,37,0.6981132075471698,0.005904093686535796,0.50218147284372,0.4145107254075418,0.752145187090493,0.918918918918919
Playstige Interactive,13,5.583333333333333,22692.30769230769,2.230769230769231,0.605653926488069,1.5384615384615384e-05,6,0.46153846153846156,0.10497032422760309,0.2525024887630878,0.06282758118853439,0.4023566422499772,0.38144963144963145
Playtonic Friends,10,7.9,107000.0,4.8,0.8772731353513482,0.0003130095238095238,4,0.4,0.30363717340128576,0.3784905180736092,0.0,0.33278413942759594,0.8918918918918919
Playtouch,10,5.125,10000.0,14.2,0.5937262055498349,0.0,0,0.0,0.0,0.5859316080296617,0.0,0.0,0.07678132678132678
Plug In Digital,132,6.071428571428571,37196.969696969696,3.8636363636363638,0.6655493747251084,3.007215007215007e-05,6,0.045454545454545456,0.16827959679276602,0.34057994157985744,0.6493345140076877,0.4023566422499772,0.5036855036855037
Pokies4fun,11,,10000.0,1.0,0.39285714285714285,0.0,4,0.36363636363636365,0.0,0.14924393652741208,0.022668219139849854,0.33278413942759594,0.07678132678132678
"PopCap Games, Inc.",54,7.933333333333334,162962.96296296295,1.6666666666666667,0.9009746591756871,0.00021847442680776014,0,0.0,0.35753132868509063,0.21118576672627967,0.41929104622016095,0.0,0.8415233415233415
Positech Games,14,6.083333333333333,147857.14285714287,4.285714285714286,0.734170507850498,3.870748299319728e-05,2,0.14285714285714285,0.3450694585874989,0.35849862764495727,0.08080161612582903,0.22716051499996484,0.5393120393120393
Prime Matter,18,5.777777777777778,295833.3333333333,9.166666666666666,0.6865744955852935,0.00011193650793650794,6,0.3333333333333333,0.43391875559552257,0.4993366073846197,0.14238566189952076,0.4023566422499772,0.7457002457002457
Private Division,11,6.909090909090909,885909.0909090909,11.181818181818182,0.7646780530516942,0.00036274458874458875,5,0.45454545454545453,0.5744303820545861,0.5382717737248852,0.022668219139849854,0.370482842750058,0.9078624078624079
PsychoFlux Entertainment,81,7.321428571428571,26666.666666666668,1.8641975308641976,0.9004868855857647,4.5044091710758384e-05,15,0.18518518518518517,0.12564473026352962,0.22657184544660355,0.5233391728992401,0.5732893110003726,0.5712530712530712
Pujia8 Studio,20,7.666666666666667,41250.0,1.35,0.8908489893634886,1.4285714285714287e-05,2,0.1,0.18152874630602336,0.18396714374623954,0.168459422013835,0.22716051499996484,0.3740786240786241
Pyramid Games S.A.,11,6.4,64090.90909090909,5.636363636363637,0.7701934805752302,6.164502164502164e-05,0,0.0,0.23797890894556717,0.4074945906684786,0.022668219139849854,0.0,0.6265356265356266
QUByte Interactive,19,7.133333333333334,19473.684210526317,3.1052631578947367,0.8330720522343287,7.368421052631579e-05,12,0.631578947368421,0.0853755015811687,0.3040807456117105,0.1557485999176193,0.53035563410288,0.6597051597051597
QZQ Studio,26,6.833333333333333,31538.46153846154,2.769230769230769,0.6743963942641804,4.945054945054945e-06,22,0.8461538461538461,0.14713978563336502,0.2856932091772021,0.23393190079045095,0.6483274292638558,0.23464373464373464
Quarlellle,27,5.916666666666667,11851.851851851852,1.2962962962962963,0.6342788106037285,3.7037037037037037e-06,0,0.0,0.021763539060834062,0.1789895676512603,0.24340640580562528,0.0,0.21437346437346438
QubicGames,25,6.904761904761905,11000.0,6.12,0.8734597822968234,5.5428571428571424e-05,25,1.0,0.012208896384238327,0.4226405072378329,0.22409978394868502,0.6736779618529731,0.5995085995085995
Queen's Court,13,,10000.0,3.076923076923077,0.06818181818181818,0.0,12,0.9230769230769231,0.0,0.3025892063371316,0.06282758118853439,0.53035563410288,0.07678132678132678
QuickBobber,37,,10000.0,1.0,0.5625,0.0,0,0.0,0.0,0.14924393652741208,0.32296448651661164,0.0,0.07678132678132678
Quiet River,26,7.884615384615385,176346.15384615384,81.26923076923077,0.8969096537841698,2.245421245421246e-05,1,0.038461538461538464,0.3676423606113095,0.9495318690500874,0.23393190079045095,0.14332232775009315,0.44471744471744473
Qumaron,38,6.735294117647059,10000.0,6.421052631578948,0.7960400124688094,0.0001605263157894737,3,0.07894736842105263,0.0,0.4315573246821827,0.3297316247739855,0.2866446555001863,0.800982800982801
ROSEVERTE,21,6.3076923076923075,15952.380952380952,4.904761904761905,0.8348840891046835,2.380952380952381e-05,1,0.047619047619047616,0.05982491831919438,0.3823448900931026,0.18057882461709088,0.14332232775009315,0.4557739557739558
Rabotiagi games,11,7.0,24090.909090909092,8.181818181818182,0.8238574543343855,2.4242424242424244e-06,0,0.0,0.11263199116997501,0.4773984990050679,0.022668219139849854,0.0,0.1904176904176904
Rainbow Games,10,5.666666666666667,52000.0,2.4,0.7131448035361219,3.228571428571428e-05,0,0.0,0.21119712627065984,0.2634953556231367,0.0,0.0,0.5184275184275184
Randumb Studios,25,8.0,69000.0,1.0,0.933052389818256,1.1428571428571429e-07,3,0.12,0.24743369616769925,0.14924393652741208,0.22409978394868502,0.2866446555001863,0.1541769041769042
Ratalaika Games S.L.,56,6.964285714285714,15000.0,4.607142857142857,0.7928191600164861,1.173469387755102e-05,21,0.375,0.05193932803211756,0.37120934318681803,0.4285963273419123,0.6391361200254633,0.3452088452088452
Ravenage Games,16,6.625,70000.0,9.0625,0.8063161155947028,0.00032976190476190475,14,0.875,0.249276991741803,0.49711914713542343,0.11340914000229768,0.5599446544275608,0.9004914004914005
Ravenscourt,21,6.3,80952.38095238095,8.476190476190476,0.7292168223891973,8.031746031746032e-05,5,0.23809523809523808,0.2678993706828462,0.48419317749864915,0.18057882461709088,0.370482842750058,0.6781326781326781
Raw Fury,49,7.4,606530.612244898,10.122448979591837,0.8407022399877615,0.0010872069970845482,14,0.2857142857142857,0.5258953062346519,0.5186827613924514,0.39446082152068934,0.5599446544275608,0.972972972972973
Ready To Play,14,5.071428571428571,21785.714285714286,1.0,0.5487031250313373,0.0,5,0.35714285714285715,0.09974736963755752,0.14924393652741208,0.08080161612582903,0.370482842750058,0.07678132678132678
Rebellion,37,7.135135135135135,626621.6216216217,5.864864864864865,0.8077102325007406,0.00013826254826254826,0,0.0,0.5300700644286325,0.41478342288769376,0.32296448651661164,0.0,0.773955773955774
Red twice potato,20,5.6875,19500.0,1.8,0.6085783916690655,1.4285714285714286e-06,0,0.0,0.0855484956678701,0.22169094711031065,0.168459422013835,0.0,0.17936117936117937
Reddiamondgames,26,5.529411764705882,10000.0,1.0,0.6243616651005315,0.0,9,0.34615384615384615,0.0,0.14924393652741208,0.23393190079045095,0.4761064671776892,0.07678132678132678
Remix Games,11,7.3,10000.0,3.5454545454545454,0.8874236149080673,9.090909090909091e-06,1,0.09090909090909091,0.0,0.32601212204375357,0.022668219139849854,0.14332232775009315,0.30405405405405406
Renegade Sector Games,17,6.928571428571429,15882.35294117647,0.9411764705882353,0.86925589877706,5.882352941176471e-06,2,0.11764705882352941,0.05926134227761178,0.14281619093106268,0.12830005996515034,0.22716051499996484,0.24815724815724816
RetroScope Games,12,5.75,10000.0,1.1666666666666667,0.6272709235209235,0.0,10,0.8333333333333334,0.0,0.16647821103439517,0.04352095933159413,0.49581379227537004,0.07678132678132678
Retroware,10,7.6,33000.0,8.0,0.8488758791630163,4.0380952380952384e-05,2,0.2,0.152942897893483,0.47309208571191314,0.0,0.22716051499996484,0.5528255528255528
Reverb Triple XP,11,6.2,70909.09090909091,2.3636363636363638,0.7251167346800114,1.8181818181818182e-05,0,0.0,0.2509300063821131,0.261180134529613,0.022668219139849854,0.0,0.41277641277641275
Revmatek,13,6.666666666666667,11923.076923076924,2.076923076923077,0.8023607736000649,9.780219780219781e-05,1,0.07692307692307693,0.022531054236311854,0.24199730837905678,0.06282758118853439,0.14332232775009315,0.7162162162162162
Revolution Software Ltd,10,6.7,194500.0,5.4,0.746442124988141,0.00010228571428571429,1,0.1,0.38019480569147396,0.39968599342247607,0.0,0.14332232775009315,0.7248157248157249
RewindApp,68,5.6461538461538465,31691.176470588234,6.073529411764706,0.6321134577384875,8.34733893557423e-06,2,0.029411764705882353,0.14775859439242645,0.4212305999676587,0.47837007101303197,0.22716051499996484,0.29238329238329236
Ripknot Systems,62,4.758064516129032,24758.064516129034,1.0,0.48875349132198936,9.216589861751152e-07,0,0.0,0.11613135692690524,0.14924393652741208,0.4546700874562264,0.0,0.17076167076167076
Ripstone,14,6.071428571428571,70714.28571428571,6.214285714285714,0.7330971205278133,0.00037911564625850344,0,0.0,0.25057758011751174,0.4254730555930001,0.08080161612582903,0.0,0.9152334152334153
Rising Moon Games,14,7.357142857142857,18214.285714285714,6.142857142857143,0.9102221240882588,2.8571428571428574e-05,3,0.21428571428571427,0.07681089081527143,0.4233306151590978,0.08080161612582903,0.2866446555001863,0.49324324324324326
Rising Star Games,14,6.071428571428571,50714.28571428572,6.0,0.7176629394512419,9.197278911564626e-05,0,0.0,0.20798984991440206,0.4189806997974829,0.08080161612582903,0.0,0.7063882063882064
RoBot,14,5.375,20000.0,1.5,0.6599197795319418,7.1428571428571436e-06,3,0.21428571428571427,0.08879176228199298,0.19728975268717228,0.08080161612582903,0.2866446555001863,0.26597051597051596
RockGame S.A.,11,6.5,39090.90909090909,10.363636363636363,0.7621193696974483,9.35930735930736e-05,3,0.2727272727272727,0.17464164467011364,0.5233018747309258,0.022668219139849854,0.2866446555001863,0.7088452088452089
Rockin' Android,10,6.625,34500.0,3.3,0.8023052596811352,1.3999999999999998e-05,0,0.0,0.15863738553941104,0.31405948688969676,0.0,0.0,0.36977886977886976
Rockstar Games,18,6.875,2387222.222222222,7.055555555555555,0.7747554483336271,0.00024564285714285714,3,0.16666666666666666,0.7014207546406227,0.4492218742634527,0.14238566189952076,0.2866446555001863,0.85995085995086
Rocky Studio,15,6.0,10000.0,4.8,0.8500000000000001,0.0,14,0.9333333333333333,0.0,0.3784905180736092,0.09761520293164012,0.5599446544275608,0.07678132678132678
"Rogue Games, Inc.",17,6.857142857142857,23529.41176470588,8.588235294117647,0.8255796114717128,0.00019999999999999998,6,0.35294117647058826,0.10961088631471264,0.4867240733695479,0.12830005996515034,0.4023566422499772,0.828009828009828
Romantic Room,14,5.428571428571429,44285.71428571428,21.642857142857142,0.6423051159291876,4.306122448979591e-05,5,0.35714285714285715,0.19062566314557078,0.6717445865374511,0.08080161612582903,0.370482842750058,0.5626535626535627
Rubika Supinfogame,12,6.8,23750.0,1.8333333333333333,0.7747767598553144,5.555555555555555e-07,4,0.3333333333333333,0.11080625974530714,0.22423906545435243,0.04352095933159413,0.33278413942759594,0.1597051597051597
RunServer,22,5.55,37727.27272727273,4.409090909090909,0.666389385586854,2.4891774891774894e-05,0,0.0,0.17009304829001293,0.36346661519496476,0.1921594055706405,0.0,0.4668304668304668
Russpuppy,12,6.444444444444445,37916.666666666664,1.0,0.8162426081843533,1.6666666666666667e-05,2,0.16666666666666666,0.17073453830566454,0.14924393652741208,0.04352095933159413,0.22716051499996484,0.3931203931203931
SA Industry,118,5.473214285714286,140042.37288135593,2.8983050847457625,0.6113358258785286,9.416464891041163e-06,1,0.00847457627118644,0.33811301159384405,0.2929430133172048,0.6203579921104646,0.14332232775009315,0.3157248157248157
SAT-BOX,44,5.666666666666667,10000.0,2.25,0.6865417292499671,4.5454545454545455e-06,29,0.6590909090909091,0.0,0.25378031736293966,0.3670122815682204,0.7032669821776539,0.2285012285012285
SC Jogos,17,6.647058823529412,167058.82352941178,18.823529411764707,0.7705598034207051,6.879551820728292e-06,3,0.17647058823529413,0.3607113553165185,0.643113306170749,0.12830005996515034,0.2866446555001863,0.2616707616707617
SEEP,19,7.25,25526.315789473683,4.631578947368421,0.9029417553446318,1.4035087719298246e-06,7,0.3684210526315789,0.12004602768660265,0.37214564683067486,0.1557485999176193,0.4299669832502795,0.17813267813267813
SEGA,222,7.283333333333333,702004.5045045045,6.018018018018018,0.8549780403423329,0.0010368302016302016,19,0.08558558558558559,0.5446227955517341,0.41953420521055573,0.7839772393464671,0.6194287949277822,0.9717444717444718
SIG Publishing,14,4.5,32500.0,7.071428571428571,0.4313230489816256,7.619047619047619e-06,2,0.14285714285714285,0.15098706198291412,0.44964571984738844,0.08080161612582903,0.22716051499996484,0.27211302211302213
SMU Guildhall,16,7.5,85000.0,2.5625,0.866636698647873,1.6666666666666668e-07,0,0.0,0.274149738635398,0.27354772093573015,0.11340914000229768,0.0,0.15724815724815724
SNEG,47,6.972222222222222,31382.978723404256,1.7659574468085106,0.8296474418843509,0.00032074974670719353,30,0.6382978723404256,0.14650667536607823,0.21905711014411217,0.3838258683740316,0.7100469473355701,0.898034398034398
SNK CORPORATION,30,7.107142857142857,208833.33333333334,6.1,0.817442377428203,0.00020823174603174603,3,0.1,0.3893038410772117,0.4220348430209956,0.26992285111526687,0.2866446555001863,0.8366093366093366
SOEDESCO,22,5.818181818181818,62727.27272727273,14.545454545454545,0.6669860354570211,0.00017936796536796538,3,0.13636363636363635,0.2352238209322178,0.5907703169885078,0.1921594055706405,0.2866446555001863,0.816953316953317
SOFTSTAR ENTERTAINMENT,27,6.884615384615385,95185.18518518518,2.2222222222222223,0.7786794242874756,0.000753679012345679,4,0.14814814814814814,0.28864802759519986,0.2519321215762804,0.24340640580562528,0.33278413942759594,0.9533169533169533
SP GAMES,10,5.333333333333333,71000.0,1.0,0.6287403993855607,2.9999999999999997e-05,5,0.5,0.25109414076719505,0.14924393652741208,0.0,0.370482842750058,0.5006142506142506
SQUARE ENIX,16,7.125,10000.0,1.75,0.6883837146408304,0.000175,0,0.0,0.0,0.21781131985800306,0.11340914000229768,0.0,0.812039312039312
STuNT,46,5.380952380952381,17173.91304347826,1.6304347826086956,0.6352061132687578,8.695652173913044e-06,44,0.9565217391304348,0.06927664783116126,0.2082402558506535,0.37834103053042084,0.7871051694275256,0.2936117936117936
SVGames,15,6.181818181818182,11666.666666666666,1.5333333333333334,0.7218641409570613,3.3333333333333335e-05,4,0.26666666666666666,0.0197462094677073,0.2001416286462931,0.09761520293164012,0.33278413942759594,0.5233415233415234
Sabrina Aridi,14,4.5,17142.85714285714,1.3571428571428572,0.45614088376651407,2.040816326530612e-06,0,0.0,0.06904479037474598,0.18462059944388873,0.08080161612582903,0.0,0.18611793611793612
Sacada,24,6.9375,17916.666666666668,5.75,0.8660237866238089,8.682539682539683e-05,0,0.0,0.07470043806958875,0.4111502555130455,0.2138819969035985,0.0,0.6928746928746928
Saikey Studios,14,6.0,11785.714285714286,3.7857142857142856,0.734041082688803,0.000263265306122449,13,0.9285714285714286,0.021046705422109874,0.33710239378540524,0.08080161612582903,0.5456789700000703,0.8734643734643734
SakuraGame,27,7.208333333333333,162592.59259259258,3.111111111111111,0.8168566297011823,4.29700176366843e-05,1,0.037037037037037035,0.3572398430337429,0.3043872417305271,0.24340640580562528,0.14332232775009315,0.5601965601965602
Sapphire Dragon Productions,16,6.066666666666666,32500.0,1.0625,0.6880217842010616,6.25e-06,0,0.0,0.15098706198291412,0.15586948965913544,0.11340914000229768,0.0,0.2524570024570025
Satur Entertainment,11,6.0,21363.636363636364,7.545454545454546,0.7178649531245934,2.3376623376623376e-05,2,0.18181818181818182,0.09724114133748121,0.461933449630233,0.022668219139849854,0.22716051499996484,0.45085995085995084
Saturn VR,10,7.0,19000.0,1.0,0.6206867397589048,0.0,1,0.1,0.0822209833862259,0.14924393652741208,0.0,0.14332232775009315,0.07678132678132678
Schell Games,11,7.666666666666667,102272.72727272728,3.1818181818181817,0.8894795394664757,6.216450216450217e-05,2,0.18181818181818182,0.29784853669690897,0.3080589370621737,0.022668219139849854,0.22716051499996484,0.628992628992629
Schwan OG,10,,10000.0,1.0,0.9523809523809524,1e-05,10,1.0,0.0,0.14924393652741208,0.0,0.49581379227537004,0.32555282555282555
Screen 7,15,6.166666666666667,74000.0,3.2666666666666666,0.7504634807546441,1.720634920634921e-05,0,0.0,0.25639587284732035,0.31238388709393156,0.09761520293164012,0.0,0.40294840294840295
Secret Mode,14,7.285714285714286,185714.2857142857,8.428571428571429,0.8439111340219873,0.00025416326530612246,6,0.42857142857142855,0.37427329917882673,0.4831084724987129,0.08080161612582903,0.4023566422499772,0.871007371007371
Sedoc LLC,10,6.1,33000.0,3.4,0.7272737337380767,2.5714285714285714e-05,0,0.0,0.152942897893483,0.31900944022565497,0.0,0.0,0.47542997542997545
SeedWall,26,5.913043478260869,44230.769230769234,1.8846153846153846,0.6262693023412483,8.717948717948719e-06,2,0.07692307692307693,0.19046662429087616,0.22810129433994938,0.23393190079045095,0.22716051499996484,0.29484029484029484
Seito Games,17,6.375,10000.0,6.0,0.7112381366593556,5.882352941176471e-05,4,0.23529411764705882,0.0,0.4189806997974829,0.12830005996515034,0.33278413942759594,0.6130221130221131
Sekai Project,186,7.493421052631579,56908.602150537634,2.0698924731182795,0.8792122739657094,0.00012068305171530978,23,0.12365591397849462,0.2227526738939487,0.2415047657056971,0.738109235539021,0.6571274982502443,0.7542997542997543
Self,12,7.25,15416.666666666666,1.1666666666666667,0.7749255288872023,1.6666666666666667e-05,1,0.08333333333333333,0.05544914351444149,0.16647821103439517,0.04352095933159413,0.14332232775009315,0.3931203931203931
Self Published,10,6.6,89000.0,1.4,0.7266473206388696,3.3904761904761903e-06,1,0.1,0.2800407628492212,0.18850022669619634,0.0,0.14332232775009315,0.20884520884520885
Senpai Studios,21,5.761904761904762,327380.95238095237,1.7142857142857142,0.6883748869251965,1.7378684807256236e-05,0,0.0,0.44689974203817695,0.21499672439193893,0.18057882461709088,0.0,0.40540540540540543
Serenity Forge,17,7.125,189411.76470588235,6.294117647058823,0.7500353431442559,5.964145658263305e-05,4,0.23529411764705882,0.3767988073425147,0.42784258790882096,0.12830005996515034,0.33278413942759594,0.6154791154791155
Seven Sails Games,33,5.333333333333333,11515.151515151516,1.9696969696969697,0.6617665635863853,6.060606060606061e-06,26,0.7878787878787878,0.018071706882951975,0.2343601003535942,0.29398796461938853,0.6814815449998944,0.25061425061425063
Shady Corner Games,21,6.666666666666667,10000.0,1.1904761904761905,0.7762446259636264,0.0001523809523809524,15,0.7142857142857143,0.0,0.16883138732156142,0.18057882461709088,0.5732893110003726,0.7911547911547911
Shiravune,70,7.3478260869565215,15642.857142857143,2.9571428571428573,0.8838552582956848,0.00011876190476190477,38,0.5428571428571428,0.05731495503779903,0.2961684952901527,0.4858140109957724,0.7575161491028448,0.7530712530712531
Shoho Games,11,4.6,28636.363636363636,2.3636363636363638,0.4854079131652661,0.0,0,0.0,0.13477381094428456,0.261180134529613,0.022668219139849854,0.0,0.07678132678132678
Siberian Mouse,14,7.333333333333333,20000.0,3.0,0.8246347641783057,2.8571428571428574e-05,1,0.07142857142857142,0.08879176228199298,0.29848787305482416,0.08080161612582903,0.14332232775009315,0.49324324324324326
Sigma Team Inc.,18,6.5,166388.88888888888,1.7222222222222223,0.7554938805230158,0.00010916402116402117,0,0.0,0.3601965877113499,0.21562537735564072,0.14238566189952076,0.0,0.7407862407862408
Sigyaad Team,15,7.666666666666667,31000.0,2.2666666666666666,0.887025170586716,5.9492063492063494e-05,3,0.2,0.1449337482171678,0.254881667524425,0.09761520293164012,0.2866446555001863,0.6142506142506142
SilentFuture,12,5.777777777777778,44583.333333333336,6.083333333333333,0.7475953890953724,8.333333333333334e-06,1,0.08333333333333333,0.19148370916964164,0.4215288181415247,0.04352095933159413,0.14332232775009315,0.2868550368550369
Silesia Games,14,6.0,10000.0,4.214285714285714,0.565866193991194,7.1428571428571436e-06,7,0.5,0.0,0.35556914725641076,0.08080161612582903,0.4299669832502795,0.26597051597051596
Silver Cow Studio,11,5.5,10000.0,1.1818181818181819,0.6163294656559405,0.0,0,0.0,0.0,0.16797865952536556,0.022668219139849854,0.0,0.07678132678132678
SimBin,10,6.666666666666667,99500.0,3.0,0.8446230594886751,7.16e-05,0,0.0,0.29432745371067737,0.29848787305482416,0.0,0.0,0.6511056511056511
Sinned Games,14,5.5,42857.142857142855,1.0,0.7214050130879046,2.857142857142857e-06,2,0.14285714285714285,0.18642509879716332,0.14924393652741208,0.08080161612582903,0.22716051499996484,0.20024570024570024
Sinnera,24,4.75,10000.0,1.0,0.490089251026751,0.0,0,0.0,0.0,0.14924393652741208,0.2138819969035985,0.0,0.07678132678132678
Skybound Games,15,7.533333333333333,570333.3333333334,6.533333333333333,0.8639381234552108,0.00010042539682539682,6,0.4,0.5180122527939206,0.4347906241017425,0.09761520293164012,0.4023566422499772,0.7223587223587223
Slippy Floor,30,5.571428571428571,10833.333333333334,9.1,0.6577863090734172,6.666666666666667e-06,12,0.4,0.010253179907729674,0.4979200661758987,0.26992285111526687,0.53035563410288,0.2585995085995086
Slitherine Ltd.,121,6.694915254237288,56942.14876033058,3.0991735537190084,0.7615521431866974,0.0006874254230617867,13,0.10743801652892562,0.22282816810622597,0.3037611199757118,0.6268443066101684,0.5456789700000703,0.9471744471744472
Snapbreak,10,6.6,29000.0,14.6,0.8007727969160486,0.0002287619047619048,5,0.5,0.13639028955527038,0.591524480586548,0.0,0.370482842750058,0.8525798525798526
Snkl Studio,43,6.4186046511627906,15348.837209302326,18.25581395348837,0.76570875048657,4.651162790697674e-06,0,0.0,0.054884290671247796,0.636857039582633,0.36115764923418164,0.0,0.23095823095823095
Sokpop Collective,105,6.333333333333333,21619.04761904762,1.3333333333333333,0.7173981201474006,7.94938775510204e-05,6,0.05714285714285714,0.09876358048076395,0.18243465694152639,0.5902198722655828,0.4023566422499772,0.6756756756756757
Soldak Entertainment,12,7.0,25000.0,1.0,0.9004398623781945,0.00020214285714285714,1,0.08333333333333333,0.11737710606046528,0.14924393652741208,0.04352095933159413,0.14332232775009315,0.8316953316953317
Sometimes You,49,5.413043478260869,240000.0,2.2653061224489797,0.5843032610552734,3.972789115646258e-06,1,0.02040816326530612,0.4071239904650528,0.2547919722566789,0.39446082152068934,0.14332232775009315,0.21621621621621623
Soomka Games,11,,10000.0,0.9090909090909091,0.6964285714285714,0.0,7,0.6363636363636364,0.0,0.13922754974061227,0.022668219139849854,0.4299669832502795,0.07678132678132678
Sounding Stone / 老奉毊,10,7.333333333333333,21500.0,3.3,0.8968464686241054,5e-05,2,0.2,0.09805621957984004,0.31405948688969676,0.0,0.22716051499996484,0.5847665847665847
Source Byte Sp. z o.o.,10,5.875,34000.0,4.5,0.7318867733850756,0.0,1,0.1,0.1567672072872074,0.36705525638541514,0.0,0.14332232775009315,0.07678132678132678
Spiderweb Software,20,7.894736842105263,92000.0,0.95,0.8771582876021433,5.995238095238095e-05,1,0.05,0.28428780128164194,0.14379267100431184,0.168459422013835,0.14332232775009315,0.6167076167076168
"Spike Chunsoft Co., Ltd.",52,7.490196078431373,185480.76923076922,3.326923076923077,0.8543157689808086,0.0008125366300366301,14,0.2692307692307692,0.37411211529570576,0.31540340066849387,0.409641047648492,0.5599446544275608,0.9594594594594594
Sprovieri Games,12,6.666666666666667,14166.666666666666,1.9166666666666667,0.8295565959661544,0.0,0,0.0,0.04461734169328633,0.2304804731012866,0.04352095933159413,0.0,0.07678132678132678
Square Enix,161,6.760273972602739,633105.5900621118,6.875776397515528,0.7717184926346778,0.001448977639751553,22,0.13664596273291926,0.5313888557002893,0.4443622026720985,0.7007213908499331,0.6483274292638558,0.9864864864864865
Stardock,10,5.111111111111111,10000.0,8.7,0.6080964965119234,4e-05,5,0.5,0.0,0.48921934756383106,0.0,0.370482842750058,0.5491400491400491
Stardock Entertainment,21,6.095238095238095,435476.1904761905,3.6666666666666665,0.731150679643577,0.0005134875283446713,3,0.14285714285714285,0.4834510534291302,0.33167859346893847,0.18057882461709088,0.2866446555001863,0.9398034398034398
Starship Studio,19,6.235294117647059,16052.631578947368,3.1578947368421053,0.7359626194059429,8.491228070175439e-05,1,0.05263157894736842,0.06062743101694597,0.30682362967424387,0.1557485999176193,0.14332232775009315,0.687960687960688
Stegalosaurus Game Development,44,6.0,25000.0,1.0,0.7256642682364414,6.493506493506493e-07,7,0.1590909090909091,0.11737710606046528,0.14924393652741208,0.3670122815682204,0.4299669832502795,0.16339066339066338
Strategy First,161,5.656716417910448,57267.08074534161,1.7888198757763976,0.5820114318386921,4.345341614906833e-05,13,0.08074534161490683,0.22355711076311074,0.22082950058045317,0.7007213908499331,0.5456789700000703,0.5663390663390664
Studio Goya,10,7.6,19000.0,3.6,0.9058726197041626,0.000278,0,0.0,0.0822209833862259,0.32858050423300444,0.0,0.0,0.8783783783783784
Studio Inward,12,6.125,10000.0,3.0,0.7727320491158967,0.0,0,0.0,0.0,0.29848787305482416,0.04352095933159413,0.0,0.07678132678132678
Studio Six,11,5.333333333333333,10000.0,2.5454545454545454,0.5855894650012297,0.0,4,0.36363636363636365,0.0,0.27251504036089313,0.022668219139849854,0.33278413942759594,0.07678132678132678
Studio2760,14,6.285714285714286,11785.714285714286,2.2857142857142856,0.7873453728406974,7.1428571428571436e-06,3,0.21428571428571427,0.021046705422109874,0.2561334936501059,0.08080161612582903,0.2866446555001863,0.26597051597051596
Sunlight Games,10,4.5,90000.0,2.0,0.5419052051149132,6.666666666666667e-07,0,0.0,0.28147214359651435,0.23654604285595657,0.0,0.0,0.16584766584766586
SunshineOvercast,12,4.6,10000.0,1.0,0.3505568410939255,0.0,0,0.0,0.0,0.14924393652741208,0.04352095933159413,0.0,0.07678132678132678
SupaGames,13,,10000.0,9.23076923076923,,0.0,0,0.0,0.0,0.500689933569141,0.06282758118853439,0.0,0.07678132678132678
Super PowerUp Games,25,7.0,20000.0,3.16,0.80622009569378,0.0,25,1.0,0.08879176228199298,0.30693262157083134,0.22409978394868502,0.6736779618529731,0.07678132678132678
T-Bull,11,5.666666666666667,59545.454545454544,5.363636363636363,0.6738941550056303,1.896103896103896e-05,0,0.0,0.22855505847953167,0.39845913262665217,0.022668219139849854,0.0,0.4226044226044226
"T-Time Technology CO., LTD.",13,6.923076923076923,27692.30769230769,1.7692307692307692,0.7815924443899344,0.0004846886446886447,13,1.0,0.13047941577257804,0.21931176834897345,0.06282758118853439,0.5456789700000703,0.9312039312039312
"TALESSHOP Co., Ltd.",14,7.571428571428571,65000.0,2.7857142857142856,0.8925446868206978,1.2448979591836735e-05,3,0.21428571428571427,0.2397832583610936,0.2866327604300004,0.08080161612582903,0.2866446555001863,0.3574938574938575
TERNOX,10,7.166666666666667,44500.0,3.2,0.7049633743372713,2.6000000000000002e-05,1,0.1,0.19124403501288353,0.3089930534388552,0.0,0.14332232775009315,0.47911547911547914
THQ,10,7.666666666666667,33000.0,4.6,0.7209746646962436,7.142857142857143e-05,0,0.0,0.152942897893483,0.37093488363772276,0.0,0.0,0.6492628992628993
THQ Nordic,145,6.562043795620438,371034.4827586207,7.075862068965518,0.756968890089457,0.00021768407224958947,11,0.07586206896551724,0.4629351253903937,0.4497639553904308,0.673629972508924,0.5138051705001512,0.8402948402948403
Tamashii,19,5.0,18684.21052631579,1.105263157894737,0.7050908967575634,0.0,2,0.10526315789473684,0.08007397430530704,0.16028807460739872,0.1557485999176193,0.22716051499996484,0.07678132678132678
Tate Multimedia,10,6.4,139500.0,8.6,0.7372926146405848,0.0001049904761904762,4,0.4,0.3376158972507152,0.48698809975102053,0.0,0.33278413942759594,0.7285012285012284
Team Syukino,16,6.090909090909091,14687.5,1.0,0.720029311859358,0.0,2,0.125,0.049242385366992894,0.14924393652741208,0.11340914000229768,0.22716051499996484,0.07678132678132678
Team17,45,6.7555555555555555,614555.5555555555,9.933333333333334,0.7921521105827637,0.00043645714285714285,19,0.4222222222222222,0.5275791808098126,0.5149902923038139,0.3727382301877314,0.6194287949277822,0.9250614250614251
Team17 Digital Ltd,45,6.594594594594595,281777.77777777775,6.222222222222222,0.7595902980874515,0.00034837883597883595,2,0.044444444444444446,0.42768276785387616,0.42570979392043506,0.3727382301877314,0.22716051499996484,0.902948402948403
Tegridy Made Games,20,6.1,29750.0,1.0,0.6238038457605387,0.0,5,0.25,0.13966121569378614,0.14924393652741208,0.168459422013835,0.370482842750058,0.07678132678132678
Telltale,17,7.294117647058823,326176.4705882353,2.6470588235294117,0.8241325305700246,7.37983193277311e-05,1,0.058823529411764705,0.4464275439903274,0.27859865138140893,0.12830005996515034,0.14332232775009315,0.6609336609336609
Telltale Games,14,7.285714285714286,299642.85714285716,3.2857142857142856,0.849580707870848,4.889115646258503e-05,0,0.0,0.4355579078447189,0.31334296880047,0.08080161612582903,0.0,0.5798525798525799
Tensei Games,22,6.5,10000.0,1.3181818181818181,0.8527595473451087,9.090909090909091e-06,12,0.5454545454545454,0.0,0.18103195825343835,0.1921594055706405,0.53035563410288,0.30405405405405406
Tero Lunkka,96,5.4945054945054945,14843.75,1.125,0.6177330707287664,2.0833333333333334e-06,18,0.1875,0.05059795357004514,0.16229723525548487,0.5671044080806718,0.6088228593403998,0.18796068796068796
Thalamus Digital,12,6.7,21666.666666666668,2.25,0.8580146713387297,0.0,1,0.08333333333333333,0.0990454348443394,0.25378031736293966,0.04352095933159413,0.14332232775009315,0.07678132678132678
The Quantum Astrophysicists Guild,11,6.7272727272727275,66363.63636363637,15.545454545454545,0.833266030152899,2.2510822510822512e-05,1,0.09090909090909091,0.242443009089129,0.6041936338298316,0.022668219139849854,0.14332232775009315,0.44717444717444715
The Revills Games,10,7.4,16500.0,1.5,0.8144454866568642,4e-05,2,0.2,0.06414861256271082,0.19728975268717228,0.0,0.22716051499996484,0.5491400491400491
Thermite Games,10,6.75,265000.0,5.7,0.7985391067946082,0.00010977142857142857,6,0.6,0.4198183444009651,0.4095494043683039,0.0,0.4023566422499772,0.7432432432432432
Thunderful Publishing,21,7.333333333333333,98809.52380952382,10.333333333333334,0.8450350231429091,0.0005333424036281178,8,0.38095238095238093,0.2934353588290445,0.5227269385091766,0.18057882461709088,0.4543210299999297,0.9422604422604423
TigerQiuQiu,25,5.666666666666667,16600.0,1.04,0.5355631141345427,0.0,0,0.0,0.06492263869544729,0.15350770926450893,0.22409978394868502,0.0,0.07678132678132678
Tim Rachor,10,6.2,24000.0,1.0,0.7762947432684275,0.0,2,0.2,0.1121476679165179,0.14924393652741208,0.0,0.22716051499996484,0.07678132678132678
Tin Man Games,15,6.714285714285714,32000.0,1.4666666666666666,0.8010210599171869,8e-06,1,0.06666666666666667,0.14900090276972291,0.19439959537189927,0.09761520293164012,0.14332232775009315,0.2800982800982801
TinyHat Studios,19,7.166666666666667,10000.0,1.4736842105263157,0.7996224419738187,0.0009473684210526315,4,0.21052631578947367,0.0,0.19501128182622615,0.1557485999176193,0.33278413942759594,0.9631449631449631
Toge Productions,25,7.888888888888889,58200.0,6.48,0.8810294191121659,6.342857142857143e-05,2,0.08,0.22562723464233478,0.4332608593213796,0.22409978394868502,0.22716051499996484,0.6326781326781327
Tonguç Bodur,25,6.0,24800.0,1.28,0.7156209345273917,5.142857142857143e-06,4,0.16,0.11634815650657501,0.17745608861620973,0.22409978394868502,0.33278413942759594,0.2371007371007371
Top Hat Studios Inc,14,6.5,13571.42857142857,2.4285714285714284,0.86572153065929,3.775510204081633e-05,0,0.0,0.039118667661034175,0.26529715264070985,0.08080161612582903,0.0,0.5356265356265356
"Top Hat Studios, Inc.",13,7.384615384615385,28461.53846153846,3.4615384615384617,0.8507231410289828,0.0001868131868131868,6,0.46153846153846156,0.133989337039629,0.3219999533978418,0.06282758118853439,0.4023566422499772,0.8206388206388207
Toplitz Productions,19,5.588235294117647,142631.57894736843,8.68421052631579,0.6296409481339552,0.00037017042606516293,4,0.21052631578947367,0.3404599324016489,0.4888685788404032,0.1557485999176193,0.33278413942759594,0.9090909090909091
Topware Interactive,20,5.526315789473684,663000.0,6.45,0.685957109620422,1.712857142857143e-05,0,0.0,0.5372994955674819,0.4323955661791377,0.168459422013835,0.0,0.40171990171990174
Towndarktales,10,6.6,10000.0,7.1,0.7886697520441818,5e-05,4,0.4,0.0,0.4504065456818298,0.0,0.33278413942759594,0.5847665847665847
Tranquility games,16,6.125,46875.0,6.6875,0.7314504797146425,1.6785714285714285e-05,2,0.125,0.19790493754491048,0.43915244806583886,0.11340914000229768,0.22716051499996484,0.39803439803439805
Triority Interactive Novels,16,6.2,10000.0,1.1875,0.7121557265849021,0.0,1,0.0625,0.0,0.168538642902419,0.11340914000229768,0.14332232775009315,0.07678132678132678
Tripwire Interactive,15,7.461538461538462,1238000.0,5.2,0.8410021851568654,0.00026416507936507936,0,0.0,0.6173003865008111,0.3928500704771336,0.09761520293164012,0.0,0.8746928746928747
Twin Sails Interactive,25,6.56,139000.0,5.28,0.7361155290895635,0.0007968990476190477,7,0.28,0.3371559048156537,0.39561053760995646,0.22409978394868502,0.4299669832502795,0.957002457002457
UPCELL TELEKOMUNIKASYON LIMITED SIRKETI,16,5.0,10000.0,26.0,0.6158730158730159,6.25e-06,16,1.0,0.0,0.7096381285678697,0.11340914000229768,0.5858246890000082,0.2524570024570025
"USERJOY Technology Co., Ltd.",16,6.875,198437.5,2.1875,0.7842279740489255,0.0004152380952380952,1,0.0625,0.3827623500311974,0.24959934158402933,0.11340914000229768,0.14332232775009315,0.9213759213759214
Ubisoft,151,6.647887323943662,1208079.4701986755,9.927152317880795,0.7704864417519244,0.0009739134657836645,20,0.13245033112582782,0.6141661731241521,0.5148685332498137,0.6841221357507934,0.6295171572499421,0.9680589680589681
Uintani,10,5.4,10000.0,1.1,0.592998933433716,0.0,0,0.0,0.0,0.15974911691144308,0.0,0.0,0.07678132678132678
Ultimate Games S.A.,42,6.043478260869565,68928.57142857143,6.4523809523809526,0.7311551778952113,2.3759637188208617e-05,0,0.0,0.24730101172504748,0.43246436742181,0.3551684159285284,0.0,0.4533169533169533
United Independent Entertainment,62,4.140350877192983,36129.032258064515,5.225806451612903,0.3574068038827537,8.218125960061444e-06,0,0.0,0.16454782390185985,0.39374441646542263,0.4546700874562264,0.0,0.28132678132678135
Untold Tales,36,6.944444444444445,69722.22222222222,8.194444444444445,0.8197415612696467,0.00024465608465608466,14,0.3888888888888889,0.24876761993048005,0.47769438126560676,0.3160168701261005,0.5599446544275608,0.8587223587223587
Uzura Studio,10,6.0,10000.0,1.5,0.7166409380940273,0.0,3,0.3,0.0,0.19728975268717228,0.0,0.2866446555001863,0.07678132678132678
VRKiwi,12,6.444444444444445,21666.666666666668,3.4166666666666665,0.8608299183302913,1.3095238095238096e-05,6,0.5,0.0990454348443394,0.3198234808441147,0.04352095933159413,0.4023566422499772,0.3617936117936118
Vaka Game Magazine,17,7.5,26470.58823529412,3.235294117647059,0.8869634023028325,8.268907563025211e-05,5,0.29411764705882354,0.12469931007690946,0.31079485045642824,0.12830005996515034,0.370482842750058,0.6842751842751843
Valkeala Software,16,5.6923076923076925,13125.0,1.0,0.6687566684906081,0.0,13,0.8125,0.034834018179393696,0.14924393652741208,0.11340914000229768,0.5456789700000703,0.07678132678132678
Valkyria Games,17,6.0,27941.176470588234,1.0,0.7123546461400235,1.680672268907563e-06,7,0.4117647058823529,0.13162553547274475,0.14924393652741208,0.12830005996515034,0.4299669832502795,0.18181818181818182
Valkyrie Initiative,14,6.214285714285714,114285.71428571429,3.7142857142857144,0.7140264714824907,0.00013353741496598638,5,0.35714285714285715,0.31207596708093754,0.33386453597130084,0.08080161612582903,0.370482842750058,0.7665847665847666
Valve,36,8.083333333333334,24552222.222222224,13.75,0.89060723673015,0.0005105810317460318,0,0.0,1.0,0.5794609328175563,0.3160168701261005,0.0,0.9385749385749386
Versus Evil,25,6.44,162200.0,8.4,0.7428061829766693,9.022095238095238e-05,5,0.2,0.3569301424248429,0.48245501680106373,0.22409978394868502,0.370482842750058,0.7002457002457002
Vertigo Games,19,6.722222222222222,99736.84210526316,7.7368421052631575,0.8011634370254144,0.0016963208020050126,6,0.3157894736842105,0.2946320282844057,0.4667024925896798,0.1557485999176193,0.4023566422499772,0.9889434889434889
Vertigo Gaming Inc.,11,6.25,133636.36363636365,1.4545454545454546,0.7132314088159606,2.2043290043290043e-05,1,0.09090909090909091,0.33211466991138255,0.19333893565504245,0.022668219139849854,0.14332232775009315,0.44348894348894347
Vidas Salavejus,23,6.5,36956.52173913043,1.8695652173913044,0.8052924470668069,0.0,10,0.43478260869565216,0.16744881334665992,0.226974978848607,0.20324704375694072,0.49581379227537004,0.07678132678132678
Vitok,17,5.75,11470.588235294117,1.0,0.6157069876699033,1.1764705882352942e-05,0,0.0,0.017575011690435162,0.14924393652741208,0.12830005996515034,0.0,0.34705159705159705
Viva Media,28,5.653846153846154,45535.71428571428,3.25,0.6176255355884537,5.479591836734693e-05,0,0.0,0.19419146296993928,0.3115411717828969,0.2525484025755791,0.0,0.5958230958230958
Volens Nolens Games,59,5.8474576271186445,109745.7627118644,2.0508474576271185,0.6553263921729807,0.0011639418886198547,0,0.0,0.3068831108736366,0.24016484210894115,0.4419592653600107,0.0,0.9742014742014742
Voltage Inc.,14,7.0,10000.0,1.9285714285714286,0.9746055226824458,7.142857142857143e-05,14,1.0,0.0,0.23135751499463564,0.08080161612582903,0.5599446544275608,0.6492628992628993
Vutune,12,7.0,22916.666666666668,12.333333333333334,0.8945550222724136,0.0,8,0.6666666666666666,0.10623065963022457,0.557719455940864,0.04352095933159413,0.4543210299999297,0.07678132678132678
W.T.B.,25,5.32,16600.0,6.6,0.6210996728721954,4e-06,0,0.0,0.06492263869544729,0.4366876715022496,0.22409978394868502,0.0,0.21744471744471744
WASABI entertainment,58,5.254545454545455,10000.0,2.9655172413793105,0.5990439580193689,0.00010862068965517242,20,0.3448275862068966,0.0,0.29662367537397966,0.4375806719589373,0.6295171572499421,0.7358722358722358
WB Games,10,7.5,1572000.0,8.3,0.8012058505122642,0.0004913714285714286,0,0.0,0.6478993163527047,0.48015217680567807,0.0,0.0,0.9348894348894349
Wadjet Eye Games,18,8.125,107777.77777777778,1.6666666666666667,0.9178876436166946,2.5555555555555557e-05,0,0.0,0.3045650123024717,0.21118576672627967,0.14238566189952076,0.0,0.47297297297297297
Wainstop James,15,6.833333333333333,13333.333333333334,1.4666666666666666,0.8660345994585125,6.666666666666667e-06,2,0.13333333333333333,0.03685136683324944,0.19439959537189927,0.09761520293164012,0.22716051499996484,0.2585995085995086
Waku Waku Games,14,7.090909090909091,13571.42857142857,3.0,0.9021016888051518,0.00023469387755102041,10,0.7142857142857143,0.039118667661034175,0.29848787305482416,0.08080161612582903,0.49581379227537004,0.855036855036855
Wales Interactive,26,5.96,95961.53846153847,9.884615384615385,0.7343943221204388,5.2014652014652014e-05,4,0.15384615384615385,0.2896886637548416,0.5140287308854892,0.23393190079045095,0.33278413942759594,0.5884520884520884
Walter Machado,18,7.611111111111111,80000.0,103.0,0.880310916636899,0.0001629100529100529,0,0.0,0.26638329282758,1.0,0.14238566189952076,0.0,0.8058968058968059
War Child Gaming,12,6.0,10000.0,1.1666666666666667,0.819047619047619,0.0,0,0.0,0.0,0.16647821103439517,0.04352095933159413,0.0,0.07678132678132678
Warfare Studios,22,5.090909090909091,61590.90909090909,1.0,0.5726347499345994,2.510822510822511e-06,0,0.0,0.2328817700628989,0.14924393652741208,0.1921594055706405,0.0,0.1928746928746929
Warner Bros. Games,17,6.411764705882353,2372941.1764705884,10.058823529411764,0.7582006484100822,0.0022328268907563027,4,0.23529411764705882,0.7006520707013297,0.5174475342327511,0.12830005996515034,0.33278413942759594,0.9938574938574939
Warner Bros. Interactive Entertainment,33,7.225806451612903,939545.4545454546,7.636363636363637,0.7895567264135382,0.0001046095238095238,0,0.0,0.5819608400502956,0.4642119204911791,0.29398796461938853,0.0,0.7272727272727273
WayForward,18,7.388888888888889,80555.55555555556,6.611111111111111,0.8407091008579592,6.502645502645503e-05,3,0.16666666666666666,0.267269850550631,0.4370022274195702,0.14238566189952076,0.2866446555001863,0.6388206388206388
Whale Rock Games,27,6.407407407407407,33148.148148148146,12.037037037037036,0.770341828464823,1.051146384479718e-05,6,0.2222222222222222,0.1535167165560575,0.552880746982018,0.24340640580562528,0.4023566422499772,0.33906633906633904
WhisperGames,14,7.4,71785.71428571429,5.5,0.8933552169570436,0.000954843537414966,4,0.2857142857142857,0.2525040356301817,0.4030242538903517,0.08080161612582903,0.33278413942759594,0.9643734643734644
Whitethorn Games,18,7.0,66111.11111111111,5.277777777777778,0.7937184987101131,6.100529100529101e-05,4,0.2222222222222222,0.24195461070325008,0.3955343339329582,0.14238566189952076,0.33278413942759594,0.6228501228501229
Wholetone Games,16,6.6,22812.5,1.0,0.7930779877933579,4.1666666666666667e-07,2,0.125,0.10564704553284261,0.14924393652741208,0.11340914000229768,0.22716051499996484,0.15847665847665848
William at Oxford,57,4.615384615384615,15350.877192982456,11.087719298245615,0.4226679526047357,3.5087719298245615e-06,1,0.017543859649122806,0.05490131510214983,0.5366021201272808,0.4331272271926699,0.14332232775009315,0.2113022113022113
WindField Games,10,7.3,15000.0,1.7,0.8540356553203541,3.285714285714286e-05,6,0.6,0.05193932803211756,0.2138605028258732,0.0,0.4023566422499772,0.5208845208845209
Winged Cloud,52,7.196078431372549,90192.30769230769,1.7307692307692308,0.8438792882723245,6.044505494505495e-05,9,0.17307692307692307,0.28174558501007335,0.21630034181781616,0.409641047648492,0.4761064671776892,0.6203931203931204
Winter Wolves,37,6.055555555555555,17567.567567567567,1.135135135135135,0.7352884426260088,1.1891891891891893e-05,4,0.10810810810810811,0.07217979495364933,0.16332172642122555,0.32296448651661164,0.33278413942759594,0.3501228501228501
Wired Productions,19,6.611111111111111,103421.05263157895,10.842105263157896,0.744446878963777,0.00016240601503759398,7,0.3684210526315789,0.2992789206274809,0.53218203995166,0.1557485999176193,0.4299669832502795,0.8046683046683046
Wolfs Moon Studios,12,7.166666666666667,25000.0,1.0,0.9368672009576212,2.4761904761904762e-05,6,0.5,0.11737710606046528,0.14924393652741208,0.04352095933159413,0.4023566422499772,0.4656019656019656
Wolverine Studios,32,5.12,10000.0,1.0,0.5667149279536017,0.000309375,7,0.21875,0.0,0.14924393652741208,0.2862106654423914,0.4299669832502795,0.8906633906633906
XSEED Games,60,7.283333333333333,130916.66666666667,4.283333333333333,0.8322361092452708,0.00022322857142857144,5,0.08333333333333333,0.3294805937346707,0.35840161773698104,0.4462654819930776,0.370482842750058,0.8452088452088452
XSGames,14,5.0,13571.42857142857,7.285714285714286,0.5419580419580419,1.6326530612244897e-05,14,1.0,0.039118667661034175,0.45528744401812266,0.08080161612582903,0.5599446544275608,0.3894348894348894
Xbox Game Studios,57,7.527272727272727,1919210.5263157894,12.31578947368421,0.8433616150599906,0.001003306432748538,7,0.12280701754385964,0.6734653380395148,0.5574359621709941,0.4331272271926699,0.4299669832502795,0.9705159705159705
Xitilon,13,6.0,22692.30769230769,4.153846153846154,0.735771925742956,4.249084249084249e-06,1,0.07692307692307693,0.10497032422760309,0.35305883969253654,0.06282758118853439,0.14332232775009315,0.22235872235872237
Y Press Games,21,6.75,11190.47619047619,0.9523809523809523,0.8033516598995161,8.571428571428571e-05,3,0.14285714285714285,0.014408042751663686,0.14405540866609112,0.18057882461709088,0.2866446555001863,0.6916461916461917
YAW Studios,16,7.066666666666666,20312.5,17.625,0.8730917285924336,1.375e-05,3,0.1875,0.09077788454373778,0.62968531886631,0.11340914000229768,0.2866446555001863,0.36855036855036855
Yaeko,15,7.25,10000.0,1.2,0.9654802143535879,2.6666666666666667e-05,8,0.5333333333333333,0.0,0.16976550369824286,0.09761520293164012,0.4543210299999297,0.4828009828009828
Yai Gameworks,18,6.7272727272727275,25555.555555555555,2.4444444444444446,0.8105509389231098,0.0,0,0.0,0.1201926832949362,0.2662916739798048,0.14238566189952076,0.0,0.07678132678132678
Yamate,10,5.166666666666667,12500.0,5.2,0.49071872571872566,0.00011,6,0.6,0.02858406286464565,0.3928500704771336,0.0,0.4023566422499772,0.7444717444717445
Yash Future Tech Solutions Pvt Ltd,39,4.857142857142857,10000.0,5.6923076923076925,0.334947858838615,2.5641025641025643e-05,7,0.1794871794871795,0.0,0.4093020597263863,0.3363274245347102,0.4299669832502795,0.4742014742014742
Yogscast Games,18,7.333333333333333,186111.11111111112,8.055555555555555,0.8339094626278052,0.00030070370370370374,12,0.6666666666666666,0.37454674215656864,0.4744170959679439,0.14238566189952076,0.53035563410288,0.8894348894348895
Zachtronics,17,7.823529411764706,232352.9411764706,2.588235294117647,0.9145306119957759,0.0002474957983193278,0,0.0,0.4029756685500251,0.2750975419302672,0.12830005996515034,0.0,0.8648648648648649
ZangGames,13,5.833333333333333,10000.0,1.0,0.7283081501831502,0.0,0,0.0,0.0,0.14924393652741208,0.06282758118853439,0.0,0.07678132678132678
ZaxtorGameS,17,6.714285714285714,11470.588235294117,1.0,0.8056105710867616,1.1764705882352942e-05,4,0.23529411764705882,0.017575011690435162,0.14924393652741208,0.12830005996515034,0.33278413942759594,0.34705159705159705
Zeiva Inc,14,6.111111111111111,23571.428571428572,1.2142857142857142,0.7808062736783787,0.0,0,0.0,0.10983943808983707,0.17115912336682287,0.08080161612582903,0.0,0.07678132678132678
Zerouno Games,11,7.0,14545.454545454546,5.181818181818182,0.7847913581908736,9.090909090909091e-06,3,0.2727272727272727,0.04799747847206177,0.392217724979718,0.022668219139849854,0.2866446555001863,0.30405405405405406
Ziggurat,123,6.095890410958904,60569.10569105691,1.8048780487804879,0.7867185459253927,1.962059620596206e-05,10,0.08130081300813008,0.23073863361792762,0.22206573134264257,0.6310805003494486,0.49581379227537004,0.4275184275184275
Zloy Krot Studio,13,5.230769230769231,41923.07692307692,1.0,0.5536528354486445,6.593406593406593e-07,0,0.0,0.1836021769199155,0.14924393652741208,0.06282758118853439,0.0,0.16461916461916462
Zombie Developer,12,5.0,10000.0,2.0833333333333335,0.4458128078817734,0.0,11,0.9166666666666666,0.0,0.24244541153165952,0.04352095933159413,0.5138051705001512,0.07678132678132678
Zoo Corporation,42,6.166666666666667,20952.380952380954,3.4523809523809526,0.7606588526140797,2.4285714285714288e-05,7,0.16666666666666666,0.09475108872785418,0.32155755856969676,0.3551684159285284,0.4299669832502795,0.4619164619164619
aNCHOR Inc.,11,7.818181818181818,27727.272727272728,2.1818181818181817,0.8696978541314432,0.00033454545454545456,2,0.18181818181818182,0.13064106128607403,0.24921519609924006,0.022668219139849854,0.22716051499996484,0.9017199017199017
artoonu,22,6.25,10000.0,1.0,0.7746310705499844,3.6363636363636364e-05,12,0.5454545454545454,0.0,0.14924393652741208,0.1921594055706405,0.53035563410288,0.5313267813267813
astragon Entertainment,29,5.758620689655173,242758.62068965516,9.724137931034482,0.6462428149611196,0.00012952380952380952,4,0.13793103448275862,0.40858809948410346,0.5108306199272273,0.26138044074291994,0.33278413942759594,0.7616707616707616
azimuth team,17,4.6,88235.29411764706,1.1764705882352942,0.4245682531688604,0.0,0,0.0,0.27893528371024706,0.16745028260471914,0.12830005996515034,0.0,0.07678132678132678
b-alive gmbh,16,5.25,39375.0,6.5,0.635647133138702,5.875e-05,0,0.0,0.17556927660344032,0.4338357955431288,0.11340914000229768,0.0,0.6117936117936118
baKno Games,25,5.0,16600.0,10.08,0.5061810797463429,2.8e-05,1,0.04,0.06492263869544729,0.5178594424004634,0.22409978394868502,0.14332232775009315,0.48894348894348894
beans rolls,30,5.2727272727272725,17166.666666666668,1.0,0.4182366616680342,0.0,2,0.06666666666666667,0.06922258527923893,0.14924393652741208,0.26992285111526687,0.22716051499996484,0.07678132678132678
bhungry,12,6.2,17500.0,5.583333333333333,0.7216977822137249,3.976190476190476e-05,5,0.4166666666666667,0.07168614744673715,0.40576713795288505,0.04352095933159413,0.370482842750058,0.5454545454545454
bitComposer Interactive GmbH,12,4.75,10000.0,1.5833333333333333,0.43646947419815774,2.5e-05,2,0.16666666666666666,0.0,0.2043498437809372,0.04352095933159413,0.22716051499996484,0.46867321867321865
cBlck,16,4.666666666666667,21875.0,1.0,0.4122567587641117,0.0,0,0.0,0.10027130823046211,0.14924393652741208,0.11340914000229768,0.0,0.07678132678132678
derevotyan,11,6.6,14545.454545454546,1.7272727272727273,0.862990761291254,2.7272727272727276e-05,0,0.0,0.04799747847206177,0.2160244756851258,0.022668219139849854,0.0,0.4858722358722359
eSolutions Nordic AB,15,6.0,23666.666666666668,1.1333333333333333,0.880405643738977,0.00014,1,0.06666666666666667,0.11035598415975716,0.16313995056651948,0.09761520293164012,0.14332232775009315,0.7782555282555282
ebi-hime,38,7.176470588235294,19342.105263157893,2.1052631578947367,0.8931206151363369,1.7644110275689224e-05,10,0.2631578947368421,0.0845070096108553,0.2439713816829586,0.3297316247739855,0.49581379227537004,0.4090909090909091
exosyphen studios,18,4.8,92777.77777777778,0.8888888888888888,0.5258722641344364,2.343915343915344e-05,0,0.0,0.28536628152027577,0.13693695912580797,0.14238566189952076,0.0,0.4520884520884521
familyplay,48,5.27027027027027,12604.166666666666,4.583333333333333,0.6323452603296836,1.9345238095238094e-05,0,0.0,0.029647126808355982,0.37029311419951955,0.3891976086796104,0.0,0.4262899262899263
grin robot,10,6.6,12500.0,18.0,0.9167411602322089,0.0,0,0.0,0.02858406286464565,0.6339774241894218,0.0,0.0,0.07678132678132678
inXile Entertainment,11,6.7272727272727275,295909.0909090909,5.545454545454546,0.7767528970744899,0.00015594805194805194,0,0.0,0.4339515576037735,0.40452470238132215,0.022668219139849854,0.0,0.7972972972972973
indie.io,68,6.632352941176471,64852.94117647059,5.985294117647059,0.7917674205035924,0.00024616526610644256,42,0.6176470588235294,0.23949309583069103,0.41852788472604535,0.47837007101303197,0.777704895632193,0.8624078624078624
indie_games_studio,22,4.45,35454.545454545456,4.954545454545454,0.40131294980892346,1.038961038961039e-05,0,0.0,0.1621336457693062,0.38415260657165606,0.1921594055706405,0.0,0.33783783783783783
indiegames3000,16,5.25,11562.5,1.0,0.5093821720032266,1.8750000000000002e-05,4,0.25,0.018597343952226068,0.14924393652741208,0.11340914000229768,0.33278413942759594,0.4201474201474201
indienova,21,7.411764705882353,31190.47619047619,6.857142857142857,0.8974924121179221,6.335600907029479e-05,5,0.23809523809523808,0.14571846464171498,0.4438521823299286,0.18057882461709088,0.370482842750058,0.6314496314496314
kazakovstudios,41,5.897435897435898,15853.658536585366,103.0,0.7148408642780035,1.3588850174216028e-05,8,0.1951219512195122,0.059029695555138664,1.0,0.34903824663092586,0.4543210299999297,0.36609336609336607
khukhrovr,43,5.785714285714286,27209.302325581397,103.0,0.6930400364043346,7.176079734219269e-06,1,0.023255813953488372,0.12822532814015672,1.0,0.36115764923418164,0.14332232775009315,0.269041769041769
kovalevviktor,40,5.631578947368421,21250.0,103.0,0.6644553002194421,2.5e-06,0,0.0,0.09655792551428603,1.0,0.34276034828214924,0.0,0.19164619164619165
lightUP,20,6.833333333333333,10000.0,2.8,0.9178177033910117,0.0,7,0.35,0.0,0.2874437349748375,0.168459422013835,0.4299669832502795,0.07678132678132678
magnussoft,52,,10480.76923076923,2.0,0.5398015873015873,2.307692307692308e-05,22,0.4230769230769231,0.006015009312282123,0.23654604285595657,0.409641047648492,0.6483274292638558,0.44963144963144963
meokigame,10,5.111111111111111,12500.0,4.4,0.6108184272890156,2e-05,0,0.0,0.02858406286464565,0.36310443935328535,0.0,0.0,0.43243243243243246
okyakusama,13,5.461538461538462,10000.0,7.923076923076923,0.6166413738728808,0.0006923076923076923,9,0.6923076923076923,0.0,0.47124388992525384,0.06282758118853439,0.4761064671776892,0.9484029484029484
owlyboi,47,6.837209302325581,10000.0,1.2553191489361701,0.8100066110264645,3.1914893617021275e-05,19,0.40425531914893614,0.0,0.17511262726665944,0.3838258683740316,0.6194287949277822,0.515970515970516
qureate,18,7.333333333333333,12777.777777777777,3.9444444444444446,0.8434282071829176,0.00028095238095238097,5,0.2777777777777778,0.03139952871348984,0.34412792690026434,0.14238566189952076,0.370482842750058,0.8808353808353808
rokaplay,13,7.0,17692.30769230769,5.615384615384615,0.788238536333603,6.593406593406593e-05,3,0.23076923076923078,0.07308617663109324,0.4068128587413415,0.06282758118853439,0.2866446555001863,0.64004914004914
rondomedia GmbH,10,4.8,68000.0,7.7,0.5063067831424466,1.2e-05,0,0.0,0.24556349061305208,0.46579262440215363,0.0,0.0,0.35196560196560195
tinyBuild,101,6.943181818181818,319900.9900990099,6.792079207920792,0.7976878584242314,0.00023301650165016502,19,0.18811881188118812,0.44393878269427023,0.4420617850998955,0.5801986300617799,0.6194287949277822,0.8538083538083538
upjers,15,5.2,102333.33333333333,9.733333333333333,0.6099776764798472,0.00026247619047619047,0,0.0,0.2979244297223961,0.5110151611745309,0.09761520293164012,0.0,0.8722358722358723
wow wow Games,21,5.444444444444445,13571.42857142857,2.142857142857143,0.5238361883214824,0.0,8,0.38095238095238093,0.039118667661034175,0.24656242964275638,0.18057882461709088,0.4543210299999297,0.07678132678132678
КиКо,15,5.933333333333334,25333.333333333332,76.0,0.7103805740139006,1.4222222222222222e-05,0,0.0,0.1190738670933077,0.9352798927103102,0.09761520293164012,0.0,0.37223587223587223
冷笑黑妖,18,7.4375,44444.444444444445,12.11111111111111,0.8969728801204675,2.031746031746032e-05,2,0.1111111111111111,0.1910840027685497,0.5541006566878794,0.14238566189952076,0.22716051499996484,0.43857493857493857
凝冰剑斩,12,7.8,14166.666666666666,1.4166666666666667,0.9292481306437734,0.0,0,0.0,0.04461734169328633,0.18999029137741283,0.04352095933159413,0.0,0.07678132678132678
吃了就睡工作室,10,6.428571428571429,28000.0,1.1,0.7645874792084673,1e-05,0,0.0,0.1318949448160995,0.15974911691144308,0.0,0.0,0.32555282555282555
方块游戏(CubeGame),31,6.225806451612903,66290.32258064517,2.2580645161290325,0.7135743214709387,0.00035136712749615973,15,0.4838709677419355,0.2423014077217025,0.2543139322261772,0.278194027548731,0.5732893110003726,0.9041769041769042
橙光游戏,47,6.423076923076923,33936.17021276596,1.2127659574468086,0.7856006497449235,3.0395136778115506e-06,15,0.3191489361702128,0.15652648393887195,0.171011293984352,0.3838258683740316,0.5732893110003726,0.20270270270270271
致意,11,8.0,50000.0,3.8181818181818183,0.9005703750656312,3.8961038961038966e-05,2,0.18181818181818182,0.20617271119921624,0.3385582038420682,0.022668219139849854,0.22716051499996484,0.5405405405405406
