publisher_primary,baseline_score,baseline_rank,min_score,max_score,mean_score,score_range,score_std,min_rank,max_rank,rank_range,mean_absolute_rank_change,top_5_frequency,top_10_frequency,top_20_frequency
Valve,0.7830720422254429,1.0,0.6892055039532248,0.876938580497661,0.7830720422254429,0.18773307654443627,0.06294157983298354,1.0,8.0,7.0,1.011764705882353,0.9058823529411765,1.0,1.0
Coffee Stain Publishing,0.7670530385767992,2.0,0.6782145529144672,0.8558915242391312,0.7670530385767991,0.17767697132466398,0.04440731359192339,1.0,4.0,3.0,0.3176470588235294,1.0,1.0,1.0
PlayStation Publishing LLC,0.7644461085856509,3.0,0.6973853828946771,0.8315068342766244,0.7644461085856508,0.1341214513819473,0.033078942453238884,1.0,3.0,2.0,0.7529411764705882,1.0,1.0,1.0
"CAPCOM Co., Ltd.",0.7402243329800834,4.0,0.664325485063407,0.8161231808967596,0.7402243329800834,0.15179769583335256,0.03403532989157599,2.0,5.0,3.0,0.24705882352941178,1.0,1.0,1.0
Bandai Namco Entertainment,0.7196097439926157,5.0,0.6418710273657692,0.7973484606194621,0.7196097439926157,0.1554774332536929,0.03332530804096703,5.0,8.0,3.0,0.8705882352941177,0.5176470588235295,1.0,1.0
Xbox Game Studios,0.7108064746967663,6.0,0.6192606516422016,0.802352297751331,0.7108064746967663,0.18309164610912942,0.04307773707198385,5.0,12.0,7.0,1.3411764705882352,0.023529411764705882,0.9529411764705882,1.0
Hooded Horse,0.7103862332419327,7.0,0.6319661259766844,0.7888063405071812,0.7103862332419327,0.1568402145304968,0.031852117784722044,3.0,13.0,10.0,1.8588235294117648,0.18823529411764706,0.8823529411764706,1.0
Electronic Arts,0.7062193048331822,8.0,0.6358898160543622,0.7765487936120021,0.7062193048331822,0.1406589775576399,0.03467602432033741,5.0,14.0,9.0,1.0941176470588236,0.03529411764705882,0.9529411764705882,1.0
Klei Entertainment,0.6984768395611889,9.0,0.583553570814724,0.8134001083076537,0.6984768395611889,0.22984653749292971,0.05917216446074475,4.0,45.0,41.0,5.9411764705882355,0.27058823529411763,0.5764705882352941,0.8588235294117647
Raw Fury,0.6857915968380945,10.0,0.5977043698472493,0.77387882382894,0.6857915968380945,0.17617445398169074,0.036299699277150134,9.0,17.0,8.0,1.964705882352941,0.0,0.27058823529411763,1.0
Frontier Developments,0.6857428706669221,11.0,0.600221538783647,0.7712642025501972,0.6857428706669222,0.1710426637665502,0.04035139506560408,9.0,27.0,18.0,1.7411764705882353,0.0,0.3058823529411765,0.9764705882352941
Warner Bros. Games,0.6808202640096324,12.0,0.6057641972367127,0.7558763307825523,0.6808202640096324,0.15011213354583963,0.04022928813060901,9.0,50.0,41.0,4.011764705882353,0.0,0.24705882352941178,0.9058823529411765
Arc Games,0.6769752208427152,13.0,0.5964138900771293,0.7575365516083012,0.6769752208427153,0.16112266153117194,0.039035457066105464,10.0,32.0,22.0,3.023529411764706,0.0,0.011764705882352941,0.9058823529411765
New Blood Interactive,0.6743651896322819,14.0,0.5713089318329235,0.7774214474316401,0.6743651896322819,0.20611251559871657,0.04540606453275936,7.0,50.0,43.0,6.305882352941176,0.0,0.25882352941176473,0.7058823529411765
IndieArk,0.6698678248199601,15.0,0.6066200069795921,0.7331156426603282,0.6698678248199601,0.12649563568073618,0.0348261211428075,3.0,53.0,50.0,10.964705882352941,0.058823529411764705,0.36470588235294116,0.5882352941176471
SEGA,0.6683072893993197,16.0,0.5705962410611918,0.7660183377374479,0.6683072893993198,0.1954220966762561,0.04117677294094931,12.0,26.0,14.0,2.776470588235294,0.0,0.0,0.8
Ubisoft,0.6682138483560324,17.0,0.5916652656540553,0.7447624310580094,0.6682138483560324,0.15309716540395413,0.03615057215289485,13.0,43.0,30.0,3.164705882352941,0.0,0.0,0.7411764705882353
Team17,0.6670933080377021,18.0,0.602822522892287,0.7313640931831171,0.6670933080377021,0.12854157029083013,0.027253231755837267,10.0,30.0,20.0,4.658823529411765,0.0,0.03529411764705882,0.6352941176470588
Private Division,0.6665176407262148,19.0,0.6001141181136973,0.7329211633387324,0.6665176407262148,0.13280704522503506,0.02883496727339202,12.0,29.0,17.0,2.788235294117647,0.0,0.0,0.6705882352941176
11 bit studios,0.6601402693351984,20.0,0.5738379097110369,0.7464426289593602,0.6601402693351985,0.17260471924832332,0.0373797812427834,17.0,36.0,19.0,2.388235294117647,0.0,0.0,0.29411764705882354
2K,0.6572163044438103,21.0,0.5688704086307778,0.7455622002568428,0.6572163044438103,0.17669179162606508,0.04377365223668621,12.0,74.0,62.0,7.435294117647059,0.0,0.0,0.38823529411764707
Bethesda Softworks,0.6568678120636848,22.0,0.5769375426293276,0.7367980814980422,0.6568678120636848,0.15986053886871454,0.04069574911676951,15.0,64.0,49.0,7.870588235294117,0.0,0.0,0.4117647058823529
Rockstar Games,0.6558843999569322,23.0,0.5818357959920615,0.7299330039218028,0.6558843999569322,0.14809720792974135,0.03844376425056932,15.0,63.0,48.0,7.682352941176471,0.0,0.0,0.38823529411764707
Yogscast Games,0.6532473902192871,24.0,0.5831512780102841,0.7233435024282903,0.6532473902192871,0.14019222441800616,0.030376242079534044,9.0,49.0,40.0,8.976470588235294,0.0,0.03529411764705882,0.38823529411764707
Square Enix,0.6485991421719415,25.0,0.56207742473738,0.7351208596065031,0.6485991421719415,0.1730434348691231,0.0380538588534256,20.0,59.0,39.0,4.141176470588236,0.0,0.0,0.011764705882352941
2 Left Thumbs,0.6475339199994274,26.0,0.5579860130584009,0.737081826940454,0.6475339199994274,0.1790958138820531,0.04099791345036874,6.0,76.0,70.0,13.329411764705883,0.0,0.10588235294117647,0.3764705882352941
WB Games,0.6471812255098814,27.0,0.533400311672988,0.7609621393467748,0.6471812255098813,0.22756182767378685,0.056697495949956385,12.0,90.0,78.0,15.717647058823529,0.0,0.0,0.3764705882352941
Devolver Digital,0.6436938340475832,28.0,0.5622431203549124,0.725144547740254,0.6436938340475832,0.16290142738534164,0.033538230875862676,22.0,53.0,31.0,4.317647058823529,0.0,0.0,0.0
Annapurna Interactive,0.6430100786657001,29.0,0.5599168969944935,0.726103260336907,0.6430100786657003,0.16618636334241343,0.03523146637213609,15.0,61.0,46.0,6.741176470588235,0.0,0.0,0.058823529411764705
HypeTrain Digital,0.6394348242702194,30.0,0.5378475402231704,0.7410221083172684,0.6394348242702195,0.20317456809409806,0.04141962409757663,21.0,51.0,30.0,4.258823529411765,0.0,0.0,0.0
KONAMI,0.6385685095445881,31.0,0.552983766222213,0.7241532528669631,0.638568509544588,0.17116948664475007,0.037131486517289224,24.0,62.0,38.0,5.317647058823529,0.0,0.0,0.0
Skybound Games,0.6356085619203704,32.0,0.5684315332653099,0.702785590575431,0.6356085619203704,0.13435405731012107,0.02795383637922111,17.0,60.0,43.0,9.552941176470588,0.0,0.0,0.03529411764705882
PlayWay S.A.,0.635205227220895,33.0,0.5498326860411938,0.7205777684005963,0.635205227220895,0.17074508235940244,0.03496774229470245,23.0,60.0,37.0,5.517647058823529,0.0,0.0,0.0
Activision,0.6319774285506679,34.0,0.557544795188971,0.7064100619123644,0.6319774285506677,0.1488652667233934,0.037847214484740724,23.0,84.0,61.0,13.0,0.0,0.0,0.0
Dire Wolf,0.6296802956795715,35.0,0.5122057129780779,0.747154878381065,0.6296802956795715,0.23494916540298705,0.046579729163358424,17.0,58.0,41.0,8.48235294117647,0.0,0.0,0.023529411764705882
"Spike Chunsoft Co., Ltd.",0.6294240049103441,36.0,0.5239750504682275,0.7348729593524608,0.6294240049103441,0.21089790888423332,0.04200679196445953,25.0,54.0,29.0,6.129411764705883,0.0,0.0,0.0
Humble Games,0.6294146291642333,37.0,0.5382708011066478,0.7205584572218188,0.6294146291642333,0.18228765611517095,0.03641648156586081,34.0,48.0,14.0,3.0588235294117645,0.0,0.0,0.0
Focus Entertainment,0.6280812202374526,38.0,0.5471027355709179,0.7090597049039875,0.6280812202374526,0.16195696933306958,0.03546473661305556,28.0,75.0,47.0,7.364705882352941,0.0,0.0,0.0
Future Friends Games,0.626479193337754,39.0,0.5303703767082439,0.7225880099672642,0.626479193337754,0.1922176332590203,0.03824425264119685,22.0,65.0,43.0,8.0,0.0,0.0,0.0
Tripwire Interactive,0.6253641397973552,40.0,0.5117752340892907,0.7389530455054196,0.6253641397973552,0.22717781141612892,0.054919914330120265,18.0,107.0,89.0,20.023529411764706,0.0,0.0,0.03529411764705882
Gamera Games,0.6228051607760201,41.0,0.5324419226414658,0.7131683989105743,0.6228051607760201,0.18072647626910843,0.038097606275530355,25.0,81.0,56.0,9.341176470588236,0.0,0.0,0.0
Secret Mode,0.6211627073038,42.0,0.533596458607989,0.7087289559996108,0.6211627073037999,0.17513249739162184,0.03459244956295447,34.0,61.0,27.0,5.470588235294118,0.0,0.0,0.0
Goblinz Publishing,0.6209926437110578,43.0,0.5459350446621515,0.6960502427599641,0.6209926437110578,0.1501151980978126,0.03310657973012686,26.0,87.0,61.0,10.741176470588234,0.0,0.0,0.0
NEOWIZ,0.6194030169176593,44.0,0.5261691275670148,0.7126369062683039,0.6194030169176593,0.18646777870128906,0.03956584676686712,35.0,79.0,44.0,8.352941176470589,0.0,0.0,0.0
Ravenage Games,0.6186827191347681,45.0,0.5575009557851283,0.679864482484408,0.6186827191347681,0.12236352669927975,0.035348163785464716,14.0,121.0,107.0,24.023529411764706,0.0,0.0,0.1411764705882353
Paradox Interactive,0.6182468179478603,46.0,0.5290112835442269,0.7074823523514938,0.6182468179478603,0.17847106880726693,0.04171931458480686,28.0,107.0,79.0,13.023529411764706,0.0,0.0,0.0
OKJOY,0.6172494125679794,47.0,0.5332495771879027,0.7012492479480561,0.6172494125679794,0.16799967076015343,0.04056662962894414,13.0,108.0,95.0,20.905882352941177,0.0,0.0,0.09411764705882353
Thunderful Publishing,0.6158754745473801,48.0,0.5142335739077141,0.7175173751870461,0.6158754745473801,0.203283801279332,0.04071772393097266,39.0,74.0,35.0,7.070588235294117,0.0,0.0,0.0
Alawar,0.6155494218876745,49.0,0.5272193627237086,0.7038794810516404,0.6155494218876745,0.17666011832793183,0.036284975241670826,43.0,72.0,29.0,5.458823529411765,0.0,0.0,0.0
Playtonic Friends,0.6135602529753601,50.0,0.5043091864589121,0.7228113194918081,0.6135602529753601,0.218502133032896,0.043085991534618714,32.0,75.0,43.0,8.541176470588235,0.0,0.0,0.0
Curve Games,0.6120270045276706,51.0,0.5330262444911561,0.6910277645641848,0.6120270045276706,0.1580015200730287,0.03590500929833726,36.0,91.0,55.0,12.51764705882353,0.0,0.0,0.0
HIKARI FIELD,0.6120167514624323,52.0,0.4831764466956854,0.7408570562291792,0.6120167514624323,0.2576806095334938,0.05169271532830578,19.0,91.0,72.0,16.541176470588237,0.0,0.0,0.023529411764705882
Kitfox Games,0.6116404541344026,53.0,0.5118284769658792,0.7114524313029257,0.6116404541344025,0.1996239543370465,0.042431465049250286,33.0,86.0,53.0,11.08235294117647,0.0,0.0,0.0
Fireshine Games,0.6113969555749743,54.0,0.5295253317386355,0.693268579411313,0.6113969555749742,0.16374324767267756,0.03533935641278204,33.0,95.0,62.0,10.011764705882353,0.0,0.0,0.0
Deep Silver,0.610647178161861,55.0,0.5520391598495342,0.669255196474188,0.6106471781618611,0.11721603662465374,0.02850578974507416,32.0,98.0,66.0,13.929411764705883,0.0,0.0,0.0
tinyBuild,0.6092912826844961,56.0,0.5279357304490284,0.6906468349199637,0.6092912826844961,0.16271110447093529,0.03272001891035282,49.0,70.0,21.0,4.223529411764706,0.0,0.0,0.0
2P Games,0.6089828491943394,57.0,0.5367369374022323,0.6812287609864466,0.6089828491943394,0.1444918235842143,0.03546312698641158,17.0,112.0,95.0,21.08235294117647,0.0,0.0,0.03529411764705882
Gearbox Publishing,0.6079276874408119,58.0,0.5416902425484258,0.6741651323331983,0.607927687440812,0.1324748897847725,0.03191223403742482,32.0,101.0,69.0,15.541176470588235,0.0,0.0,0.0
Crystal Dynamics,0.6074010565516911,59.0,0.5014305912597047,0.7133715218436775,0.6074010565516911,0.2119409305839728,0.05253994968828473,27.0,135.0,108.0,23.694117647058825,0.0,0.0,0.0
Armor Games Studios,0.6065359409554434,60.0,0.5032384561683504,0.7098334257425363,0.6065359409554433,0.20659496957418588,0.04076086518418394,41.0,79.0,38.0,7.2823529411764705,0.0,0.0,0.0
Funcom,0.6063410322019831,61.0,0.515399342621981,0.6972827217819852,0.6063410322019831,0.1818833791600043,0.04179577289517066,35.0,111.0,76.0,13.870588235294118,0.0,0.0,0.0
Akupara Games,0.6040147586191286,62.0,0.49594210992919824,0.7120874073090591,0.6040147586191287,0.21614529737986082,0.043212931551169974,48.0,80.0,32.0,5.91764705882353,0.0,0.0,0.0
BANDAI NAMCO Entertainment,0.6006242044810084,63.0,0.47949389486387567,0.7217545140981412,0.6006242044810084,0.2422606192342655,0.05702288954303571,28.0,187.0,159.0,25.658823529411766,0.0,0.0,0.0
Thermite Games,0.5969551746075568,64.0,0.541852394050722,0.6520579551643912,0.5969551746075566,0.11020556111366919,0.022425204943250374,37.0,122.0,85.0,15.48235294117647,0.0,0.0,0.0
Bohemia Interactive,0.5947335037930782,65.0,0.5085947845202793,0.680872223065877,0.5947335037930781,0.17227743854559774,0.04210849537449584,33.0,170.0,137.0,17.976470588235294,0.0,0.0,0.0
WhisperGames,0.5936943594691887,66.0,0.4705635420914318,0.7168251768469454,0.5936943594691886,0.24626163475551355,0.04884172507669871,43.0,103.0,60.0,11.623529411764705,0.0,0.0,0.0
Kalypso Media,0.593627271118705,67.0,0.5101565579213303,0.6770979843160797,0.593627271118705,0.1669414263947494,0.03805596773541347,44.0,132.0,88.0,12.776470588235295,0.0,0.0,0.0
NekoNyan Ltd.,0.5912726261765169,68.0,0.45957132173885085,0.7229739306141829,0.5912726261765169,0.26340260887533207,0.05259143919744354,36.0,119.0,83.0,17.423529411764704,0.0,0.0,0.0
indie.io,0.5907509261630348,69.0,0.5269858960092587,0.6545159563168108,0.5907509261630347,0.1275300603075521,0.034537845234869136,33.0,149.0,116.0,25.270588235294117,0.0,0.0,0.0
Introversion Software,0.5901894319223598,70.0,0.49431844901512484,0.6860604148295948,0.5901894319223598,0.19174196581446995,0.040640428472604184,56.0,117.0,61.0,11.48235294117647,0.0,0.0,0.0
Mango Party,0.5901479464282966,71.0,0.492058688563922,0.6882372042926714,0.5901479464282966,0.19617851572874945,0.0553574597264761,15.0,207.0,192.0,37.31764705882353,0.0,0.0,0.07058823529411765
Crytivo,0.59006311117665,72.0,0.4869174724644484,0.6932087498888516,0.59006311117665,0.20629127742440323,0.04390151045999101,44.0,131.0,87.0,13.976470588235294,0.0,0.0,0.0
Lucasfilm,0.5894929422084367,73.0,0.4800005613749107,0.6989853230419628,0.5894929422084368,0.2189847616670521,0.052435143190842914,29.0,173.0,144.0,26.58823529411765,0.0,0.0,0.0
Maximum Entertainment,0.589347098951188,74.0,0.5060925952380322,0.6726016026643439,0.5893470989511881,0.1665090074263117,0.03761960470841327,40.0,137.0,97.0,16.929411764705883,0.0,0.0,0.0
Vertigo Games,0.5890868686383938,75.0,0.4836155735422403,0.6945581637345473,0.5890868686383938,0.210942590192307,0.04366758176358622,57.0,115.0,58.0,10.176470588235293,0.0,0.0,0.0
"T-Time Technology CO., LTD.",0.5870808102743895,76.0,0.5023622555270624,0.6717993650217167,0.5870808102743895,0.1694371094946543,0.04781384792968673,16.0,215.0,199.0,38.23529411764706,0.0,0.0,0.058823529411764705
FireFly Studios,0.5869642060187341,77.0,0.4956666846495149,0.6782617273879535,0.5869642060187342,0.18259504273843863,0.04422733527214791,41.0,183.0,142.0,21.129411764705882,0.0,0.0,0.0
Coatsink,0.5863710287222318,78.0,0.4658072016549436,0.7069348557895201,0.5863710287222318,0.24112765413457649,0.04791495397648021,54.0,110.0,56.0,9.552941176470588,0.0,0.0,0.0
"Kairosoft Co., Ltd",0.5863179455895854,79.0,0.4833381531598801,0.6892977380192907,0.5863179455895854,0.20595958485941063,0.0486807216413554,31.0,165.0,134.0,26.08235294117647,0.0,0.0,0.0
505 Games,0.58440103231089,80.0,0.5045973756604202,0.6642046889613599,0.58440103231089,0.1596073133009397,0.03609032114548569,54.0,145.0,91.0,14.24705882352941,0.0,0.0,0.0
Daedalic Entertainment,0.5830934352955349,81.0,0.5112121092261521,0.654974761364918,0.5830934352955349,0.14376265213876582,0.028924751006573164,61.0,117.0,56.0,10.270588235294118,0.0,0.0,0.0
Chucklefish,0.5806965701724145,82.0,0.5093936764756753,0.6519994638691536,0.5806965701724145,0.1426057873934783,0.03420552682095418,53.0,145.0,92.0,21.094117647058823,0.0,0.0,0.0
THQ Nordic,0.5793111709853892,83.0,0.49558537555192406,0.6630369664188545,0.5793111709853892,0.1674515908669304,0.035698019067448274,67.0,133.0,66.0,11.788235294117648,0.0,0.0,0.0
DreadXP,0.5792909227945922,84.0,0.49665739609342274,0.6619244494957613,0.579290922794592,0.1652670534023386,0.035811801175680426,44.0,144.0,100.0,18.4,0.0,0.0,0.0
No More Robots,0.5768691835159806,85.0,0.4804036400460327,0.6733347269859286,0.5768691835159806,0.19293108693989586,0.03904625043023516,70.0,134.0,64.0,10.941176470588236,0.0,0.0,0.0
MDickie,0.5768533251865715,86.0,0.45598995745544685,0.6977166929176963,0.5768533251865716,0.2417267354622495,0.05148984670954964,50.0,150.0,100.0,23.858823529411765,0.0,0.0,0.0
Warner Bros. Interactive Entertainment,0.5767154366098444,87.0,0.48122359566080763,0.672207277558881,0.5767154366098444,0.19098368189807335,0.048857834765755496,34.0,189.0,155.0,31.75294117647059,0.0,0.0,0.0
Zachtronics,0.5762295080060402,88.0,0.4370941858741807,0.7153648301379,0.5762295080060403,0.2782706442637193,0.05866472897449308,44.0,164.0,120.0,27.88235294117647,0.0,0.0,0.0
Untold Tales,0.575963826704267,89.0,0.48776829575387926,0.664159357654655,0.5759638267042672,0.1763910619007757,0.036158638734971396,70.0,128.0,58.0,12.023529411764706,0.0,0.0,0.0
Destructive Creations,0.5756165614452845,90.0,0.4725181986662544,0.6787149242243146,0.5756165614452845,0.20619672555806018,0.043164773631256766,69.0,149.0,80.0,11.6,0.0,0.0,0.0
Twin Sails Interactive,0.5738011196289116,91.0,0.47721549697868737,0.6703867422791357,0.5738011196289116,0.19317124530044838,0.04064628212913732,75.0,130.0,55.0,12.188235294117646,0.0,0.0,0.0
"Nicalis, Inc.",0.5729986631421972,92.0,0.4982202235370585,0.6477771027473357,0.572998663142197,0.14955687921027716,0.03726984858979433,44.0,180.0,136.0,25.63529411764706,0.0,0.0,0.0
Stardock Entertainment,0.5722517445761968,93.0,0.4784011255558738,0.6661023635965196,0.5722517445761967,0.18770123804064587,0.04262511934247393,57.0,205.0,148.0,19.50588235294118,0.0,0.0,0.0
Good Shepherd Entertainment,0.5719963580796599,94.0,0.47240962445822654,0.6715830917010934,0.5719963580796599,0.1991734672428669,0.041768763951334616,75.0,142.0,67.0,13.894117647058824,0.0,0.0,0.0
SNEG,0.570798994225734,95.0,0.485534773403147,0.656063215048321,0.570798994225734,0.170528441645174,0.04425808093027408,43.0,198.0,155.0,31.83529411764706,0.0,0.0,0.0
Idea Factory International,0.5692784403171142,96.0,0.457084734010781,0.6814721466234475,0.5692784403171142,0.22438741261266648,0.04480652192887977,75.0,125.0,50.0,9.364705882352942,0.0,0.0,0.0
SNK CORPORATION,0.5687717193664995,97.0,0.4632603566716595,0.6742830820613395,0.5687717193664995,0.21102272538967998,0.0433746416576432,81.0,140.0,59.0,12.51764705882353,0.0,0.0,0.0
Kagura Games,0.5686539354641299,98.0,0.4809961616295685,0.6563117092986912,0.5686539354641299,0.17531554766912272,0.04098254456406,54.0,186.0,132.0,23.51764705882353,0.0,0.0,0.0
"KOEI TECMO GAMES CO., LTD.",0.568636156928319,99.0,0.4527783968198671,0.6844939170367711,0.5686361569283191,0.231715520216904,0.04872093397076605,70.0,188.0,118.0,18.905882352941177,0.0,0.0,0.0
Rebellion,0.5682670121732863,100.0,0.4628989084764282,0.6736351158701446,0.5682670121732863,0.2107362073937164,0.05014387188530967,50.0,202.0,152.0,31.67058823529412,0.0,0.0,0.0
Nacon,0.5675743663781543,101.0,0.49748381791829266,0.6376649148380158,0.5675743663781543,0.14018109691972314,0.03510563355328088,58.0,178.0,120.0,25.341176470588234,0.0,0.0,0.0
Walter Machado,0.5658997404197048,102.0,0.4399097041733569,0.6918897766660528,0.5658997404197049,0.2519800724926959,0.05473969180768511,58.0,184.0,126.0,30.11764705882353,0.0,0.0,0.0
Deck13,0.5653218409007686,103.0,0.4442050568748838,0.6864386249266538,0.5653218409007688,0.24223356805176993,0.04977999537280504,72.0,175.0,103.0,18.68235294117647,0.0,0.0,0.0
Apogee Entertainment,0.5635202068666864,104.0,0.45000059439913814,0.6770398193342347,0.5635202068666865,0.2270392249350966,0.04476518192307406,78.0,134.0,56.0,11.882352941176471,0.0,0.0,0.0
072 Project,0.5626674300785469,105.0,0.47700418214233614,0.6483306780147579,0.5626674300785469,0.1713264958724217,0.050978986114556334,23.0,276.0,253.0,54.07058823529412,0.0,0.0,0.0
Team17 Digital Ltd,0.5615585666261619,106.0,0.45448283271704976,0.668634300535274,0.5615585666261619,0.2141514678182242,0.04672772486050192,71.0,223.0,152.0,22.48235294117647,0.0,0.0,0.0
XSEED Games,0.5599303169623411,107.0,0.4474829267155482,0.672377707209134,0.5599303169623411,0.22489478049358586,0.04492544550287596,91.0,141.0,50.0,11.435294117647059,0.0,0.0,0.0
JAST,0.5589421374536273,108.0,0.4591119618012091,0.6587723131060456,0.5589421374536273,0.19966035130483645,0.049829974508525304,49.0,212.0,163.0,36.38823529411765,0.0,0.0,0.0
Dear Villagers,0.5582028813614036,109.0,0.4920134634990995,0.6243922992237079,0.5582028813614036,0.13237883572460835,0.02654691917680848,79.0,165.0,86.0,17.423529411764704,0.0,0.0,0.0
Milestone S.r.l.,0.55638297443827,110.0,0.44634775858629927,0.6664181902902409,0.55638297443827,0.22007043170394158,0.04535885377650202,94.0,190.0,96.0,17.63529411764706,0.0,0.0,0.0
"PopCap Games, Inc.",0.5553796799207233,111.0,0.41332582209325863,0.697433537748188,0.5553796799207233,0.2841077156549293,0.058905857005547256,61.0,217.0,156.0,34.48235294117647,0.0,0.0,0.0
LucasArts,0.5551221247196902,112.0,0.45134109582287835,0.6589031536165021,0.5551221247196902,0.20756205779362374,0.04924400551224237,57.0,216.0,159.0,34.247058823529414,0.0,0.0,0.0
Hyperstrange,0.5532693488338695,113.0,0.4445468503407032,0.6619918473270359,0.5532693488338695,0.21744499698633268,0.04346371695550978,89.0,149.0,60.0,15.658823529411764,0.0,0.0,0.0
MicroProse Software,0.5529210641575651,114.0,0.47457083009138396,0.6312712982237465,0.5529210641575651,0.15670046813236255,0.03170986438746753,97.0,155.0,58.0,13.870588235294118,0.0,0.0,0.0
Wired Productions,0.5529160890577058,115.0,0.47568059758805453,0.630151580527357,0.5529160890577058,0.15447098293930245,0.030981787469130224,98.0,156.0,58.0,12.705882352941176,0.0,0.0,0.0
Dotemu,0.5522689473088572,116.0,0.45860038162606775,0.6459375129916468,0.5522689473088572,0.18733713136557906,0.0386918596551978,99.0,173.0,74.0,15.68235294117647,0.0,0.0,0.0
Aspyr,0.5522319496840343,117.0,0.4635959063036108,0.6408679930644577,0.5522319496840343,0.17727208676084694,0.03817491281947633,96.0,204.0,108.0,20.03529411764706,0.0,0.0,0.0
Fatshark,0.55213227416486,118.0,0.45131222427649864,0.6529523240532213,0.55213227416486,0.2016400997767227,0.050441912997396234,58.0,304.0,246.0,39.576470588235296,0.0,0.0,0.0
Games Incubator,0.5519514715963603,119.0,0.4639008735850936,0.640002069607627,0.5519514715963603,0.17610119602253338,0.039320382253429036,76.0,205.0,129.0,22.31764705882353,0.0,0.0,0.0
"Jackbox Games, Inc.",0.551525683224992,120.0,0.4301430182364139,0.6729083482135702,0.5515256832249921,0.24276532997715627,0.04965442214949275,89.0,207.0,118.0,21.905882352941177,0.0,0.0,0.0
Playmeow,0.5509240637504718,121.0,0.4673955518365861,0.6344525756643573,0.5509240637504716,0.1670570238277712,0.04844094505608825,46.0,292.0,246.0,45.588235294117645,0.0,0.0,0.0
L. Stotch,0.5502596468882608,122.0,0.43984930396308564,0.6606699898134363,0.5502596468882609,0.22082068585035064,0.050525065477839096,67.0,224.0,157.0,33.88235294117647,0.0,0.0,0.0
Matthew Brown,0.5492496162058855,123.0,0.42128102898580666,0.6772182034259645,0.5492496162058855,0.25593717444015784,0.05143279651914361,81.0,195.0,114.0,22.529411764705884,0.0,0.0,0.0
D3PUBLISHER,0.5490858245154966,124.0,0.44448843519528175,0.6536832138357115,0.5490858245154966,0.20919477864042973,0.044215192551800155,98.0,214.0,116.0,21.141176470588235,0.0,0.0,0.0
"USERJOY Technology Co., Ltd.",0.5484180208560349,125.0,0.426285268330547,0.6705507733815229,0.5484180208560349,0.24426550505097594,0.05108592776759182,90.0,237.0,147.0,27.11764705882353,0.0,0.0,0.0
SOFTSTAR ENTERTAINMENT,0.5471283651484795,126.0,0.4272247767388838,0.6670319535580753,0.5471283651484795,0.2398071768191915,0.04863183936506433,100.0,197.0,97.0,20.71764705882353,0.0,0.0,0.0
HeroCraft PC,0.5467216289735628,127.0,0.478302275587086,0.6151409823600399,0.5467216289735629,0.1368387067729539,0.027741839281154698,94.0,180.0,86.0,17.458823529411763,0.0,0.0,0.0
GirlGames,0.5460565658470122,128.0,0.45244291575662565,0.6396702159373988,0.5460565658470122,0.18722730018077316,0.042936969116458966,72.0,221.0,149.0,29.341176470588234,0.0,0.0,0.0
Egosoft,0.546042845104884,129.0,0.4438844708309238,0.6482012193788443,0.546042845104884,0.20431674854792053,0.04977261297981432,69.0,305.0,236.0,39.858823529411765,0.0,0.0,0.0
Waku Waku Games,0.5458409078456712,130.0,0.449142295445077,0.6425395202462653,0.5458409078456711,0.19339722480118826,0.04835305355826444,67.0,245.0,178.0,39.1764705882353,0.0,0.0,0.0
"NIS America, Inc.",0.543822080169225,131.0,0.4315726580103937,0.6560715023280561,0.543822080169225,0.22449884431766243,0.04503212024728444,109.0,180.0,71.0,15.08235294117647,0.0,0.0,0.0
PQube,0.5416960779315522,132.0,0.4485140792014507,0.6348780766616535,0.5416960779315521,0.18636399746020282,0.03875317814573494,102.0,197.0,95.0,17.705882352941178,0.0,0.0,0.0
Eidos Interactive Corp.,0.5411853678142166,133.0,0.4661479937673719,0.6162227418610611,0.5411853678142166,0.15007474809368915,0.04422845584167563,64.0,271.0,207.0,47.83529411764706,0.0,0.0,0.0
方块游戏(CubeGame),0.5410693789977524,134.0,0.4615386160176308,0.6206001419778739,0.5410693789977524,0.15906152596024314,0.03747410538652533,81.0,247.0,166.0,29.458823529411763,0.0,0.0,0.0
Finji,0.5407027606734085,135.0,0.4334048233730234,0.6480006979737938,0.5407027606734085,0.2145958746007704,0.0495539883433331,69.0,248.0,179.0,37.45882352941177,0.0,0.0,0.0
Quiet River,0.5406316676260918,136.0,0.4546685683684972,0.6265947668836866,0.5406316676260918,0.17192619851518948,0.04573767922210061,42.0,291.0,249.0,45.68235294117647,0.0,0.0,0.0
Prime Matter,0.539878929923672,137.0,0.4860545142506626,0.5937033455966815,0.539878929923672,0.10764883134601888,0.02316348657341797,84.0,219.0,135.0,27.423529411764704,0.0,0.0,0.0
Euphoric Brothers,0.539336428731023,138.0,0.46889547856881053,0.6097773788932357,0.539336428731023,0.14088190032442516,0.03304496799895178,89.0,229.0,140.0,29.51764705882353,0.0,0.0,0.0
"Top Hat Studios, Inc.",0.5392679782593885,139.0,0.43501536795920076,0.6435205885595765,0.5392679782593885,0.20850522060037574,0.043610314932589905,100.0,192.0,92.0,21.41176470588235,0.0,0.0,0.0
EMIKA_GAMES,0.5381060475448357,140.0,0.4239669018967289,0.6522451931929425,0.5381060475448356,0.22827829129621358,0.04542783492628335,108.0,188.0,80.0,15.623529411764705,0.0,0.0,0.0
OTAKU Plan,0.5380454231377492,141.0,0.4588634434989585,0.6172274027765401,0.5380454231377492,0.15836395927758157,0.03907753099185269,83.0,233.0,150.0,34.55294117647059,0.0,0.0,0.0
GrabTheGames,0.5379871691701453,142.0,0.4445368856356887,0.6314374527046019,0.5379871691701453,0.18690056706891323,0.03691393288731151,134.0,168.0,34.0,7.5058823529411764,0.0,0.0,0.0
Snapbreak,0.5374568553349153,143.0,0.4463879233839492,0.6285257872858814,0.5374568553349153,0.18213786390193215,0.038446359689959915,108.0,210.0,102.0,19.211764705882352,0.0,0.0,0.0
Sekai Project,0.5373918078595792,144.0,0.4327502322383381,0.6420333834808203,0.5373918078595792,0.2092831512424822,0.04200292291536615,109.0,184.0,75.0,13.16470588235294,0.0,0.0,0.0
Frozenbyte,0.5368621707779313,145.0,0.44218034055410194,0.6315440010017606,0.5368621707779313,0.18936366044765862,0.04654167477343544,88.0,288.0,200.0,40.64705882352941,0.0,0.0,0.0
Capcom,0.5364970304291923,146.0,0.44831789955483,0.6246761613035544,0.5364970304291923,0.17635826174872443,0.04535741707429566,77.0,275.0,198.0,42.61176470588235,0.0,0.0,0.0
Hanabi Games,0.5362043171529863,147.0,0.4566466223145005,0.6157620119914722,0.5362043171529863,0.1591153896769717,0.04832903150310887,46.0,273.0,227.0,52.51764705882353,0.0,0.0,0.0
Tate Multimedia,0.5353272489192054,148.0,0.46819141320775326,0.6024630846306575,0.5353272489192054,0.1342716714229042,0.026531545964730643,105.0,201.0,96.0,16.44705882352941,0.0,0.0,0.0
Bonus Stage Publishing,0.5350942393069329,149.0,0.44667086441383574,0.6235176142000302,0.5350942393069329,0.1768467497861944,0.04118791215267636,88.0,228.0,140.0,31.08235294117647,0.0,0.0,0.0
Shiravune,0.5350535801027146,150.0,0.4486766837718733,0.6214304764335561,0.5350535801027146,0.17275379266168278,0.04504713676928658,68.0,253.0,185.0,41.917647058823526,0.0,0.0,0.0
Graffiti Games,0.5347478290058182,151.0,0.43686668193864786,0.6326289760729884,0.5347478290058182,0.19576229413434054,0.03932295050645291,124.0,208.0,84.0,14.647058823529411,0.0,0.0,0.0
Neon Doctrine,0.5343550233806486,152.0,0.4643637476130964,0.6043462991482008,0.5343550233806486,0.13998255153510442,0.031807251160939264,97.0,220.0,123.0,27.811764705882354,0.0,0.0,0.0
Telltale,0.5334827327499245,153.0,0.4369708729657432,0.629994592534106,0.5334827327499246,0.19302371956836273,0.04274851371438255,92.0,236.0,144.0,29.2,0.0,0.0,0.0
NVLMaker,0.5331497332472914,154.0,0.4280485631118538,0.638250903382729,0.5331497332472913,0.21020234027087525,0.0466461900485777,87.0,245.0,158.0,32.305882352941175,0.0,0.0,0.0
PUNKCAKE Delicieux,0.5328022979879841,155.0,0.44219328327983853,0.6234113126961298,0.5328022979879842,0.18121802941629128,0.04074547588390367,33.0,291.0,258.0,54.95294117647059,0.0,0.0,0.0
Slitherine Ltd.,0.5323695709084693,156.0,0.41753725639146555,0.6472018854254732,0.5323695709084693,0.22966462903400764,0.04692939848607847,120.0,218.0,98.0,23.50588235294118,0.0,0.0,0.0
"Mediascape Co., Ltd.",0.5318066770346668,157.0,0.40666042163286503,0.6569529324364687,0.5318066770346669,0.25029251080360365,0.04983092376655092,111.0,230.0,119.0,21.058823529411764,0.0,0.0,0.0
DANGEN Entertainment,0.5311543704298439,158.0,0.4209229923441487,0.6413857485155392,0.5311543704298439,0.2204627561713905,0.043897042749918146,130.0,197.0,67.0,13.894117647058824,0.0,0.0,0.0
Codemasters,0.5309241727725236,159.0,0.4387337224453522,0.623114623099695,0.5309241727725236,0.18438090065434282,0.04600105076749125,95.0,314.0,219.0,43.89411764705882,0.0,0.0,0.0
Fast Travel Games,0.5304247236520063,160.0,0.47233199593956615,0.5885174513644466,0.5304247236520063,0.1161854554248804,0.03284281084076611,95.0,253.0,158.0,40.77647058823529,0.0,0.0,0.0
"INTI CREATES CO., LTD.",0.5300008187483695,161.0,0.4358200951163125,0.6241815423804264,0.5300008187483695,0.18836144726411397,0.03902445727316049,118.0,205.0,87.0,18.4,0.0,0.0,0.0
Critical Bliss,0.5296109241220277,162.0,0.387287635623382,0.6719342126206735,0.5296109241220278,0.28464657699729157,0.05851876663505231,93.0,273.0,180.0,39.07058823529412,0.0,0.0,0.0
inXile Entertainment,0.5293309128517356,163.0,0.4190583724124253,0.6396034532910461,0.5293309128517356,0.2205450808786208,0.04961535583929119,107.0,300.0,193.0,39.56470588235294,0.0,0.0,0.0
JAST USA,0.5288228531946426,164.0,0.3835440966220002,0.6741016097672851,0.5288228531946426,0.2905575131452849,0.057854910640185324,86.0,284.0,198.0,34.188235294117646,0.0,0.0,0.0
aNCHOR Inc.,0.5286548704527625,165.0,0.3858162932953657,0.6714934476101592,0.5286548704527624,0.28567715431479346,0.056261470251049474,95.0,276.0,181.0,28.270588235294117,0.0,0.0,0.0
NaipSoft,0.5284400505565126,166.0,0.42868730885661455,0.6281927922564106,0.5284400505565126,0.199505483399796,0.044087026434251594,30.0,318.0,288.0,64.85882352941177,0.0,0.0,0.0
Iceberg Interactive,0.5280735385541805,167.0,0.43241108137164486,0.6237359957367163,0.5280735385541805,0.19132491436507149,0.04084401182058095,119.0,249.0,130.0,26.070588235294117,0.0,0.0,0.0
CI Games,0.5278405817528119,168.0,0.4585185358669503,0.5971626276386734,0.5278405817528119,0.13864409177172315,0.03727332092323525,101.0,324.0,223.0,43.411764705882355,0.0,0.0,0.0
FIVE-BN GAMES,0.5274535356510357,169.0,0.412427984207315,0.6424790870947565,0.5274535356510357,0.23005110288744152,0.045915862550483695,131.0,220.0,89.0,17.16470588235294,0.0,0.0,0.0
Assemble Entertainment,0.527402278229222,170.0,0.4528440350947859,0.6019605213636582,0.527402278229222,0.1491164862688723,0.029575501744917413,129.0,203.0,74.0,13.447058823529412,0.0,0.0,0.0
Voltage Inc.,0.5269462246813359,171.0,0.42833456555925686,0.625557883803415,0.526946224681336,0.19722331824415817,0.05132137420688129,31.0,321.0,290.0,64.51764705882353,0.0,0.0,0.0
Serenity Forge,0.5267806240642074,172.0,0.45566626989614367,0.5978949782322712,0.5267806240642074,0.14222870833612755,0.02973136859786327,122.0,215.0,93.0,21.91764705882353,0.0,0.0,0.0
Pixeljam,0.526481625305845,173.0,0.4091353474084909,0.643827903203199,0.5264816253058449,0.23469255579470816,0.04667970429455988,132.0,226.0,94.0,17.68235294117647,0.0,0.0,0.0
Kink Master Studios,0.5262347472628414,174.0,0.44927444610589107,0.6031950484197917,0.5262347472628414,0.1539206023139006,0.040377791159118104,61.0,281.0,220.0,50.31764705882353,0.0,0.0,0.0
Schell Games,0.5238050694812477,175.0,0.4232065262515368,0.6244036127109587,0.5238050694812477,0.20119708645942186,0.04227583615543342,116.0,230.0,114.0,22.55294117647059,0.0,0.0,0.0
Clouded Leopard Entertainment,0.5237371104985268,176.0,0.3821335524164409,0.6653406685806126,0.5237371104985268,0.28320711616417166,0.05689610237032812,103.0,288.0,185.0,36.129411764705885,0.0,0.0,0.0
QubicGames,0.5228102999172652,177.0,0.42541537131279133,0.6202052285217392,0.5228102999172652,0.19478985720894787,0.04768388469414829,37.0,324.0,287.0,69.90588235294118,0.0,0.0,0.0
Fellow Traveller,0.5212806873264723,178.0,0.44444098311126984,0.5981203915416748,0.5212806873264724,0.153679408430405,0.03496994600370664,110.0,257.0,147.0,29.647058823529413,0.0,0.0,0.0
Versus Evil,0.52096688467123,179.0,0.44697297908598566,0.5949607902564743,0.52096688467123,0.14798781117048865,0.029795650546600053,142.0,227.0,85.0,19.376470588235293,0.0,0.0,0.0
Momentum Games,0.5205506642574209,180.0,0.40914408474349556,0.6319572437713463,0.5205506642574209,0.22281315902785076,0.05105882922697538,95.0,308.0,213.0,41.50588235294118,0.0,0.0,0.0
Aerosoft GmbH,0.5204326250473151,181.0,0.43961337456116123,0.6012518755334689,0.5204326250473151,0.1616385009723077,0.038906088140651426,116.0,303.0,187.0,39.48235294117647,0.0,0.0,0.0
Clear River Games,0.5194628015968724,182.0,0.4227512394319107,0.6161743637618343,0.5194628015968724,0.19342312432992365,0.04931136223856229,45.0,330.0,285.0,68.09411764705882,0.0,0.0,0.0
MangaGamer,0.5193760879476221,183.0,0.38708972830783356,0.6516624475874109,0.5193760879476221,0.2645727192795773,0.052505434716539026,124.0,274.0,150.0,25.211764705882352,0.0,0.0,0.0
Grey Alien Games,0.5187272350407205,184.0,0.3926490028920558,0.6448054671893854,0.5187272350407205,0.2521564642973296,0.0528727579969174,123.0,260.0,137.0,34.76470588235294,0.0,0.0,0.0
Hook Games,0.5183048218779385,185.0,0.3939931020567737,0.6426165416991034,0.5183048218779386,0.24862343964232975,0.05275035057465703,114.0,264.0,150.0,39.55294117647059,0.0,0.0,0.0
INDIECN,0.5174620913746106,186.0,0.4183086381890266,0.6166155445601947,0.5174620913746106,0.19830690637116816,0.03971954101893339,156.0,225.0,69.0,15.294117647058824,0.0,0.0,0.0
"Rogue Games, Inc.",0.5172496021869191,187.0,0.41322944174886733,0.6212697626249709,0.5172496021869191,0.20804032087610358,0.0423557875566915,146.0,238.0,92.0,17.847058823529412,0.0,0.0,0.0
Merge Games,0.5168564578085368,188.0,0.43207099606900357,0.6016419195480703,0.5168564578085368,0.16957092347906677,0.03341569813365148,167.0,213.0,46.0,9.058823529411764,0.0,0.0,0.0
Toplitz Productions,0.5166237472528747,189.0,0.4332245780182979,0.6000229164874517,0.5166237472528747,0.16679833846915376,0.03877645914955301,117.0,326.0,209.0,37.71764705882353,0.0,0.0,0.0
Nightdive Studios,0.5160077651676008,190.0,0.41056919474173154,0.62144633559347,0.5160077651676008,0.21087714085173842,0.04185862933544652,161.0,234.0,73.0,15.988235294117647,0.0,0.0,0.0
Arc System Works,0.5155480858989187,191.0,0.42632900005206426,0.604767171745773,0.5155480858989185,0.17843817169370874,0.03610041196523574,152.0,265.0,113.0,18.011764705882353,0.0,0.0,0.0
Gotcha Gotcha Games,0.5152157105560012,192.0,0.39439579746069964,0.6360356236513027,0.5152157105560012,0.2416398261906031,0.04785867703453995,146.0,257.0,111.0,23.16470588235294,0.0,0.0,0.0
PLAYISM,0.5149773517768623,193.0,0.4194522243321104,0.6105024792216142,0.5149773517768622,0.19105025488950378,0.03813981568785711,160.0,212.0,52.0,9.741176470588234,0.0,0.0,0.0
Valkyrie Initiative,0.5148302543335553,194.0,0.44059980256352416,0.5890607061035865,0.5148302543335553,0.14846090354006236,0.02996863317134145,150.0,233.0,83.0,20.058823529411764,0.0,0.0,0.0
G-MODE,0.5146694346146693,195.0,0.438184151016897,0.5911547182124415,0.5146694346146693,0.15297056719554447,0.04732167569032012,72.0,319.0,247.0,55.90588235294118,0.0,0.0,0.0
Coldwild Games,0.5139441527831426,196.0,0.4146400389517456,0.6132482666145397,0.5139441527831426,0.19860822766279407,0.03986182081196439,165.0,214.0,49.0,11.811764705882354,0.0,0.0,0.0
Saikey Studios,0.5139347822841304,197.0,0.42195251664509936,0.6059170479231615,0.5139347822841304,0.18396453127806212,0.04808012051593703,67.0,396.0,329.0,62.28235294117647,0.0,0.0,0.0
Movie Games S.A.,0.5138958131204691,198.0,0.4188510299895023,0.6089405962514359,0.5138958131204691,0.19008956626193363,0.03963858413046354,137.0,298.0,161.0,25.929411764705883,0.0,0.0,0.0
Frontwing USA,0.5136013148391254,199.0,0.38454971509091423,0.6426529145873366,0.5136013148391254,0.2581031994964224,0.051970750632385807,134.0,282.0,148.0,27.529411764705884,0.0,0.0,0.0
WayForward,0.513408466543293,200.0,0.4184405063484759,0.60837642673811,0.513408466543293,0.18993592038963408,0.03909310921783727,140.0,240.0,100.0,18.023529411764706,0.0,0.0,0.0
Home Net Games,0.5129211329016192,201.0,0.441967344839601,0.5838749209636374,0.5129211329016191,0.14190757612403637,0.03224552478853709,124.0,269.0,145.0,30.776470588235295,0.0,0.0,0.0
Nukearts Studio,0.5127555551947773,202.0,0.4189743256029435,0.6065367847866112,0.5127555551947773,0.1875624591836677,0.04763011731582241,76.0,297.0,221.0,40.8235294117647,0.0,0.0,0.0
Revolution Software Ltd,0.5117391462873355,203.0,0.41781840573086787,0.6056598868438032,0.5117391462873355,0.18784148111293536,0.03982070606848966,141.0,292.0,151.0,29.31764705882353,0.0,0.0,0.0
Toge Productions,0.5088260252906021,204.0,0.3968410679130594,0.6208109826681449,0.5088260252906021,0.22396991475508554,0.04692351501493465,132.0,273.0,141.0,28.023529411764706,0.0,0.0,0.0
Frogwares,0.5085513191519565,205.0,0.42348268046176085,0.5936199578421524,0.5085513191519566,0.17013727738039153,0.03888441003063722,128.0,333.0,205.0,38.05882352941177,0.0,0.0,0.0
Cyan Worlds Inc,0.5085310051080286,206.0,0.41668850240136013,0.6003735078146972,0.5085310051080286,0.1836850054133371,0.0372244689531089,163.0,255.0,92.0,18.141176470588235,0.0,0.0,0.0
astragon Entertainment,0.5084425797883007,207.0,0.4389114667130368,0.5779736928635644,0.5084425797883005,0.13906222615052755,0.0315062992146158,135.0,330.0,195.0,34.16470588235294,0.0,0.0,0.0
Phoenixx Inc.,0.5083757920782522,208.0,0.39107317455014995,0.6256784096063547,0.5083757920782523,0.23460523505620473,0.04877730940576323,142.0,265.0,123.0,27.75294117647059,0.0,0.0,0.0
Double Fine Productions,0.508226707071373,209.0,0.41679957072666984,0.5996538434160761,0.508226707071373,0.18285427268940624,0.04542818631788331,70.0,372.0,302.0,56.2,0.0,0.0,0.0
101XP,0.508051199510438,210.0,0.41872711951896313,0.5973752795019129,0.508051199510438,0.1786481599829498,0.03534990227584125,180.0,254.0,74.0,12.376470588235295,0.0,0.0,0.0
Best Place Apps,0.5079703786553508,211.0,0.4248764080397209,0.5910643492709808,0.5079703786553508,0.16618794123125996,0.04472515104427569,73.0,326.0,253.0,50.95294117647059,0.0,0.0,0.0
Outright Games Ltd.,0.5079308708057433,212.0,0.4169474287443452,0.5989143128671415,0.5079308708057433,0.18196688412279627,0.041476509359384725,127.0,322.0,195.0,32.54117647058823,0.0,0.0,0.0
KOMODO,0.5078530545773049,213.0,0.3980954718580414,0.6176106372965685,0.507853054577305,0.21951516543852712,0.04332363504550999,175.0,247.0,72.0,16.8,0.0,0.0,0.0
Headup,0.5075557856508262,214.0,0.40932769446995254,0.6057838768316997,0.5075557856508262,0.1964561823617471,0.039739058135488184,160.0,290.0,130.0,22.04705882352941,0.0,0.0,0.0
Jetdogs Studios,0.5068535919631809,215.0,0.4056558140037747,0.6080513699225872,0.5068535919631809,0.20239555591881253,0.04004275971883214,180.0,236.0,56.0,12.294117647058824,0.0,0.0,0.0
Telltale Games,0.5063454632113165,216.0,0.4073101221535633,0.6053808042690696,0.5063454632113165,0.19807068211550627,0.04713769852571431,104.0,318.0,214.0,42.15294117647059,0.0,0.0,0.0
QUByte Interactive,0.5055708905358738,217.0,0.43169578426031796,0.5794459968114296,0.5055708905358738,0.14775021255111165,0.039566091035499636,104.0,286.0,182.0,40.78823529411765,0.0,0.0,0.0
Winged Cloud,0.5053913503619178,218.0,0.41860002354961046,0.5921826771742255,0.5053913503619178,0.173582653624615,0.03577201535557368,174.0,236.0,62.0,15.070588235294117,0.0,0.0,0.0
Atari,0.5044047699251815,219.0,0.4358162830202987,0.5729932568300643,0.5044047699251815,0.13717697380976562,0.02736706488951684,169.0,255.0,86.0,17.694117647058825,0.0,0.0,0.0
Kasedo Games,0.5037629078496878,220.0,0.4218007852623121,0.5857250304370634,0.5037629078496877,0.1639242451747513,0.034406327026110545,162.0,299.0,137.0,25.823529411764707,0.0,0.0,0.0
qureate,0.5031614711026833,221.0,0.3736635670816293,0.6326593751237372,0.5031614711026833,0.25899580804210787,0.052504678543058195,150.0,312.0,162.0,31.623529411764707,0.0,0.0,0.0
Chilla's Art,0.5027692369140478,222.0,0.399528514466967,0.6060099593611287,0.5027692369140478,0.20648144489416165,0.041641356446373595,171.0,265.0,94.0,21.24705882352941,0.0,0.0,0.0
Vaka Game Magazine,0.5002705523542439,223.0,0.39448641149373026,0.6060546932147576,0.500270552354244,0.21156828172102732,0.04369840154407626,163.0,262.0,99.0,17.705882352941178,0.0,0.0,0.0
indienova,0.49899117257180775,224.0,0.39976146443198657,0.598220880711629,0.49899117257180775,0.19845941627964248,0.04128447024935022,177.0,256.0,79.0,16.49411764705882,0.0,0.0,0.0
DSGame,0.497138492707105,225.0,0.4298456020195459,0.5644313833946641,0.49713849270710503,0.13458578137511823,0.027548611695916762,176.0,271.0,95.0,19.811764705882354,0.0,0.0,0.0
Adamvision Studios,0.496970755181781,226.0,0.4090763152239299,0.5848651951396321,0.49697075518178097,0.1757888799157022,0.04960186227004003,93.0,375.0,282.0,50.258823529411764,0.0,0.0,0.0
Spiderweb Software,0.49364558975671374,227.0,0.37714704691156564,0.6101441326018618,0.4936455897567137,0.2329970856902962,0.049222944758477695,146.0,302.0,156.0,30.458823529411763,0.0,0.0,0.0
致意,0.4935032539252012,228.0,0.39138487730343746,0.595621630546965,0.4935032539252012,0.20423675324352758,0.04524548022941373,155.0,295.0,140.0,28.847058823529412,0.0,0.0,0.0
Cotton Game,0.4931349060089788,229.0,0.40108422548291955,0.5851855865350379,0.4931349060089788,0.18410136105211838,0.037212229589568005,206.0,254.0,48.0,8.670588235294117,0.0,0.0,0.0
PID Games,0.49166490522350625,230.0,0.4230702917927913,0.5602595186542212,0.49166490522350625,0.13718922686142987,0.03261033829265607,160.0,283.0,123.0,29.023529411764706,0.0,0.0,0.0
Nival,0.49051874165369636,231.0,0.391564586207545,0.589472897099848,0.49051874165369647,0.19790831089230299,0.04556528717382396,142.0,402.0,260.0,44.15294117647059,0.0,0.0,0.0
Whitethorn Games,0.49014065322552547,232.0,0.4050444334133268,0.5752368730377242,0.49014065322552547,0.1701924396243974,0.03442860985584081,204.0,260.0,56.0,11.376470588235295,0.0,0.0,0.0
HandyGames,0.4900523943990549,233.0,0.40122912968367697,0.578875659114433,0.49005239439905496,0.17764652943075598,0.03564504297160882,200.0,316.0,116.0,18.564705882352943,0.0,0.0,0.0
10tons Ltd,0.4900510241085885,234.0,0.3935560405026754,0.5865460077145016,0.49005102410858853,0.1929899672118262,0.042389192397009584,147.0,317.0,170.0,29.258823529411764,0.0,0.0,0.0
Lovely Games,0.48966925674970213,235.0,0.4406130900829211,0.5387254234164833,0.4896692567497022,0.09811233333356223,0.030300711419187235,149.0,331.0,182.0,43.98823529411764,0.0,0.0,0.0
HeR Interactive,0.48932723916904436,236.0,0.3505607665533276,0.6280937117847611,0.48932723916904436,0.27753294523143357,0.05495558601443837,160.0,356.0,196.0,34.576470588235296,0.0,0.0,0.0
Ravenscourt,0.48923861386125916,237.0,0.4146297905732932,0.5638474371492251,0.48923861386125916,0.14921764657593195,0.029375611329270475,210.0,285.0,75.0,13.964705882352941,0.0,0.0,0.0
LGT SIA,0.4889904542758639,238.0,0.3950717817880609,0.582909126763667,0.48899045427586396,0.1878373449756061,0.04871735117432449,83.0,373.0,290.0,60.55294117647059,0.0,0.0,0.0
Shady Corner Games,0.48702077403559996,239.0,0.4043077893815779,0.569733758689622,0.4870207740356,0.16542596930804404,0.0477175383376398,128.0,402.0,274.0,53.411764705882355,0.0,0.0,0.0
Beijing Happy Entertainment Technology,0.4860666341314542,240.0,0.3920055393997321,0.5801277288631763,0.48606663413145423,0.18812218946344422,0.04125292963850182,178.0,335.0,157.0,26.894117647058824,0.0,0.0,0.0
Studio Goya,0.4853568570535314,241.0,0.322782084393451,0.6479316297136117,0.48535685705353143,0.3251495453201607,0.06437361156210311,127.0,430.0,303.0,49.98823529411764,0.0,0.0,0.0
Chorus Worldwide Games,0.48518643822076707,242.0,0.39907067455226614,0.5713022018892681,0.48518643822076707,0.17223152733700192,0.036748490205314774,195.0,280.0,85.0,15.647058823529411,0.0,0.0,0.0
SakuraGame,0.48473289061156133,243.0,0.3915264013336661,0.5779393798894565,0.48473289061156133,0.18641297855579042,0.04171937190402428,153.0,336.0,183.0,31.04705882352941,0.0,0.0,0.0
Alawar Casual,0.48403976406912,244.0,0.3749726581566406,0.5931068699815996,0.48403976406912,0.21813421182495896,0.04388158718556525,211.0,308.0,97.0,19.341176470588234,0.0,0.0,0.0
Microids,0.48388096715738704,245.0,0.42353356122949454,0.5442283730852796,0.48388096715738704,0.12069481185578507,0.025015753832528836,189.0,310.0,121.0,26.423529411764704,0.0,0.0,0.0
Flat Cat Games,0.4830138896333864,246.0,0.35346020821850266,0.6125675710482703,0.4830138896333864,0.25910736282976765,0.05117023472261361,184.0,350.0,166.0,27.811764705882354,0.0,0.0,0.0
Fulqrum Publishing,0.48276927752682774,247.0,0.4124489494639857,0.5530896055896699,0.4827692775268278,0.14064065612568422,0.02856348684956333,206.0,336.0,130.0,23.070588235294117,0.0,0.0,0.0
I commissioned some series,0.48258988851014084,248.0,0.35629368354018176,0.6088860934801001,0.48258988851014095,0.2525924099399184,0.05257882443723979,55.0,456.0,401.0,79.29411764705883,0.0,0.0,0.0
"H2 Interactive Co., Ltd.",0.48234747680836937,249.0,0.38038968503836756,0.5843052685783712,0.48234747680836937,0.2039155835400036,0.04534977626022964,166.0,371.0,205.0,39.258823529411764,0.0,0.0,0.0
Midnight Games,0.48157845311557235,250.0,0.4005947964427859,0.5625621097883589,0.4815784531155723,0.16196731334557296,0.03765094276630659,122.0,447.0,325.0,59.38823529411765,0.0,0.0,0.0
TinyHat Studios,0.4808783061803504,251.0,0.33584561101457966,0.6259110013461212,0.4808783061803504,0.29006539033154155,0.05918853093145008,161.0,403.0,242.0,46.752941176470586,0.0,0.0,0.0
RockGame S.A.,0.48058409506014355,252.0,0.39145298993521427,0.5697152001850728,0.48058409506014355,0.17826221024985855,0.03511534376291399,240.0,293.0,53.0,9.91764705882353,0.0,0.0,0.0
Sigyaad Team,0.4791553736252879,253.0,0.37032729655555013,0.5879834506950256,0.47915537362528776,0.21765615413947542,0.04537141419123176,216.0,317.0,101.0,20.211764705882352,0.0,0.0,0.0
SOEDESCO,0.4784093956449998,254.0,0.3875514024987142,0.5692673887912855,0.47840939564499985,0.18171598629257124,0.03831709152803032,191.0,389.0,198.0,31.823529411764707,0.0,0.0,0.0
Ripstone,0.4782735477677286,255.0,0.3502118643001039,0.6063352312353533,0.4782735477677286,0.25612336693524934,0.054833043272398185,156.0,445.0,289.0,51.4,0.0,0.0,0.0
Games Operators,0.4781325906598775,256.0,0.3849786139737362,0.5712865673460188,0.4781325906598775,0.18630795337228262,0.038386854039438346,200.0,380.0,180.0,26.788235294117648,0.0,0.0,0.0
Application Systems Heidelberg,0.4780603875405074,257.0,0.3490194911226221,0.6071012839583926,0.47806038754050734,0.2580817928357705,0.053900549792542114,170.0,360.0,190.0,39.529411764705884,0.0,0.0,0.0
Phoenix Games,0.4774974755167911,258.0,0.3585227131166223,0.59647223791696,0.4774974755167911,0.2379495248003377,0.05081520776982684,166.0,432.0,266.0,44.92941176470588,0.0,0.0,0.0
Humongous Entertainment,0.4762541446466694,259.0,0.31650062850001415,0.6360076607933247,0.4762541446466694,0.31950703229331057,0.06339606936035388,147.0,447.0,300.0,51.43529411764706,0.0,0.0,0.0
DreamBig Games,0.4754412492620398,260.0,0.3853304222940558,0.5655520762300238,0.47544124926203973,0.180221653935968,0.04444473422807295,152.0,416.0,264.0,41.31764705882353,0.0,0.0,0.0
Volens Nolens Games,0.4749741088562262,261.0,0.3477762391402528,0.6021719785721996,0.47497410885622615,0.2543957394319468,0.0567838509469264,141.0,489.0,348.0,60.8,0.0,0.0,0.0
Wadjet Eye Games,0.47470005936374143,262.0,0.3626435925006291,0.5867565262268539,0.47470005936374154,0.22411293372622482,0.05341041741912995,129.0,407.0,278.0,46.51764705882353,0.0,0.0,0.0
Sigma Team Inc.,0.4746523734319955,263.0,0.36351988248383416,0.5857848643801571,0.47465237343199557,0.22226498189632293,0.04749496592896039,190.0,410.0,220.0,40.411764705882355,0.0,0.0,0.0
HFM Games,0.4744334377745155,264.0,0.4010820639262451,0.5477848116227858,0.4744334377745155,0.14670274769654068,0.029335062379176154,224.0,343.0,119.0,19.88235294117647,0.0,0.0,0.0
okyakusama,0.4744140167707116,265.0,0.38203997098901954,0.5667880625524035,0.47441401677071154,0.184748091563384,0.047838329668323215,118.0,516.0,398.0,59.858823529411765,0.0,0.0,0.0
Retroware,0.47324435852734775,266.0,0.3757091108397646,0.5707796062149311,0.4732443585273478,0.19507049537516646,0.04178998983965928,209.0,315.0,106.0,19.105882352941176,0.0,0.0,0.0
Anshar Publishing,0.4728176746102486,267.0,0.37813974791330385,0.5674956013071933,0.47281767461024865,0.1893558533938895,0.037587662455840255,233.0,351.0,118.0,18.95294117647059,0.0,0.0,0.0
3dm_live_wallpapers,0.47238813521450923,268.0,0.3438061936542899,0.6009700767747286,0.4723881352145093,0.2571638831204387,0.05426979155949061,182.0,435.0,253.0,52.36470588235294,0.0,0.0,0.0
Modern Wolf,0.47212656730630054,269.0,0.3766084514985117,0.5676446831140894,0.4721265673063006,0.19103623161557776,0.03978571598050584,205.0,396.0,191.0,30.36470588235294,0.0,0.0,0.0
Soldak Entertainment,0.4719281617257613,270.0,0.32980753872567053,0.614048784725852,0.4719281617257613,0.28424124600018147,0.05592083119064444,181.0,416.0,235.0,36.07058823529412,0.0,0.0,0.0
PsychoFlux Entertainment,0.471467908609901,271.0,0.37793072857321863,0.5650050886465835,0.471467908609901,0.18707436007336486,0.04138117757063454,203.0,328.0,125.0,18.776470588235295,0.0,0.0,0.0
Artifex Mundi,0.4709601724667578,272.0,0.3573203808457355,0.5845999640877801,0.47096017246675775,0.22727958324204467,0.04854073934934349,182.0,359.0,177.0,37.705882352941174,0.0,0.0,0.0
Pixel Puzzles,0.47060524690828626,273.0,0.39445466285310216,0.5467558309634705,0.4706052469082863,0.1523011681103683,0.03609744027313766,176.0,365.0,189.0,34.55294117647059,0.0,0.0,0.0
KIMIDORI SOFT,0.4700791236915595,274.0,0.37695148416813284,0.5632067632149864,0.4700791236915595,0.18625527904685357,0.0398210559401262,223.0,341.0,118.0,20.24705882352941,0.0,0.0,0.0
GameHouse,0.46981366960112714,275.0,0.3763522538111922,0.5632750853910621,0.4698136696011271,0.18692283157986989,0.03878765220106308,246.0,304.0,58.0,10.541176470588235,0.0,0.0,0.0
Fruitbat Factory,0.46780924742756086,276.0,0.3572939524378,0.578324542417322,0.46780924742756097,0.22103058997952202,0.045160654661056024,227.0,352.0,125.0,27.31764705882353,0.0,0.0,0.0
Avalon Digital,0.4669766273717628,277.0,0.3702574965370649,0.5636957582064609,0.4669766273717628,0.19343826166939598,0.042408036444012136,222.0,363.0,141.0,26.647058823529413,0.0,0.0,0.0
JanduSoft,0.466960290366101,278.0,0.4143243591938982,0.5195962215383038,0.466960290366101,0.10527186234440555,0.029709490546399854,199.0,348.0,149.0,34.36470588235294,0.0,0.0,0.0
Octo Games,0.4664106406755012,279.0,0.399861696042134,0.5329595853088684,0.4664106406755012,0.13309788926673444,0.03592794083779276,160.0,449.0,289.0,57.247058823529414,0.0,0.0,0.0
Daisy Games,0.4658589372135939,280.0,0.3782299256519955,0.5534879487751924,0.46585893721359395,0.17525802312319688,0.04250234945724815,181.0,362.0,181.0,27.176470588235293,0.0,0.0,0.0
Ludosity,0.4649687441361675,281.0,0.380809670481867,0.5491278177904682,0.46496874413616757,0.16831814730860117,0.04474619722687703,154.0,419.0,265.0,40.28235294117647,0.0,0.0,0.0
ESDigital Games,0.46429509572676736,282.0,0.3747696138100461,0.5538205776434887,0.46429509572676736,0.1790509638334426,0.03556666056512152,254.0,355.0,101.0,15.717647058823529,0.0,0.0,0.0
727 Not Hound,0.46385782465546854,283.0,0.38188249169128974,0.5458331576196473,0.4638578246554686,0.1639506659283576,0.045540938290707295,141.0,388.0,247.0,43.576470588235296,0.0,0.0,0.0
SimBin,0.46207227914911064,284.0,0.35029589753811186,0.5738486607601095,0.4620722791491107,0.22355276322199769,0.04734112706249216,214.0,392.0,178.0,38.90588235294118,0.0,0.0,0.0
Wolfs Moon Studios,0.4618452777936247,285.0,0.3883307871773514,0.5353597684098982,0.4618452777936248,0.14702898123254676,0.04069164734167618,161.0,383.0,222.0,34.77647058823529,0.0,0.0,0.0
冷笑黑妖,0.46144500626529006,286.0,0.37377272606071676,0.5491172864698635,0.46144500626529006,0.1753445604091467,0.042101140914132744,188.0,383.0,195.0,30.188235294117646,0.0,0.0,0.0
Kalypso Media Digital,0.461435973392624,287.0,0.3761366320129276,0.5467353147723205,0.461435973392624,0.17059868275939294,0.04084086699454546,198.0,466.0,268.0,47.8235294117647,0.0,0.0,0.0
Henteko Doujin,0.46136281170093163,288.0,0.38885014848297605,0.5338754749188871,0.46136281170093163,0.14502532643591104,0.036443034887710175,218.0,354.0,136.0,26.058823529411764,0.0,0.0,0.0
Wales Interactive,0.4609798274558552,289.0,0.3940052976231872,0.5279543572885232,0.4609798274558552,0.13394905966533605,0.027197412955524032,250.0,364.0,114.0,21.811764705882354,0.0,0.0,0.0
Eroge Japan,0.46030083924874426,290.0,0.36379900821220984,0.5568026702852789,0.4603008392487443,0.19300366207306902,0.03990631844558143,262.0,342.0,80.0,17.08235294117647,0.0,0.0,0.0
Duality Games,0.4600967677128058,291.0,0.3602646245832235,0.5599289108423878,0.4600967677128057,0.19966428625916433,0.040418492438763894,250.0,387.0,137.0,25.50588235294118,0.0,0.0,0.0
Dieselmine,0.4596937187860573,292.0,0.3765971051911615,0.5427903323809532,0.4596937187860573,0.16619322718979168,0.0429063580202716,183.0,443.0,260.0,43.15294117647059,0.0,0.0,0.0
WindField Games,0.4593813425012044,293.0,0.3852912876179117,0.5334713973844971,0.45938134250120444,0.1481801097665854,0.04154416302366904,166.0,390.0,224.0,37.89411764705882,0.0,0.0,0.0
Choice Provisions,0.4592007611750524,294.0,0.3775294069827826,0.540872115367322,0.4592007611750523,0.16334270838453946,0.03257250294777378,264.0,366.0,102.0,16.6,0.0,0.0,0.0
Aksys Games,0.45848654718430015,295.0,0.3416045368020464,0.5753685575665538,0.4584865471843001,0.23376402076450742,0.04814895942192096,219.0,394.0,175.0,39.50588235294118,0.0,0.0,0.0
Hangover Cat Purrroduction,0.45843058487745114,296.0,0.34529715126187177,0.5715640184930304,0.45843058487745103,0.22626686723115863,0.046839452949772875,252.0,375.0,123.0,23.623529411764707,0.0,0.0,0.0
Eternal Dream,0.4581392852164264,297.0,0.37032000984417196,0.5459585605886809,0.45813928521642644,0.1756385507445089,0.047666762424384855,161.0,435.0,274.0,45.23529411764706,0.0,0.0,0.0
Interplay,0.45721757794123785,298.0,0.33796060380561116,0.5764745520768647,0.45721757794123796,0.23851394827125355,0.049262914298486976,242.0,402.0,160.0,39.411764705882355,0.0,0.0,0.0
3D Realms,0.4560617359087308,299.0,0.38907074364532324,0.5230527281721383,0.4560617359087308,0.1339819845268151,0.027768285107785846,267.0,341.0,74.0,14.105882352941176,0.0,0.0,0.0
"TALESSHOP Co., Ltd.",0.4560526006929348,300.0,0.38258618322910964,0.52951901815676,0.4560526006929348,0.1469328349276503,0.04058315057599583,200.0,396.0,196.0,37.129411764705885,0.0,0.0,0.0
BokiBoki Games,0.4559838399815019,301.0,0.37545935095900396,0.5365083290039999,0.45598383998150194,0.16104897804499596,0.041898633351546866,154.0,425.0,271.0,59.576470588235296,0.0,0.0,0.0
Live Motion Games,0.45587093864258194,302.0,0.35253097300198255,0.5592109042831813,0.45587093864258194,0.20667993128119877,0.04503627338026813,211.0,471.0,260.0,44.76470588235294,0.0,0.0,0.0
Hentai works,0.45580787641423653,303.0,0.3589156949024324,0.5527000579260408,0.45580787641423653,0.1937843630236084,0.041176806169380534,118.0,448.0,330.0,60.64705882352941,0.0,0.0,0.0
Flyhigh Works,0.45519431430509427,304.0,0.371314414568692,0.5390742140414966,0.45519431430509427,0.16775979947280456,0.03613743474633643,269.0,344.0,75.0,13.623529411764705,0.0,0.0,0.0
Sounding Stone / 老奉毊,0.45292019408193496,305.0,0.3446898632881275,0.5611505248757424,0.452920194081935,0.21646066158761484,0.04522203403076436,264.0,378.0,114.0,20.435294117647057,0.0,0.0,0.0
Cyber Keks,0.4519998444941309,306.0,0.36892947049826486,0.5350702184899969,0.4519998444941309,0.16614074799173206,0.04027749053582509,197.0,470.0,273.0,40.741176470588236,0.0,0.0,0.0
Hunny Bunny Studio,0.45194753905257834,307.0,0.36982923340227514,0.5340658447028817,0.45194753905257834,0.16423661130060652,0.03562502458626678,164.0,424.0,260.0,54.65882352941176,0.0,0.0,0.0
Positech Games,0.45183725828491816,308.0,0.3850815246564661,0.5185929919133702,0.45183725828491816,0.13351146725690405,0.02863695223524697,263.0,386.0,123.0,26.50588235294118,0.0,0.0,0.0
Might and Delight,0.45164415533767394,309.0,0.36482163258588357,0.5384666780894644,0.45164415533767394,0.17364504550358079,0.045535898132031856,144.0,476.0,332.0,54.11764705882353,0.0,0.0,0.0
Nomad Games,0.4513542049195513,310.0,0.3426604987481699,0.5600479110909327,0.4513542049195513,0.21738741234276276,0.04661639366143868,219.0,487.0,268.0,47.1764705882353,0.0,0.0,0.0
Lovely Games Hentai Club,0.4511895257570878,311.0,0.38996305154627287,0.5124159999679028,0.4511895257570879,0.1224529484216299,0.027493492468612747,266.0,358.0,92.0,17.04705882352941,0.0,0.0,0.0
Eastasiasoft Limited,0.4499995145871722,312.0,0.36643816725275996,0.5335608619215844,0.4499995145871722,0.1671226946688244,0.04001281504861872,165.0,429.0,264.0,53.15294117647059,0.0,0.0,0.0
Disney,0.4499568114063365,313.0,0.3451273716593127,0.5547862511533602,0.4499568114063365,0.20965887949404755,0.04474752575370956,242.0,446.0,204.0,41.752941176470586,0.0,0.0,0.0
Green Sauce Games,0.44972409503600613,314.0,0.3335621102212315,0.5658860798507809,0.4497240950360062,0.23232396962954938,0.04630252204145184,268.0,406.0,138.0,22.270588235294117,0.0,0.0,0.0
Hitcents,0.4495359082258053,315.0,0.3829332794164827,0.5161385370351279,0.4495359082258053,0.1332052576186452,0.03546296098788256,213.0,416.0,203.0,33.22352941176471,0.0,0.0,0.0
Markt+Technik Verlag GmbH,0.449073675466786,316.0,0.361423991542883,0.536723359390689,0.449073675466786,0.17529936784780603,0.041277990307256096,153.0,447.0,294.0,69.32941176470588,0.0,0.0,0.0
SC Jogos,0.448323455581507,317.0,0.3825283253621087,0.5141185858009053,0.448323455581507,0.13159026043879662,0.031058127194411637,189.0,442.0,253.0,52.705882352941174,0.0,0.0,0.0
Lu,0.4466522017531803,318.0,0.3153651239674114,0.5779392795389493,0.4466522017531804,0.2625741555715379,0.05282383148753978,87.0,530.0,443.0,89.51764705882353,0.0,0.0,0.0
Yaeko,0.446580631327663,319.0,0.3604573359121978,0.5327039267431284,0.4465806313276631,0.17224659083093058,0.04696447298912372,167.0,446.0,279.0,42.858823529411765,0.0,0.0,0.0
CITY CONNECTION,0.4465538967580118,320.0,0.3616864918596618,0.531421301656362,0.4465538967580119,0.16973480979670025,0.03858931087121782,259.0,370.0,111.0,19.576470588235296,0.0,0.0,0.0
upjers,0.44624483863475073,321.0,0.3422062548180831,0.5502834224514184,0.4462448386347507,0.20807716763333528,0.04942851135895559,183.0,562.0,379.0,63.976470588235294,0.0,0.0,0.0
ARTE France,0.44524000420600673,322.0,0.364109030293035,0.5263709781189785,0.44524000420600673,0.1622619478259435,0.036493193331970104,257.0,387.0,130.0,20.211764705882352,0.0,0.0,0.0
The Quantum Astrophysicists Guild,0.44491890225304587,323.0,0.3666931234844479,0.523144681021644,0.4449189022530459,0.15645155753719614,0.03715884018570054,231.0,424.0,193.0,31.188235294117646,0.0,0.0,0.0
Big Ant Studios,0.4444914650231843,324.0,0.31048003731920243,0.5785028927271662,0.4444914650231843,0.2680228554079637,0.05411469994920349,244.0,473.0,229.0,51.61176470588235,0.0,0.0,0.0
rokaplay,0.4442656592388215,325.0,0.3431068727516659,0.5454244457259771,0.44426565923882144,0.20231757297431124,0.04088214663070767,302.0,382.0,80.0,14.388235294117647,0.0,0.0,0.0
Rising Moon Games,0.44383829939877173,326.0,0.34759336617167313,0.5400832326258703,0.4438382993987718,0.1924898664541972,0.04331075935643751,275.0,371.0,96.0,23.11764705882353,0.0,0.0,0.0
Boomzap Inc,0.44319097115227496,327.0,0.3339099269333784,0.5524720153711717,0.443190971152275,0.21856208843779334,0.045664844605922406,119.0,502.0,383.0,67.30588235294118,0.0,0.0,0.0
430Games,0.4423830340409617,328.0,0.37605532506590805,0.5087107430160153,0.4423830340409617,0.1326554179501072,0.03750436209407842,200.0,531.0,331.0,51.188235294117646,0.0,0.0,0.0
Hell Bomb Studio,0.44113477082858843,329.0,0.32939999187759533,0.5528695497795816,0.44113477082858843,0.22346955790198625,0.04830053213804823,117.0,506.0,389.0,74.81176470588235,0.0,0.0,0.0
Minicactus Games,0.4405498515568037,330.0,0.3568944178912244,0.524205285222383,0.44054985155680365,0.16731086733115857,0.04170745135504904,265.0,406.0,141.0,29.905882352941177,0.0,0.0,0.0
8Floor,0.438892128047136,331.0,0.3639362453181882,0.5138480107760838,0.438892128047136,0.14991176545789558,0.03254648374441615,278.0,431.0,153.0,31.24705882352941,0.0,0.0,0.0
Next Game,0.43864850590961735,332.0,0.2786839890884037,0.5986130227308311,0.43864850590961735,0.31992903364242736,0.06314595673382611,210.0,557.0,347.0,62.07058823529412,0.0,0.0,0.0
MIROWIN,0.43857433228234494,333.0,0.34765135391510466,0.5294973106495854,0.438574332282345,0.18184595673448073,0.03852197080331784,310.0,376.0,66.0,13.223529411764705,0.0,0.0,0.0
Fancy Fish Games,0.43841754514507963,334.0,0.3311563904335471,0.5456786998566121,0.43841754514507963,0.214522309423065,0.04301915799605145,304.0,413.0,109.0,18.91764705882353,0.0,0.0,0.0
NovaLogic,0.4382135065776407,335.0,0.312677850223722,0.5637491629315594,0.4382135065776407,0.2510713127078374,0.05117650785575213,269.0,457.0,188.0,43.56470588235294,0.0,0.0,0.0
Forever Entertainment S. A.,0.4381434485093849,336.0,0.3748347151708082,0.5014521818479617,0.4381434485093849,0.1266174666771535,0.025030364295737666,293.0,407.0,114.0,22.423529411764704,0.0,0.0,0.0
Qumaron,0.43787368721718084,337.0,0.30822112466949436,0.5675262497648672,0.4378736872171808,0.25930512509537285,0.05127720116779578,264.0,482.0,218.0,42.09411764705882,0.0,0.0,0.0
Endless Loop Studios,0.4374627054680287,338.0,0.35361421169286356,0.5213111992431939,0.43746270546802873,0.16769698755033036,0.038363854801731545,249.0,431.0,182.0,29.6,0.0,0.0,0.0
OnSkull Games,0.43740719486562063,339.0,0.3638029866963162,0.5110114030349251,0.4374071948656206,0.14720841633860887,0.03296154911230251,244.0,506.0,262.0,43.03529411764706,0.0,0.0,0.0
THQ,0.43641786245146186,340.0,0.311887092251383,0.5609486326515407,0.43641786245146186,0.2490615404001577,0.05082498806801475,279.0,461.0,182.0,43.54117647058823,0.0,0.0,0.0
Old School Vibes,0.4362638823961489,341.0,0.3669356406113864,0.5055921241809114,0.4362638823961489,0.13865648356952498,0.04069680770121618,251.0,425.0,174.0,38.529411764705884,0.0,0.0,0.0
"CFK Co., Ltd.",0.4354841380960163,342.0,0.3608511070125061,0.5101171691795265,0.4354841380960164,0.14926606216702043,0.032406239392784746,326.0,367.0,41.0,9.329411764705883,0.0,0.0,0.0
HFTGames,0.4345964581447178,343.0,0.33534244288383336,0.5338504734056022,0.4345964581447178,0.19850803052176885,0.04575739812955004,233.0,517.0,284.0,46.16470588235294,0.0,0.0,0.0
FreeMind S.A.,0.43425733161259195,344.0,0.3665291555911273,0.5019855076340567,0.434257331612592,0.13545635204292938,0.034912267067178086,208.0,558.0,350.0,58.65882352941176,0.0,0.0,0.0
Topware Interactive,0.43412453377496946,345.0,0.3649749846314601,0.5032740829184787,0.43412453377496946,0.13829909828701864,0.03536783078915543,211.0,505.0,294.0,67.34117647058824,0.0,0.0,0.0
Ghostlight LTD,0.43402064518744077,346.0,0.30791283396970437,0.5601284564051773,0.4340206451874408,0.2522156224354729,0.051363434025232295,260.0,502.0,242.0,53.870588235294115,0.0,0.0,0.0
Hanako Games,0.4311455087722553,347.0,0.3131443177162519,0.5491466998282589,0.4311455087722554,0.23600238211200703,0.049466652394211164,282.0,456.0,174.0,43.11764705882353,0.0,0.0,0.0
Romantic Room,0.43110593182665014,348.0,0.3851713771990304,0.4770404864542698,0.43110593182665014,0.09186910925523939,0.018577016621890395,279.0,427.0,148.0,33.05882352941177,0.0,0.0,0.0
Peaksel,0.4310273780663806,349.0,0.3658972375021472,0.49615751863061397,0.4310273780663806,0.13026028112846677,0.025732167777245338,312.0,418.0,106.0,24.011764705882353,0.0,0.0,0.0
Heart's Choice,0.4310256303059302,350.0,0.33170781975741687,0.5303434408544436,0.4310256303059302,0.19863562109702676,0.042057605839471025,290.0,429.0,139.0,28.67058823529412,0.0,0.0,0.0
QZQ Studio,0.4308208440792793,351.0,0.3258542897643782,0.5357873983941803,0.43082084407927934,0.20993310862980213,0.041636373425028246,154.0,514.0,360.0,83.81176470588235,0.0,0.0,0.0
Pyramid Games S.A.,0.43043930768940664,352.0,0.3249827940546159,0.5358958213241973,0.4304393076894066,0.21091302726958144,0.044346175894018756,279.0,479.0,200.0,44.411764705882355,0.0,0.0,0.0
Chubby Pixel,0.4296153526942967,353.0,0.3458418879380844,0.513388817450509,0.4296153526942966,0.1675469295124246,0.03393321128773757,192.0,501.0,309.0,71.97647058823529,0.0,0.0,0.0
IR Studio,0.4292965612891593,354.0,0.36508408784535623,0.4935090347329623,0.42929656128915933,0.12842494688760608,0.034746658421233007,266.0,432.0,166.0,33.76470588235294,0.0,0.0,0.0
Klabater,0.4291106646312862,355.0,0.34656934802998146,0.5116519812325909,0.42911066463128616,0.16508263320260946,0.035515746058066205,265.0,522.0,257.0,42.38823529411765,0.0,0.0,0.0
Nibb Games,0.42879417356126703,356.0,0.3501589265621709,0.5074294205603632,0.4287941735612671,0.15727049399819232,0.04181466720648743,231.0,465.0,234.0,40.0,0.0,0.0,0.0
GameMill Entertainment,0.4287019758102136,357.0,0.38475173558839193,0.4726522160320353,0.4287019758102136,0.08790048044364335,0.024061953299895054,265.0,505.0,240.0,51.0,0.0,0.0,0.0
Performance Artist,0.42844149033027534,358.0,0.331987910547503,0.5248950701130477,0.4284414903302754,0.19290715956554472,0.045564307349263304,191.0,545.0,354.0,81.31764705882352,0.0,0.0,0.0
eSolutions Nordic AB,0.42796409731467944,359.0,0.30016465537851467,0.5557635392508443,0.42796409731467944,0.25559888387232965,0.050404822440836494,287.0,505.0,218.0,45.31764705882353,0.0,0.0,0.0
CINEMAX GAMES,0.427920119316283,360.0,0.32873334509123636,0.5271068935413296,0.42792011931628293,0.1983735484500932,0.04002908264141283,317.0,436.0,119.0,27.4,0.0,0.0,0.0
Sacada,0.42755014711390793,361.0,0.2927021953177429,0.562398098910073,0.42755014711390793,0.2696959035923301,0.05394935941986061,277.0,522.0,245.0,48.10588235294118,0.0,0.0,0.0
NukGames,0.4267617926499963,362.0,0.33789470973249536,0.5156288755674973,0.42676179264999625,0.1777341658350019,0.04263345383430632,185.0,513.0,328.0,59.43529411764706,0.0,0.0,0.0
Mens Sana Interactive,0.4264421179369836,363.0,0.3118607107252753,0.541023525148692,0.42644211793698367,0.22916281442341668,0.04905829149485887,309.0,463.0,154.0,31.71764705882353,0.0,0.0,0.0
Game for people,0.4261744926395206,364.0,0.33618445013524356,0.5161645351437978,0.4261744926395206,0.17998008500855422,0.039489810669245284,183.0,517.0,334.0,69.2235294117647,0.0,0.0,0.0
ebi-hime,0.42597234345574175,365.0,0.34899821160244526,0.5029464753090382,0.42597234345574175,0.15394826370659298,0.04064365852918709,270.0,447.0,177.0,28.788235294117648,0.0,0.0,0.0
Lonely Troops,0.4256968054498406,366.0,0.32815607361747934,0.523237537282202,0.4256968054498406,0.19508146366472268,0.042960999271774034,285.0,463.0,178.0,43.1764705882353,0.0,0.0,0.0
Interplay Entertainment Corp.,0.42563217045036145,367.0,0.3340540092714463,0.5172103316292765,0.42563217045036145,0.18315632235783025,0.038541235543616326,318.0,423.0,105.0,22.070588235294117,0.0,0.0,0.0
Pujia8 Studio,0.4244080827777989,368.0,0.33253595753795745,0.5162802080176403,0.4244080827777989,0.18374425047968285,0.04575781827033146,274.0,468.0,194.0,37.37647058823529,0.0,0.0,0.0
Super PowerUp Games,0.42416804548153797,369.0,0.2807930112778018,0.5675430796852743,0.4241680454815381,0.28675006840747247,0.056740194760072304,100.0,589.0,489.0,108.31764705882352,0.0,0.0,0.0
Towndarktales,0.42274928632332803,370.0,0.33782530340186756,0.5076732692447885,0.42274928632332803,0.16984796584292094,0.0377798140075853,321.0,424.0,103.0,21.6,0.0,0.0,0.0
Crisp App Studio,0.4220484138945845,371.0,0.3286750416017922,0.5154217861873768,0.4220484138945844,0.1867467445855846,0.037444838167901666,350.0,419.0,69.0,15.705882352941176,0.0,0.0,0.0
Rising Star Games,0.42181034947464424,372.0,0.31186803041320993,0.5317526685360786,0.42181034947464424,0.21988463812286868,0.04557135778975585,275.0,534.0,259.0,50.741176470588236,0.0,0.0,0.0
DominiGames,0.42179169663548,373.0,0.3404204954178805,0.5031628978530794,0.42179169663548,0.16274240243519894,0.03238203195961341,319.0,467.0,148.0,25.458823529411763,0.0,0.0,0.0
InvertMouse,0.42165216591415733,374.0,0.29657117883209677,0.546733152996218,0.4216521659141574,0.2501619741641213,0.05290815140151651,292.0,514.0,222.0,46.294117647058826,0.0,0.0,0.0
YAW Studios,0.42120625528480105,375.0,0.3456140343733209,0.49679847619628126,0.42120625528480105,0.15118444182296037,0.03871090180719531,309.0,450.0,141.0,28.211764705882352,0.0,0.0,0.0
Clickteam,0.42115719036997185,376.0,0.33605509205443373,0.50625928868551,0.4211571903699718,0.17020419663107622,0.03444006735023353,348.0,430.0,82.0,17.75294117647059,0.0,0.0,0.0
Gray Boss,0.42009147946544534,377.0,0.34786870051763474,0.4923142584132558,0.42009147946544523,0.14444555789562108,0.04143368452586859,287.0,460.0,173.0,36.811764705882354,0.0,0.0,0.0
PinkySoul,0.419384275427312,378.0,0.3452914986143825,0.4934770522402416,0.41938427542731194,0.14818555362585906,0.04105018089970569,267.0,507.0,240.0,50.28235294117647,0.0,0.0,0.0
NAISU,0.4189509069626503,379.0,0.3272086593777569,0.5106931545475437,0.41895090696265025,0.18348449516978682,0.042887201630029126,320.0,447.0,127.0,27.63529411764706,0.0,0.0,0.0
616 GAMES,0.41893131965191627,380.0,0.34527675524135143,0.4925858840624811,0.4189313196519162,0.14730912882112968,0.03762871026335128,304.0,457.0,153.0,31.8,0.0,0.0,0.0
GCN,0.4186220249372512,381.0,0.3197056617443172,0.5175383881301852,0.41862202493725126,0.19783272638586796,0.04133200243623165,336.0,441.0,105.0,21.988235294117647,0.0,0.0,0.0
Conglomerate 5,0.41803000996210443,382.0,0.3235430556963097,0.5125169642278992,0.41803000996210443,0.18897390853158946,0.04095364746716553,269.0,559.0,290.0,55.4,0.0,0.0,0.0
The Revills Games,0.41761858015442066,383.0,0.31140566482559073,0.5238314954832506,0.41761858015442066,0.21242583065765985,0.04481854102038617,335.0,465.0,130.0,22.67058823529412,0.0,0.0,0.0
Randumb Studios,0.4174093180108939,384.0,0.3357643044374185,0.49905433158436935,0.4174093180108939,0.16329002714695084,0.050585648559360735,222.0,518.0,296.0,63.6,0.0,0.0,0.0
owlyboi,0.4170908324626319,385.0,0.3419984580433638,0.4921832068819,0.4170908324626319,0.15018474883853616,0.04122015710188297,283.0,474.0,191.0,39.76470588235294,0.0,0.0,0.0
Argent Games,0.41685200843022424,386.0,0.285371959545544,0.5483320573149045,0.41685200843022424,0.2629600977693605,0.05392420660361078,297.0,541.0,244.0,40.83529411764706,0.0,0.0,0.0
Vutune,0.41669483822055753,387.0,0.3040881834372706,0.5293014930038445,0.41669483822055764,0.22521330956657393,0.046680611515307266,179.0,549.0,370.0,82.03529411764706,0.0,0.0,0.0
VRKiwi,0.4164239864044468,388.0,0.3458946862664974,0.48695328654239606,0.4164239864044468,0.14105860027589867,0.034281087755695404,284.0,475.0,191.0,37.423529411764704,0.0,0.0,0.0
LTZinc,0.4161316828729173,389.0,0.36061033621227767,0.47165302953355703,0.41613168287291735,0.11104269332127936,0.02764260262816544,311.0,457.0,146.0,35.529411764705884,0.0,0.0,0.0
Digerati,0.41598743767085333,390.0,0.3383220950098029,0.49365278033190385,0.4159874376708534,0.15533068532210093,0.032830336664514424,342.0,453.0,111.0,26.28235294117647,0.0,0.0,0.0
Coconut Island Games,0.41587701134717436,391.0,0.32091593399648566,0.5108380886978631,0.41587701134717436,0.1899221547013774,0.04102041841337241,301.0,517.0,216.0,45.43529411764706,0.0,0.0,0.0
Hosted Games,0.41554573187564803,392.0,0.3203696955202656,0.5107217682310305,0.4155457318756481,0.19035207271076493,0.04038415216616018,333.0,471.0,138.0,26.8,0.0,0.0,0.0
bhungry,0.4144392568186485,393.0,0.3478488317976771,0.48102968183961997,0.41443925681864857,0.13318085004194286,0.03055505743039387,342.0,452.0,110.0,20.564705882352943,0.0,0.0,0.0
KEMCO,0.41407923871768476,394.0,0.3441382956907973,0.4840201817445723,0.4140792387176848,0.139881886053775,0.03309332887186846,335.0,455.0,120.0,22.541176470588237,0.0,0.0,0.0
My Way Games,0.4139554010222519,395.0,0.3207313829652615,0.5071794190792425,0.413955401022252,0.18644803611398097,0.040176037075726034,282.0,552.0,270.0,54.84705882352941,0.0,0.0,0.0
PeriScope Game,0.41395527858908404,396.0,0.3150873853256182,0.51282317185255,0.41395527858908404,0.1977357865269318,0.04886348039655015,251.0,505.0,254.0,47.36470588235294,0.0,0.0,0.0
Green Man Gaming Publishing,0.4120725621698564,397.0,0.33703493369442067,0.48711019064529215,0.41207256216985644,0.15007525695087148,0.030190727867027756,361.0,451.0,90.0,18.48235294117647,0.0,0.0,0.0
Mismatch Studio,0.4116484783231497,398.0,0.31046871502896756,0.512828241617332,0.4116484783231497,0.20235952658836442,0.050117981133981,256.0,511.0,255.0,48.423529411764704,0.0,0.0,0.0
Ratalaika Games S.L.,0.4107095237368875,399.0,0.33239698935588574,0.48902205811788935,0.4107095237368875,0.1566250687620036,0.03687296905132896,280.0,503.0,223.0,41.95294117647059,0.0,0.0,0.0
Gagonfe,0.41069828616689813,400.0,0.28827702472957994,0.5331195476042163,0.4106982861668981,0.24484252287463637,0.051955376831457935,321.0,536.0,215.0,39.34117647058824,0.0,0.0,0.0
TERNOX,0.4100855259237601,401.0,0.3215578393615799,0.4986132124859403,0.4100855259237601,0.17705537312436043,0.0380814599499739,346.0,461.0,115.0,25.611764705882354,0.0,0.0,0.0
PRODUCTION PENCIL,0.409600290371807,402.0,0.30482873274416233,0.5143718479994517,0.409600290371807,0.20954311525528935,0.044633394096565984,216.0,551.0,335.0,83.58823529411765,0.0,0.0,0.0
Lesson of Passion,0.40939984156372133,403.0,0.3058034146976514,0.5129962684297913,0.4093998415637214,0.20719285373213991,0.04686801120519626,276.0,590.0,314.0,59.2,0.0,0.0,0.0
Vertigo Gaming Inc.,0.4092672687158244,404.0,0.3407876022041001,0.47774693522754874,0.4092672687158244,0.13695933302344865,0.03134086835539939,339.0,477.0,138.0,33.03529411764706,0.0,0.0,0.0
Anatoliy Loginovskikh,0.40871375021291095,405.0,0.31902706542709014,0.4984004349987317,0.4087137502129109,0.17937336957164157,0.0461282975538032,284.0,504.0,220.0,41.22352941176471,0.0,0.0,0.0
MACKINN7,0.40870017564751093,406.0,0.3367444887366925,0.4806558625583294,0.408700175647511,0.14391137382163693,0.037022018277805616,341.0,462.0,121.0,23.094117647058823,0.0,0.0,0.0
SEEP,0.40774235124604075,407.0,0.31879933210386097,0.49668537038822064,0.40774235124604075,0.17788603828435967,0.043089573492006185,256.0,525.0,269.0,57.54117647058823,0.0,0.0,0.0
Mindscape,0.40756065279283654,408.0,0.3528858663909109,0.4622354391947623,0.4075606527928366,0.10934957280385138,0.03170723270279773,303.0,559.0,256.0,44.45882352941177,0.0,0.0,0.0
SP GAMES,0.40723113038223596,409.0,0.3720194707818541,0.4424427899826179,0.4072311303822359,0.07042331920076378,0.018466600808995603,313.0,496.0,183.0,39.36470588235294,0.0,0.0,0.0
Y Press Games,0.40717260674507866,410.0,0.2871891487481524,0.5271560647420049,0.4071726067450786,0.23996691599385256,0.04813912079031394,333.0,537.0,204.0,38.07058823529412,0.0,0.0,0.0
Do Games Limited,0.40697541316231745,411.0,0.32434718286379305,0.48960364346084195,0.4069754131623175,0.1652564605970489,0.03729723574467787,223.0,643.0,420.0,91.75294117647059,0.0,0.0,0.0
Ziggurat,0.40672574256672256,412.0,0.34358332635307665,0.46986815878036853,0.40672574256672256,0.12628483242729188,0.028554879789212385,378.0,448.0,70.0,15.741176470588234,0.0,0.0,0.0
Colossus Game Studio,0.4061023598466311,413.0,0.30938604064178443,0.5028186790514779,0.4061023598466311,0.1934326384096935,0.043955694573683285,350.0,479.0,129.0,25.55294117647059,0.0,0.0,0.0
Big Fish Games,0.40587393239265745,414.0,0.33137749112379733,0.4803703736615175,0.40587393239265745,0.1489928825377202,0.03864045290194809,332.0,484.0,152.0,31.08235294117647,0.0,0.0,0.0
Airem,0.40579412309533225,415.0,0.322349193536463,0.48923905265420153,0.40579412309533225,0.16688985911773851,0.039000901530252555,316.0,516.0,200.0,44.76470588235294,0.0,0.0,0.0
Afil Games,0.40541790968903296,416.0,0.3023901175425147,0.5084457018355513,0.40541790968903296,0.20605558429303655,0.042658773576165446,229.0,552.0,323.0,66.84705882352941,0.0,0.0,0.0
Sokpop Collective,0.4050459299482143,417.0,0.30181687553827463,0.5082749843581539,0.4050459299482143,0.20645810881987925,0.04085426506218355,365.0,499.0,134.0,32.48235294117647,0.0,0.0,0.0
Inspector Studios,0.40495020992696895,418.0,0.32729894298864887,0.4826014768652891,0.40495020992696895,0.15530253387664023,0.04135199641462755,178.0,633.0,455.0,103.5764705882353,0.0,0.0,0.0
Funbox Media Ltd,0.4043573321589098,419.0,0.36434614812638677,0.4443685161914329,0.40435733215890984,0.08002236806504615,0.017767191452563606,329.0,491.0,162.0,28.11764705882353,0.0,0.0,0.0
Revmatek,0.4042201344958886,420.0,0.27552056514218753,0.5329197038495896,0.40422013449588867,0.2573991387074021,0.050690386318679774,322.0,560.0,238.0,46.188235294117646,0.0,0.0,0.0
Eversim,0.4041849304703451,421.0,0.29504660398067367,0.5133232569600166,0.4041849304703451,0.2182766529793429,0.05283927200115298,258.0,635.0,377.0,87.15294117647059,0.0,0.0,0.0
artoonu,0.40409711731963244,422.0,0.33744902997137904,0.47074520466788583,0.4040971173196325,0.1332961746965068,0.0391713646687662,313.0,550.0,237.0,47.082352941176474,0.0,0.0,0.0
Whale Rock Games,0.40384247930374406,423.0,0.3526352366742208,0.4550497219332674,0.40384247930374406,0.10241448525904662,0.028670832827979074,352.0,463.0,111.0,26.24705882352941,0.0,0.0,0.0
Siberian Mouse,0.40349798929213754,424.0,0.29591017580814843,0.5110858027761268,0.40349798929213754,0.21517562696797837,0.04595478630944804,359.0,515.0,156.0,31.988235294117647,0.0,0.0,0.0
Denpasoft,0.40347688949232635,425.0,0.31474814356851355,0.49220563541613915,0.4034768894923263,0.1774574918476256,0.04275360361931144,338.0,488.0,150.0,27.68235294117647,0.0,0.0,0.0
Nutaku Publishing,0.4033112147790627,426.0,0.2709932285362142,0.535629201021911,0.4033112147790626,0.2646359724856968,0.05846827879004164,276.0,606.0,330.0,88.07058823529412,0.0,0.0,0.0
Graverobber Foundation,0.40324302439190096,427.0,0.32197794007872527,0.4845081087050766,0.4032430243919009,0.16253016862635133,0.04218848023182793,319.0,501.0,182.0,29.458823529411763,0.0,0.0,0.0
Accelerate Games,0.4017274803448227,428.0,0.2886798987719097,0.5147750619177358,0.4017274803448227,0.22609516314582612,0.04581466921903431,338.0,545.0,207.0,48.411764705882355,0.0,0.0,0.0
Senpai Studios,0.40123858931756257,429.0,0.3407580260417963,0.46171915259332885,0.40123858931756257,0.12096112655153257,0.03434731722321045,312.0,550.0,238.0,54.023529411764706,0.0,0.0,0.0
Cateia Games,0.4011641962807212,430.0,0.3652168434196811,0.4371115491417613,0.4011641962807212,0.07189470572208023,0.018811856909793076,320.0,506.0,186.0,32.68235294117647,0.0,0.0,0.0
MAGIX Software GmbH,0.4008309636664387,431.0,0.2966441880320703,0.5050177393008073,0.4008309636664388,0.20837355126873697,0.047100021757719414,300.0,592.0,292.0,72.10588235294118,0.0,0.0,0.0
CCS,0.4004498088399559,432.0,0.3273828578366557,0.47351675984325603,0.40044980883995585,0.1461339020066003,0.03967439576223018,317.0,512.0,195.0,36.188235294117646,0.0,0.0,0.0
GoldenGod Games,0.4004276975437196,433.0,0.347502689307599,0.45335270577984027,0.40042769754371965,0.10585001647224129,0.0267671731458971,361.0,521.0,160.0,29.50588235294118,0.0,0.0,0.0
Flying Interactive,0.3990096685460879,434.0,0.27250504792175,0.5255142891704256,0.3990096685460879,0.25300924124867563,0.05138524461156804,310.0,587.0,277.0,63.8235294117647,0.0,0.0,0.0
Axis Games,0.39844022356634523,435.0,0.28700349981746076,0.5098769473152297,0.39844022356634523,0.22287344749776894,0.04537356001125086,337.0,567.0,230.0,56.45882352941177,0.0,0.0,0.0
Konnichiwa Games,0.39828001083178877,436.0,0.30341337616474995,0.4931466454988277,0.3982800108317888,0.18973326933407775,0.04497559282658327,314.0,516.0,202.0,43.0,0.0,0.0,0.0
Gammera Nest,0.39811265103459975,437.0,0.33446861950517875,0.46175668256402097,0.3981126510345998,0.12728806305884222,0.03247408171845619,349.0,504.0,155.0,34.94117647058823,0.0,0.0,0.0
Minimol Games,0.39777999850328294,438.0,0.3057620786223542,0.4897979183842118,0.397779998503283,0.18403583976185756,0.04102203415198794,356.0,493.0,137.0,30.68235294117647,0.0,0.0,0.0
Crew Lab,0.39768977739634237,439.0,0.3080940433965831,0.48728551139610177,0.39768977739634237,0.17919146799951868,0.05181723644079826,248.0,571.0,323.0,56.67058823529412,0.0,0.0,0.0
Neoclassic Games,0.3974923302220062,440.0,0.2965944209493924,0.49839023949462,0.3974923302220062,0.2017958185452276,0.04591827409417876,324.0,517.0,193.0,42.76470588235294,0.0,0.0,0.0
Clique Games,0.39645075339909475,441.0,0.32200927636903465,0.470892230429155,0.3964507533990948,0.14888295406012036,0.03476670644289325,390.0,477.0,87.0,15.941176470588236,0.0,0.0,0.0
Yamate,0.3963317840078417,442.0,0.32453173499038046,0.46813183302530287,0.39633178400784164,0.1436000980349224,0.03633067339333053,275.0,639.0,364.0,65.61176470588235,0.0,0.0,0.0
GZ Storm,0.3960294063095699,443.0,0.3143997220949751,0.4776590905241648,0.3960294063095699,0.1632593684291897,0.044441017040037736,349.0,507.0,158.0,37.28235294117647,0.0,0.0,0.0
SQUARE ENIX,0.3954955453273805,444.0,0.2460342103441234,0.5449568803106376,0.39549554532738057,0.2989226699665142,0.05904145012888421,306.0,639.0,333.0,68.52941176470588,0.0,0.0,0.0
Anime Mania,0.3951533378125446,445.0,0.3017190756370193,0.48858759998807,0.3951533378125446,0.18686852435105072,0.03902271600851605,281.0,556.0,275.0,60.92941176470588,0.0,0.0,0.0
CreativeForge Games,0.3945700990397239,446.0,0.3377361840537131,0.45140401402573466,0.39457009903972395,0.11366782997202157,0.023716893687089027,397.0,495.0,98.0,20.847058823529412,0.0,0.0,0.0
Axyos Games,0.3945381674596739,447.0,0.31091591627851856,0.4781604186408292,0.3945381674596739,0.16724450236231064,0.03369396852158088,368.0,531.0,163.0,29.68235294117647,0.0,0.0,0.0
Cherry Kiss Games,0.39444654948005065,448.0,0.3262619630356063,0.46263113592449506,0.39444654948005065,0.13636917288888878,0.03353349482074817,356.0,561.0,205.0,33.305882352941175,0.0,0.0,0.0
Seito Games,0.3935123110430408,449.0,0.3012068195397387,0.4858178025463429,0.3935123110430408,0.18461098300660417,0.03795173839573647,386.0,520.0,134.0,25.71764705882353,0.0,0.0,0.0
"Arcen Games, LLC",0.39295478497603964,450.0,0.31057587723846536,0.4753336927136138,0.3929547849760396,0.16475781547514845,0.036919769973041354,349.0,574.0,225.0,45.76470588235294,0.0,0.0,0.0
EpiXR Games UG,0.39268856646337835,451.0,0.27064352331542446,0.5147336096113324,0.3926885664633784,0.24409008629590795,0.049574315317889465,215.0,605.0,390.0,74.24705882352941,0.0,0.0,0.0
Strategy First,0.39242908131855586,452.0,0.33106841517050634,0.4537897474666054,0.39242908131855586,0.12272133229609905,0.024316177388198332,378.0,524.0,146.0,30.564705882352943,0.0,0.0,0.0
kazakovstudios,0.39227768550989495,453.0,0.3477007294427937,0.4368546415769962,0.39227768550989495,0.08915391213420254,0.022899131847653846,368.0,500.0,132.0,23.4,0.0,0.0,0.0
HH-Games,0.39181714229302456,454.0,0.3298945345579367,0.4537397500281124,0.39181714229302456,0.12384521547017568,0.03167594727775002,378.0,547.0,169.0,30.258823529411764,0.0,0.0,0.0
Gamesforgames,0.39181452021113206,455.0,0.30405550551732113,0.47957353490494303,0.39181452021113206,0.1755180293876219,0.03637448299963924,269.0,569.0,300.0,75.65882352941176,0.0,0.0,0.0
DLsite,0.3906788013155468,456.0,0.28014235156939704,0.5012152510616965,0.3906788013155467,0.22107289949229947,0.04549828526475838,382.0,554.0,172.0,28.776470588235295,0.0,0.0,0.0
Bad Kid Games,0.3900144277611746,457.0,0.2965248534982476,0.48350400202410165,0.3900144277611746,0.18697914852585407,0.043056010584215335,294.0,566.0,272.0,46.55294117647059,0.0,0.0,0.0
Starship Studio,0.3896453280809913,458.0,0.2739721562210612,0.5053184999409214,0.3896453280809913,0.23134634371986018,0.045534686846965704,373.0,563.0,190.0,45.10588235294118,0.0,0.0,0.0
WASABI entertainment,0.38922647297341095,459.0,0.3166144455796891,0.4618385003671328,0.38922647297341095,0.1452240547874437,0.03834080264628417,297.0,634.0,337.0,57.141176470588235,0.0,0.0,0.0
Appnori Inc.,0.3887493873608453,460.0,0.3003385078588241,0.4771602668628664,0.3887493873608453,0.1768217590040423,0.036854840584883385,371.0,570.0,199.0,37.44705882352941,0.0,0.0,0.0
Independent,0.388659752490653,461.0,0.3063679088955229,0.47095159608578313,0.388659752490653,0.16458368719026023,0.04188860852408961,372.0,517.0,145.0,26.941176470588236,0.0,0.0,0.0
Ivanovich Games,0.38861835142254897,462.0,0.29222584380612615,0.4850108590389717,0.3886183514225489,0.19278501523284552,0.038314380328954394,371.0,549.0,178.0,36.78823529411765,0.0,0.0,0.0
Michaela Laws,0.388358052049196,463.0,0.28479670849047245,0.4919193956079195,0.38835805204919593,0.20712268711744702,0.04613199379167923,359.0,545.0,186.0,41.38823529411765,0.0,0.0,0.0
Pixel Games UK,0.3880681942349464,464.0,0.2932546485656319,0.4828817399042611,0.38806819423494643,0.1896270913386292,0.03767236718055367,295.0,572.0,277.0,65.45882352941176,0.0,0.0,0.0
STuNT,0.3874283878399001,465.0,0.28381483197703167,0.4910419437027685,0.3874283878399001,0.20722711172573682,0.046494349250424616,237.0,623.0,386.0,98.08235294117647,0.0,0.0,0.0
Denda Games,0.387253616294231,466.0,0.32475785593192485,0.4497493766565373,0.38725361629423105,0.12499152072461245,0.029987218987700605,425.0,508.0,83.0,17.388235294117646,0.0,0.0,0.0
Tranquility games,0.3871636918968131,467.0,0.32305440748736414,0.4512729763062619,0.3871636918968131,0.12821856881889776,0.029334796945707387,397.0,501.0,104.0,23.623529411764707,0.0,0.0,0.0
Andy Jurko,0.38692450672184997,468.0,0.2436142875948004,0.5302347258488996,0.38692450672184997,0.2866204382540992,0.05765442440908127,326.0,643.0,317.0,54.09411764705882,0.0,0.0,0.0
BufoProject,0.38616017097867983,469.0,0.27880743827308013,0.4935129036842795,0.38616017097867983,0.2147054654111994,0.04300877080862606,388.0,560.0,172.0,43.90588235294118,0.0,0.0,0.0
ChaniMK,0.38559136403724015,470.0,0.2931578017919922,0.47802492628248827,0.38559136403724026,0.18486712449049608,0.045734893607766405,309.0,574.0,265.0,42.89411764705882,0.0,0.0,0.0
Plug In Digital,0.3850781579017995,471.0,0.31208849035013053,0.4580678254534685,0.38507815790179956,0.145979335103338,0.029410980641833933,411.0,520.0,109.0,19.31764705882353,0.0,0.0,0.0
Ultimate Games S.A.,0.38439451915214473,472.0,0.302758078944818,0.46603095935947136,0.3843945191521447,0.16327288041465338,0.03739275321622585,372.0,566.0,194.0,42.71764705882353,0.0,0.0,0.0
Zoo Corporation,0.38428243617706204,473.0,0.3119467773000243,0.4566180950540997,0.38428243617706204,0.14467131775407543,0.03165802025465342,454.0,482.0,28.0,7.658823529411765,0.0,0.0,0.0
"CyberStep, Inc.",0.38376341874817416,474.0,0.328471513268419,0.43905532422792937,0.38376341874817416,0.11058381095951036,0.031111551267889656,221.0,635.0,414.0,87.74117647058823,0.0,0.0,0.0
Russpuppy,0.3836218593799134,475.0,0.30733474793843013,0.4599089708213967,0.3836218593799134,0.15257422288296657,0.035322345419270776,411.0,494.0,83.0,16.50588235294118,0.0,0.0,0.0
Kawaii Hentai,0.383577874426887,476.0,0.26830757684797485,0.4988481720057991,0.38357787442688696,0.23054059515782427,0.05143566365249271,253.0,613.0,360.0,68.3529411764706,0.0,0.0,0.0
SMU Guildhall,0.3823554035302249,477.0,0.2856787841464339,0.4790320229140159,0.3823554035302249,0.19335323876758204,0.050495201938812656,273.0,609.0,336.0,56.98823529411764,0.0,0.0,0.0
XSGames,0.3811562670282515,478.0,0.30432079147146257,0.4579917425850404,0.3811562670282515,0.15367095111357781,0.039410712154955035,264.0,660.0,396.0,90.34117647058824,0.0,0.0,0.0
HugePixel,0.3800613289999174,479.0,0.3204594975143708,0.4396631604854639,0.38006132899991735,0.11920366297109308,0.03316440555165581,398.0,546.0,148.0,28.929411764705883,0.0,0.0,0.0
Tensei Games,0.3795314493496219,480.0,0.28457061105404535,0.4744922876451986,0.37953144934962196,0.18992167659115322,0.041898549761145314,315.0,585.0,270.0,50.4,0.0,0.0,0.0
Choice of Games,0.3786177251290746,481.0,0.28512931337733516,0.47210613688081404,0.37861772512907454,0.18697682350347888,0.03949385454720091,420.0,565.0,145.0,28.67058823529412,0.0,0.0,0.0
2Awesome Studio,0.37860365781057653,482.0,0.2969237783867984,0.46028353723435467,0.37860365781057653,0.16335975884755627,0.035188336549214265,452.0,511.0,59.0,11.258823529411766,0.0,0.0,0.0
Phoenix Online Publishing,0.37840455180937016,483.0,0.28354837117890885,0.4732607324398316,0.3784045518093702,0.18971236126092272,0.04098214485731241,394.0,556.0,162.0,39.141176470588235,0.0,0.0,0.0
Wolverine Studios,0.37796140076654283,484.0,0.2742382437334535,0.48168455779963226,0.3779614007665429,0.20744631406617875,0.04918558050270716,309.0,669.0,360.0,77.02352941176471,0.0,0.0,0.0
Dnovel,0.37637983771472194,485.0,0.325277683333748,0.4274819920956958,0.3763798377147219,0.1022043087619478,0.031941615793659665,387.0,537.0,150.0,29.623529411764707,0.0,0.0,0.0
Nami Tentou,0.3760527528242962,486.0,0.2567688425642814,0.495336663084311,0.3760527528242962,0.23856782052002962,0.04909702868622281,261.0,628.0,367.0,70.05882352941177,0.0,0.0,0.0
Screen 7,0.37477988215966507,487.0,0.2944002277424358,0.45515953657689423,0.37477988215966507,0.16075930883445844,0.037943522072317167,383.0,569.0,186.0,39.07058823529412,0.0,0.0,0.0
LGV,0.37341632032380856,488.0,0.2563823661095944,0.4904502745380227,0.37341632032380856,0.23406790842842828,0.04622785528322302,276.0,629.0,353.0,83.24705882352941,0.0,0.0,0.0
UPCELL TELEKOMUNIKASYON LIMITED SIRKETI,0.37325205876765977,489.0,0.27994536471254783,0.4665587528227718,0.3732520587676598,0.186613388110224,0.04177977244959014,249.0,648.0,399.0,92.28235294117647,0.0,0.0,0.0
Absolutist Ltd.,0.3728787211472054,490.0,0.29726051171158185,0.4484969305828289,0.3728787211472054,0.15123641887124706,0.034372480548090084,372.0,614.0,242.0,44.36470588235294,0.0,0.0,0.0
Ertal Games,0.37284542313655145,491.0,0.26956332977448666,0.4761275164986163,0.37284542313655145,0.20656418672412963,0.043206488651181756,428.0,577.0,149.0,26.6,0.0,0.0,0.0
7DOTS,0.37267138747136724,492.0,0.27138739948857665,0.47395537545415783,0.3726713874713672,0.20256797596558118,0.04929482287569028,371.0,580.0,209.0,43.36470588235294,0.0,0.0,0.0
Ironcode Gaming,0.3725624035625046,493.0,0.30860639442386795,0.43651841270114117,0.3725624035625046,0.12791201827727322,0.03288502846057324,397.0,609.0,212.0,33.90588235294118,0.0,0.0,0.0
橙光游戏,0.37238507708487945,494.0,0.29554199415731597,0.4492281600124429,0.3723850770848794,0.15368616585512695,0.03432298328901863,379.0,569.0,190.0,40.78823529411765,0.0,0.0,0.0
Zerouno Games,0.3722792942467762,495.0,0.30511085925579323,0.43944772923775927,0.3722792942467762,0.13433686998196603,0.037817943644339096,416.0,539.0,123.0,22.694117647058825,0.0,0.0,0.0
Noxurtica,0.3715580347883334,496.0,0.2891704009435165,0.45394566863315033,0.3715580347883334,0.16477526768963385,0.04094298662672742,367.0,576.0,209.0,35.84705882352941,0.0,0.0,0.0
Pirates Of The Digital Sea,0.37154053566798817,497.0,0.3134557679563975,0.4296253033795788,0.3715405356679882,0.11616953542318131,0.02891864228962542,392.0,613.0,221.0,35.90588235294118,0.0,0.0,0.0
Satur Entertainment,0.37074119478625783,498.0,0.29899764607494794,0.4424847434975677,0.3707411947862578,0.14348709742261978,0.030103744513226612,468.0,528.0,60.0,9.070588235294117,0.0,0.0,0.0
NSFW18 Games,0.3706970790706169,499.0,0.31086395475217216,0.4305302033890615,0.37069707907061683,0.11966624863688935,0.03305447290466004,428.0,569.0,141.0,27.68235294117647,0.0,0.0,0.0
Loolust,0.3706348512863705,500.0,0.2823772257443595,0.4588924768283817,0.3706348512863705,0.17651525108402222,0.0432572202718417,430.0,550.0,120.0,26.188235294117646,0.0,0.0,0.0
DigiMight,0.37056884976123144,501.0,0.2909193168017826,0.4502183827206804,0.3705688497612315,0.15929906591889775,0.03776362623703898,452.0,529.0,77.0,14.894117647058824,0.0,0.0,0.0
Rocky Studio,0.3702806142204049,502.0,0.23685299330512957,0.5037082351356803,0.3702806142204049,0.26685524183055076,0.05268422250991093,240.0,668.0,428.0,91.68235294117648,0.0,0.0,0.0
Reverb Triple XP,0.3687546928502377,503.0,0.28688958841012757,0.45061979729034785,0.3687546928502377,0.16373020888022027,0.03771896765838731,400.0,581.0,181.0,37.89411764705882,0.0,0.0,0.0
Notus Games Ltd,0.3674428448572953,504.0,0.2421012747732374,0.4927844149413533,0.3674428448572953,0.2506831401681159,0.05048831065331939,393.0,646.0,253.0,45.529411764705884,0.0,0.0,0.0
DNA ARMY GAMING,0.36722666497776374,505.0,0.31104410055372755,0.42340922940180004,0.36722666497776374,0.11236512884807248,0.024001350367585467,413.0,614.0,201.0,43.576470588235296,0.0,0.0,0.0
Art Games Studio S.A.,0.36683798475684637,506.0,0.28846917570149216,0.44520679381220063,0.36683798475684637,0.15673761811070847,0.03135397518550584,457.0,557.0,100.0,19.458823529411763,0.0,0.0,0.0
Akella,0.36568482519963064,507.0,0.28094728145523196,0.45042236894402926,0.36568482519963064,0.1694750874887973,0.03628414587934343,377.0,640.0,263.0,45.305882352941175,0.0,0.0,0.0
Vidas Salavejus,0.36502553321410675,508.0,0.27204753256344266,0.45800353386477083,0.36502553321410675,0.18595600130132817,0.03989979216388885,357.0,602.0,245.0,56.68235294117647,0.0,0.0,0.0
SVGames,0.36483766521755656,509.0,0.28184292128171795,0.4478324091533951,0.36483766521755656,0.16598948787167717,0.035977732086451795,457.0,585.0,128.0,23.44705882352941,0.0,0.0,0.0
Phr00t's Software,0.36470916324068003,510.0,0.285616607321765,0.44380171915959504,0.36470916324068003,0.15818511183783002,0.04016629709183971,431.0,549.0,118.0,22.058823529411764,0.0,0.0,0.0
ROSEVERTE,0.364667919787447,511.0,0.26774246636258087,0.46159337321231325,0.36466791978744706,0.19385090684973239,0.04099627293475317,450.0,585.0,135.0,24.6,0.0,0.0,0.0
Crazysoft Limited,0.36414844053228695,512.0,0.26150266549738843,0.4667942155671856,0.36414844053228695,0.20529155006979716,0.04048889967988422,440.0,601.0,161.0,36.129411764705885,0.0,0.0,0.0
Entropy Digital Entertainment,0.3640018879521326,513.0,0.29797663941195335,0.43002713649231183,0.36400188795213256,0.1320504970803585,0.03655506113196788,346.0,691.0,345.0,57.09411764705882,0.0,0.0,0.0
Top Hat Studios Inc,0.3637297865763621,514.0,0.24290908553903356,0.4845504876136907,0.36372978657636207,0.24164140207465712,0.049323220851013275,409.0,645.0,236.0,42.77647058823529,0.0,0.0,0.0
Digital Tribe,0.36370470707690783,515.0,0.28892456275453465,0.4384848513992809,0.3637047070769078,0.14956028864474624,0.03222543591318509,443.0,587.0,144.0,25.611764705882354,0.0,0.0,0.0
Breda University of Applied Sciences,0.36358251084464244,516.0,0.27603526368065257,0.45112975800863236,0.36358251084464244,0.1750944943279798,0.0472123852013909,336.0,622.0,286.0,46.4,0.0,0.0,0.0
KuKo,0.3631979405406139,517.0,0.31054922170778243,0.41584665937344534,0.3631979405406139,0.10529743766566291,0.03167422403966345,407.0,567.0,160.0,26.658823529411766,0.0,0.0,0.0
Blowfish Studios,0.3627101363590607,518.0,0.3089644509230383,0.4164558217950833,0.3627101363590608,0.10749137087204497,0.02975279810296977,435.0,549.0,114.0,24.823529411764707,0.0,0.0,0.0
Rainbow Games,0.3623111685394004,519.0,0.2722854957092666,0.4523368413695341,0.3623111685394004,0.18005134566026754,0.03779887507386177,408.0,617.0,209.0,39.68235294117647,0.0,0.0,0.0
Viva Media,0.3617078898772217,520.0,0.26843779441609295,0.45497798533835043,0.3617078898772217,0.1865401909222575,0.038707089619835384,386.0,644.0,258.0,47.54117647058823,0.0,0.0,0.0
Rockin' Android,0.36139863938570255,521.0,0.2697128551898908,0.45308442358151424,0.36139863938570255,0.18337156839162344,0.04277064176264972,405.0,585.0,180.0,35.1764705882353,0.0,0.0,0.0
КиКо,0.3612960173065889,522.0,0.28962441477681694,0.4329676198363608,0.3612960173065889,0.14334320505954384,0.0352456060444814,410.0,598.0,188.0,37.83529411764706,0.0,0.0,0.0
Stardock,0.36115878450791195,523.0,0.31089633032670916,0.41142123868911473,0.36115878450791195,0.10052490836240557,0.027901997805495533,404.0,648.0,244.0,40.98823529411764,0.0,0.0,0.0
Self Published,0.3599719089963935,524.0,0.2967503580637796,0.42319345992900725,0.3599719089963934,0.12644310186522767,0.03507126840041777,391.0,595.0,204.0,31.58823529411765,0.0,0.0,0.0
b-alive gmbh,0.35973369546650996,525.0,0.26866090233601814,0.4508064885970018,0.35973369546650996,0.18214558626098365,0.038290225000908285,380.0,658.0,278.0,50.50588235294118,0.0,0.0,0.0
Abyssal Studios,0.3592340845592134,526.0,0.2633267109905351,0.45514145812789175,0.3592340845592134,0.19181474713735663,0.04833941091294538,420.0,596.0,176.0,35.51764705882353,0.0,0.0,0.0
Interplay Inc.,0.3581416733684468,527.0,0.26502133397762484,0.45126201275926875,0.3581416733684468,0.1862406787816439,0.038947009588441286,433.0,612.0,179.0,36.92941176470588,0.0,0.0,0.0
Azurezero,0.3567866032687381,528.0,0.28118800802365596,0.43238519851382035,0.3567866032687381,0.1511971904901644,0.038881618500640404,447.0,573.0,126.0,24.270588235294117,0.0,0.0,0.0
Self,0.3561970381341713,529.0,0.257285259337767,0.4551088169305757,0.35619703813417136,0.19782355759280867,0.04452505174971104,462.0,613.0,151.0,26.08235294117647,0.0,0.0,0.0
NanningsGames,0.35579487502359536,530.0,0.3032790201290735,0.4083107299181171,0.3557948750235953,0.10503170978904364,0.03332960100292567,435.0,572.0,137.0,25.129411764705882,0.0,0.0,0.0
First Games Interactive,0.35569937359261194,531.0,0.29424049136436503,0.4171582558208588,0.35569937359261194,0.12291776445649377,0.030484109661374135,454.0,569.0,115.0,19.16470588235294,0.0,0.0,0.0
Sedoc LLC,0.35544283848378877,532.0,0.2614480711861754,0.4494376057814021,0.35544283848378877,0.18798953459522671,0.03961871840193241,455.0,609.0,154.0,34.84705882352941,0.0,0.0,0.0
derevotyan,0.3551840686382713,533.0,0.23827426144461916,0.4720938758319235,0.3551840686382713,0.23381961438730436,0.04875185384616436,433.0,655.0,222.0,39.31764705882353,0.0,0.0,0.0
Archor Games,0.3546648900392024,534.0,0.25550275415886575,0.45382702591953916,0.35466489003920243,0.1983242717606734,0.04084519786558674,355.0,647.0,292.0,71.02352941176471,0.0,0.0,0.0
Games For Pleasure,0.35464041106982314,535.0,0.31162534089581023,0.3976554812438361,0.35464041106982314,0.08603014034802586,0.023811802268525535,417.0,651.0,234.0,46.51764705882353,0.0,0.0,0.0
Hunted Cow Games,0.3546271732216321,536.0,0.27262719627343324,0.436627150169831,0.3546271732216321,0.16399995389639777,0.03338148325103978,452.0,611.0,159.0,28.305882352941175,0.0,0.0,0.0
Remix Games,0.3529708038813518,537.0,0.2560870839211525,0.4498545238415512,0.3529708038813518,0.19376743992039874,0.04852483618341851,438.0,618.0,180.0,34.11764705882353,0.0,0.0,0.0
khukhrovr,0.3517407664500198,538.0,0.2950695064363296,0.40841202646370994,0.3517407664500197,0.11334252002738032,0.03000259956191039,426.0,599.0,173.0,33.03529411764706,0.0,0.0,0.0
Playstige Interactive,0.351643999593001,539.0,0.30524761565830416,0.3980403835276979,0.351643999593001,0.09279276786939372,0.023569483454600307,446.0,614.0,168.0,31.694117647058825,0.0,0.0,0.0
T-Bull,0.35156663750393763,540.0,0.2771737167994181,0.4259595582084572,0.3515666375039377,0.1487858414090391,0.033916465586272385,437.0,634.0,197.0,36.15294117647059,0.0,0.0,0.0
Degica,0.35065575914671265,541.0,0.23982146941818716,0.46149004887523815,0.3506557591467127,0.22166857945705098,0.04385061399317418,451.0,652.0,201.0,49.870588235294115,0.0,0.0,0.0
Rubika Supinfogame,0.35040263715103104,542.0,0.2724870464552039,0.42831822784685825,0.3504026371510311,0.15583118139165436,0.03810756080325094,434.0,601.0,167.0,32.48235294117647,0.0,0.0,0.0
KISS ltd,0.35025788892618,543.0,0.2851450071074591,0.4153707707449008,0.35025788892618,0.1302257636374417,0.031243191774924038,387.0,674.0,287.0,47.576470588235296,0.0,0.0,0.0
ZaxtorGameS,0.34993810603206854,544.0,0.27238077568274677,0.42749543638139026,0.34993810603206854,0.1551146606986435,0.03986997399917127,473.0,586.0,113.0,21.070588235294117,0.0,0.0,0.0
Aldorlea Games,0.34927534403174393,545.0,0.3014236165342507,0.3971270715292373,0.349275344031744,0.09570345499498661,0.02927107607894597,475.0,574.0,99.0,21.647058823529413,0.0,0.0,0.0
Tin Man Games,0.3492749822983982,546.0,0.272363524140196,0.4261864404566003,0.34927498229839815,0.15382291631640432,0.03992783239091763,441.0,594.0,153.0,23.776470588235295,0.0,0.0,0.0
Nyu Media,0.3486375939768323,547.0,0.24353085084777404,0.45374433710589057,0.3486375939768323,0.21021348625811653,0.04232032841982675,460.0,644.0,184.0,41.37647058823529,0.0,0.0,0.0
Alternative Software Ltd,0.3481028467741775,548.0,0.24622904272496157,0.4499766508233936,0.3481028467741776,0.20374760809843204,0.04064439043542034,436.0,651.0,215.0,50.04705882352941,0.0,0.0,0.0
SA Industry,0.3480854395600323,549.0,0.29952446405587846,0.39664641506418613,0.3480854395600323,0.09712195100830767,0.02635133399310123,459.0,629.0,170.0,36.694117647058825,0.0,0.0,0.0
8floor,0.34790993422890776,550.0,0.2932001941161612,0.4026196743416544,0.3479099342289078,0.1094194802254932,0.02869372236072911,458.0,650.0,192.0,32.49411764705882,0.0,0.0,0.0
Seven Sails Games,0.3474659180366854,551.0,0.24943502613217128,0.44549680994119956,0.3474659180366854,0.19606178380902828,0.04147276076936451,363.0,674.0,311.0,73.70588235294117,0.0,0.0,0.0
Astrea,0.3472477444254197,552.0,0.24450657096436687,0.4499889178864727,0.3472477444254197,0.20548234692210585,0.044425857509009584,374.0,654.0,280.0,50.27058823529412,0.0,0.0,0.0
Amaterasu Software,0.34593210333194874,553.0,0.2744450348253667,0.41741917183853094,0.3459321033319488,0.14297413701316425,0.03119387634903546,403.0,650.0,247.0,54.44705882352941,0.0,0.0,0.0
SilentFuture,0.34589260506488567,554.0,0.2885893335219655,0.403195876607806,0.34589260506488567,0.1146065430858405,0.030450174447337656,476.0,591.0,115.0,21.4,0.0,0.0,0.0
AFBIK Studio,0.3442247248723542,555.0,0.262019543801818,0.42642990594289043,0.3442247248723542,0.1644103621410724,0.03593702763569338,473.0,637.0,164.0,33.95294117647059,0.0,0.0,0.0
JoyBits Ltd.,0.34214650511172456,556.0,0.27655607586928693,0.4077369343541623,0.3421465051117246,0.13118085848487537,0.031156790113521262,450.0,661.0,211.0,37.36470588235294,0.0,0.0,0.0
SAT-BOX,0.3420344021260617,557.0,0.24326555300369287,0.44080325124843045,0.3420344021260617,0.19753769824473758,0.040382372805373754,395.0,664.0,269.0,64.54117647058824,0.0,0.0,0.0
IndieGala,0.34200016038576553,558.0,0.27565948110379557,0.4083408396677354,0.34200016038576553,0.1326813585639398,0.032532475137211324,427.0,623.0,196.0,33.37647058823529,0.0,0.0,0.0
MoonlightGames,0.3419016813132461,559.0,0.28322601046763995,0.40057735215885226,0.34190168131324616,0.11735134169121231,0.026120629848534558,499.0,612.0,113.0,19.71764705882353,0.0,0.0,0.0
CggtGroup,0.34120222555307744,560.0,0.23844408495535768,0.44396036615079715,0.34120222555307744,0.20551628119543947,0.040686688820525944,391.0,666.0,275.0,61.72941176470588,0.0,0.0,0.0
Orangepixel,0.34117310839499465,561.0,0.2690679815069157,0.41327823528307356,0.3411731083949946,0.14421025377615787,0.03163688761220634,531.0,582.0,51.0,11.847058823529412,0.0,0.0,0.0
Sometimes You,0.34018394765584603,562.0,0.2795390352792062,0.40082886003248597,0.3401839476558461,0.12128982475327976,0.02637198987047738,446.0,639.0,193.0,43.36470588235294,0.0,0.0,0.0
Renegade Sector Games,0.33995499397201395,563.0,0.25904328817201533,0.4208666997720126,0.33995499397201395,0.16182341159999725,0.044417119304364365,497.0,614.0,117.0,27.223529411764705,0.0,0.0,0.0
Focus Home Interactive,0.33950291701118324,564.0,0.2407543690250909,0.43825146499727563,0.3395029170111833,0.19749709597218473,0.04446368877968168,378.0,710.0,332.0,68.84705882352941,0.0,0.0,0.0
MAGIC Spell Studios,0.338860714881534,565.0,0.2718008066576574,0.40592062310541066,0.338860714881534,0.13411981644775328,0.031764612101927915,493.0,613.0,120.0,25.67058823529412,0.0,0.0,0.0
Rabotiagi games,0.33772811980275474,566.0,0.2590149702809288,0.4164412693245808,0.33772811980275474,0.15742629904365202,0.046366026798769416,408.0,651.0,243.0,37.83529411764706,0.0,0.0,0.0
Wainstop James,0.33766255840950066,567.0,0.25692957227022695,0.4183955445487745,0.3376625584095007,0.16146597227854753,0.043687203855060364,504.0,620.0,116.0,25.03529411764706,0.0,0.0,0.0
RunServer,0.33722655112230593,568.0,0.2544897002159058,0.41996340202870613,0.33722655112230593,0.16547370181280036,0.03502586959907694,471.0,660.0,189.0,36.694117647058825,0.0,0.0,0.0
Gamera Interactive,0.3371898362287409,569.0,0.2824005834018315,0.39197908905565015,0.3371898362287409,0.10957850565381866,0.03023013701016377,525.0,588.0,63.0,11.717647058823529,0.0,0.0,0.0
Kiddy,0.33708465296541607,570.0,0.2892400716593677,0.3849292342714644,0.33708465296541607,0.0956891626120967,0.024850139671332854,498.0,612.0,114.0,26.458823529411763,0.0,0.0,0.0
lightUP,0.3369294827896539,571.0,0.2307730985072278,0.4430858670720801,0.33692948278965396,0.2123127685648523,0.04819194701044901,393.0,685.0,292.0,46.258823529411764,0.0,0.0,0.0
Frosted Wings Studio,0.3368856973709886,572.0,0.23209547160170207,0.44167592314027526,0.3368856973709886,0.2095804515385732,0.04327771064390414,394.0,683.0,289.0,51.705882352941174,0.0,0.0,0.0
Valkyria Games,0.3367092346316891,573.0,0.2631059026141438,0.41031256664923443,0.3367092346316891,0.14720666403509064,0.03143426943271976,472.0,622.0,150.0,33.411764705882355,0.0,0.0,0.0
Mature Games,0.3363701922249598,574.0,0.2531074375874671,0.4196329468624524,0.3363701922249598,0.16652550927498527,0.03943685518013514,493.0,627.0,134.0,30.48235294117647,0.0,0.0,0.0
PastureSoft,0.33625555041552796,575.0,0.28525091423775883,0.3872601865932972,0.33625555041552796,0.10200927235553836,0.029650347491559523,478.0,677.0,199.0,35.63529411764706,0.0,0.0,0.0
EntwicklerX,0.3356599950403607,576.0,0.2516950076932602,0.41962498238746104,0.33565999504036065,0.16792997469420085,0.03995586456997681,529.0,628.0,99.0,20.376470588235293,0.0,0.0,0.0
Black Hole,0.3355906608199508,577.0,0.26024303936011584,0.4109382822797859,0.3355906608199508,0.15069524291967007,0.03426456224144291,541.0,604.0,63.0,13.058823529411764,0.0,0.0,0.0
Boogygames Studios,0.33431658547697873,578.0,0.2725531354517884,0.3960800355021692,0.3343165854769788,0.1235269000503808,0.02814522261000963,502.0,641.0,139.0,33.22352941176471,0.0,0.0,0.0
"Mindware Co., Ltd.",0.3330703539904327,579.0,0.25424275666040974,0.41189795132045554,0.3330703539904326,0.1576551946600458,0.04160209501574032,525.0,624.0,99.0,21.44705882352941,0.0,0.0,0.0
MB Game Studio,0.3329740782291235,580.0,0.2165593996378165,0.4493887568204306,0.3329740782291235,0.2328293571826141,0.047696748924110965,377.0,702.0,325.0,55.917647058823526,0.0,0.0,0.0
Nikita Morti,0.332593959929254,581.0,0.218729390095149,0.4464585297633589,0.33259395992925395,0.22772913966820993,0.04647761806628262,383.0,698.0,315.0,54.98823529411764,0.0,0.0,0.0
Hound Picked Games,0.3306099674320179,582.0,0.24352062112480705,0.417699313739229,0.330609967432018,0.17417869261442193,0.04871693785910531,457.0,655.0,198.0,41.03529411764706,0.0,0.0,0.0
Back To Basics Gaming,0.32878177914983686,583.0,0.25666015842425405,0.40090339987541973,0.32878177914983686,0.14424324145116568,0.030384861160205456,444.0,670.0,226.0,51.811764705882354,0.0,0.0,0.0
AMG GAMES,0.3284700302462413,584.0,0.23178996346553732,0.4251500970269454,0.32847003024624133,0.19336013356140808,0.05329952699617041,440.0,684.0,244.0,46.63529411764706,0.0,0.0,0.0
Dead Drop Studios LLC,0.32754134308434024,585.0,0.27109000333483346,0.383992682833847,0.32754134308434024,0.11290267949901356,0.025296715648012513,553.0,620.0,67.0,13.458823529411765,0.0,0.0,0.0
Slippy Floor,0.3273630525621357,586.0,0.26208859451091304,0.3926375106133584,0.3273630525621357,0.13054891610244534,0.027760176313149674,502.0,646.0,144.0,34.15294117647059,0.0,0.0,0.0
Cakewalk,0.32675524487586854,587.0,0.2324072636176137,0.4211032261341233,0.3267552448758685,0.1886959625165096,0.04228602351010131,524.0,667.0,143.0,31.105882352941176,0.0,0.0,0.0
Winter Wolves,0.3265340211602409,588.0,0.2553038031350034,0.3977642391854784,0.3265340211602409,0.14246043605047498,0.033172783088568095,557.0,625.0,68.0,12.24705882352941,0.0,0.0,0.0
Crystal Game Works,0.3261153496393955,589.0,0.22202852634959103,0.4302021729291999,0.3261153496393954,0.20817364657960885,0.04848451494474091,508.0,685.0,177.0,35.21176470588235,0.0,0.0,0.0
MIRROR Soft,0.32600269659531844,590.0,0.2567120796788253,0.3952933135118115,0.32600269659531844,0.1385812338329862,0.03630225294480458,558.0,621.0,63.0,12.270588235294118,0.0,0.0,0.0
FreezeNova,0.3254875710623938,591.0,0.2634899897933527,0.38748515233143493,0.3254875710623938,0.12399516253808224,0.03459967008636722,498.0,646.0,148.0,30.623529411764707,0.0,0.0,0.0
Male Doll,0.3253246384504295,592.0,0.25371413235714274,0.3969351445437164,0.3253246384504296,0.14322101218657368,0.03649158356415011,515.0,635.0,120.0,20.211764705882352,0.0,0.0,0.0
Erbe Software,0.32499381536834354,593.0,0.24017883435664325,0.40980879638004386,0.32499381536834354,0.1696299620234006,0.03427963810293952,476.0,673.0,197.0,49.16470588235294,0.0,0.0,0.0
DigiPen Institute of Technology,0.32429556703677737,594.0,0.24893465305589818,0.39965648101765655,0.32429556703677737,0.15072182796175837,0.04234521164102395,451.0,671.0,220.0,32.588235294117645,0.0,0.0,0.0
SeedWall,0.32367678194369803,595.0,0.2694078235893467,0.3779457402980494,0.32367678194369803,0.10853791670870272,0.026908523821057684,558.0,622.0,64.0,14.458823529411765,0.0,0.0,0.0
EnsenaSoft,0.32316390991842253,596.0,0.26139629689007315,0.384931522946772,0.32316390991842253,0.12353522605669887,0.02620645423220365,476.0,694.0,218.0,40.35294117647059,0.0,0.0,0.0
吃了就睡工作室,0.32314980496223933,597.0,0.23436569462401846,0.4119339153004601,0.3231498049622393,0.17756822067644162,0.04137432516840033,535.0,664.0,129.0,29.141176470588235,0.0,0.0,0.0
Studio2760,0.3228725660794727,598.0,0.257614300801027,0.3881308313579183,0.3228725660794727,0.13051653055689133,0.03648997123544373,544.0,627.0,83.0,14.670588235294117,0.0,0.0,0.0
Hentai Room,0.3220296400840764,599.0,0.2523029688465779,0.39175631132157496,0.3220296400840764,0.13945334247499708,0.03318342928647231,530.0,652.0,122.0,27.8,0.0,0.0,0.0
KazakovStudios,0.3214913698831394,600.0,0.26037169867911447,0.3826110410871645,0.3214913698831395,0.12223934240805001,0.03228228733875038,513.0,662.0,149.0,32.529411764705884,0.0,0.0,0.0
DillyFrame,0.3204091564659695,601.0,0.23368886132517666,0.4071294516067624,0.3204091564659695,0.17344059028158573,0.04087268435025296,490.0,676.0,186.0,34.10588235294118,0.0,0.0,0.0
Blender Games,0.3195914960771484,602.0,0.25478672504464617,0.3843962671096505,0.3195914960771484,0.12960954206500436,0.033981314572241905,506.0,658.0,152.0,30.847058823529412,0.0,0.0,0.0
M9 Games,0.31941778408339844,603.0,0.2731406093202295,0.36569495884656733,0.31941778408339844,0.09255434952633784,0.02152710165102235,564.0,638.0,74.0,16.223529411764705,0.0,0.0,0.0
Laush Studio,0.3192759108512509,604.0,0.26897977865246564,0.3695720430500363,0.31927591085125095,0.10059226439757069,0.03300311961083935,555.0,633.0,78.0,15.282352941176471,0.0,0.0,0.0
ARTLINK,0.3188034312271891,605.0,0.2537769097278295,0.3838299527265487,0.31880343122718907,0.13005304299871917,0.03424016437568978,543.0,642.0,99.0,18.83529411764706,0.0,0.0,0.0
Piece Of Voxel,0.31768900946879897,606.0,0.2692412921925584,0.3661367267450396,0.317689009468799,0.09689543455248123,0.02068342882546745,509.0,667.0,158.0,31.776470588235295,0.0,0.0,0.0
Tonguç Bodur,0.31746307932322093,607.0,0.2659625209789539,0.36896363766748796,0.31746307932322093,0.10300111668853407,0.030549404648863035,583.0,617.0,34.0,4.976470588235294,0.0,0.0,0.0
Silesia Games,0.3170952249290811,608.0,0.2475338926639123,0.38665655719424996,0.3170952249290811,0.13912266453033767,0.02984539725667721,530.0,679.0,149.0,37.43529411764706,0.0,0.0,0.0
Valkeala Software,0.3165224292633346,609.0,0.20102839497305885,0.4320164635536104,0.3165224292633346,0.23098806858055154,0.04595240524997949,421.0,726.0,305.0,70.70588235294117,0.0,0.0,0.0
Snkl Studio,0.31595679323344283,610.0,0.2400496698886179,0.3918639165782678,0.31595679323344283,0.1518142466896499,0.040764111677919185,522.0,664.0,142.0,27.941176470588236,0.0,0.0,0.0
Cosmi Valusoft,0.31566151822216704,611.0,0.21033302928758132,0.4209900071567527,0.31566151822216704,0.2106569778691714,0.04171903196419956,515.0,703.0,188.0,45.43529411764706,0.0,0.0,0.0
Wholetone Games,0.31556490907044804,612.0,0.25327556396828965,0.3778542541726064,0.31556490907044804,0.12457869020431672,0.03988864556997878,554.0,649.0,95.0,20.55294117647059,0.0,0.0,0.0
Fantastico Studio,0.3153194974677729,613.0,0.2353666521586959,0.3952723427768499,0.3153194974677729,0.15990569061815402,0.04506856042681898,515.0,671.0,156.0,32.94117647058823,0.0,0.0,0.0
New Reality Games,0.31468060295433314,614.0,0.2433178300342768,0.3860433758743895,0.31468060295433314,0.14272554584011274,0.029961266799942713,502.0,687.0,185.0,46.34117647058824,0.0,0.0,0.0
RewindApp,0.3139331887928479,615.0,0.2596841881992686,0.3681821893864272,0.3139331887928479,0.10849800118715863,0.026574942050339705,567.0,655.0,88.0,16.388235294117646,0.0,0.0,0.0
凝冰剑斩,0.31386899435670373,616.0,0.22265320386494913,0.4050847848484584,0.31386899435670373,0.18243158098350926,0.05872439707064155,433.0,704.0,271.0,52.15294117647059,0.0,0.0,0.0
GVR Training Computer Software,0.31324608102817203,617.0,0.2190329460447523,0.40745921601159185,0.31324608102817203,0.18842626996683956,0.03715751591855697,450.0,701.0,251.0,51.95294117647059,0.0,0.0,0.0
AnelaGamesStudio,0.31115544147685714,618.0,0.23207358519339713,0.3902372977603171,0.31115544147685714,0.15816371256692,0.03644989061849873,566.0,668.0,102.0,16.91764705882353,0.0,0.0,0.0
0Cube,0.3108948000502189,619.0,0.2361228139607611,0.38566678613967675,0.3108948000502189,0.14954397217891566,0.044069746943615554,511.0,684.0,173.0,30.211764705882352,0.0,0.0,0.0
AK Studio,0.3100184749100349,620.0,0.24451797182224377,0.375518977997826,0.3100184749100349,0.13100100617558225,0.03376012570674294,550.0,666.0,116.0,25.58823529411765,0.0,0.0,0.0
Phat Phrog Studios,0.30909632292267203,621.0,0.2524127025522263,0.3657799432931177,0.30909632292267203,0.11336724074089138,0.027714533199436862,527.0,692.0,165.0,35.752941176470586,0.0,0.0,0.0
exosyphen studios,0.3087866760023396,622.0,0.24618559262424417,0.3713877593804351,0.3087866760023396,0.12520216675619095,0.02846759732581688,494.0,717.0,223.0,39.67058823529412,0.0,0.0,0.0
Thalamus Digital,0.30843292747167894,623.0,0.23668471929881363,0.38018113564454425,0.30843292747167894,0.14349641634573063,0.04553854254255746,519.0,686.0,167.0,30.905882352941177,0.0,0.0,0.0
Stegalosaurus Game Development,0.30828997231397987,624.0,0.24619896080336606,0.37038098382459367,0.30828997231397987,0.1241820230212276,0.032133207068791594,576.0,650.0,74.0,14.31764705882353,0.0,0.0,0.0
kovalevviktor,0.3081331677108331,625.0,0.2419839160884445,0.3742824193332217,0.3081331677108331,0.1322985032447772,0.03266405672687694,536.0,683.0,147.0,30.11764705882353,0.0,0.0,0.0
Xitilon,0.3077990928168101,626.0,0.24680392697345965,0.36879425866016063,0.3077990928168101,0.12199033168670098,0.033741496892846494,581.0,649.0,68.0,12.435294117647059,0.0,0.0,0.0
Piko Interactive LLC,0.3072701618615708,627.0,0.25689219624660203,0.35764812747653957,0.3072701618615708,0.10075593122993753,0.028071376929349058,596.0,657.0,61.0,12.647058823529411,0.0,0.0,0.0
Sinned Games,0.3068372134340355,628.0,0.2631509804126706,0.35052344645540046,0.3068372134340355,0.08737246604272986,0.027764293309394367,595.0,645.0,50.0,8.788235294117648,0.0,0.0,0.0
Cornutopia Software,0.3062328799719412,629.0,0.2216073212786088,0.3908584386652736,0.3062328799719412,0.1692511173866648,0.04172980734117014,533.0,694.0,161.0,28.6,0.0,0.0,0.0
Dogenzaka Lab,0.30596604829836993,630.0,0.20990679531490014,0.4020253012818398,0.30596604829836993,0.19211850596693963,0.03894103511410602,550.0,705.0,155.0,34.84705882352941,0.0,0.0,0.0
Indovers Studio,0.30554806980130217,631.0,0.24544468036975656,0.3656514592328478,0.30554806980130217,0.12020677886309125,0.027658193886566623,507.0,716.0,209.0,36.76470588235294,0.0,0.0,0.0
grin robot,0.3052493966864569,632.0,0.21879086450668575,0.39170792886622813,0.30524939668645695,0.17291706435954238,0.04950771890213657,484.0,708.0,224.0,36.89411764705882,0.0,0.0,0.0
HandMade Games,0.30518180530407124,633.0,0.2506403160937975,0.35972329451434504,0.30518180530407124,0.10908297842054754,0.022219239566748115,517.0,697.0,180.0,36.858823529411765,0.0,0.0,0.0
Chris Antoni,0.3049644572004858,634.0,0.21257600742552146,0.3973529069754503,0.3049644572004858,0.18477689954992882,0.05058325484309902,513.0,710.0,197.0,37.32941176470588,0.0,0.0,0.0
PaulArt,0.30449861657902094,635.0,0.2589691072936601,0.3500281258643818,0.3044986165790209,0.09105901857072174,0.023689270307730655,550.0,705.0,155.0,27.75294117647059,0.0,0.0,0.0
RetroScope Games,0.30223809508222255,636.0,0.18658673115101923,0.41788945901342595,0.3022380950822226,0.23130272786240672,0.046132294323442236,456.0,735.0,279.0,66.05882352941177,0.0,0.0,0.0
Cronostase,0.3021556045547979,637.0,0.21483474819460574,0.38947646091499016,0.3021556045547979,0.17464171272038442,0.05390394502415547,535.0,710.0,175.0,41.15294117647059,0.0,0.0,0.0
IV Productions,0.3017766607979502,638.0,0.23440183361379352,0.3691514879821068,0.3017766607979501,0.13474965436831327,0.0273069542221268,577.0,677.0,100.0,23.741176470588236,0.0,0.0,0.0
Crescent Moon Games,0.3015399418814391,639.0,0.2390259276496213,0.3640539561132569,0.3015399418814391,0.12502802846363562,0.02925938061806059,604.0,656.0,52.0,11.223529411764705,0.0,0.0,0.0
FobTi interactive,0.30151902810583564,640.0,0.2334016948930954,0.3696363613185758,0.3015190281058356,0.1362346664254804,0.04444975524835115,548.0,689.0,141.0,27.31764705882353,0.0,0.0,0.0
FlagmanJeremy,0.300173738853804,641.0,0.25705755630545757,0.34328992140215037,0.300173738853804,0.0862323650966928,0.02462904085223734,539.0,723.0,184.0,32.49411764705882,0.0,0.0,0.0
7miao game,0.2986297001884315,642.0,0.2272721222864213,0.36998727809044174,0.2986297001884315,0.14271515580402044,0.03500738661177067,364.0,754.0,390.0,68.95294117647059,0.0,0.0,0.0
Narko Games,0.2979713599281455,643.0,0.2494480500011539,0.3464946698551372,0.29797135992814555,0.09704661985398333,0.02086661504963265,561.0,701.0,140.0,25.223529411764705,0.0,0.0,0.0
rondomedia GmbH,0.2977023989442927,644.0,0.24948476466103076,0.34592003322755466,0.2977023989442927,0.0964352685665239,0.025172842308777144,524.0,722.0,198.0,34.09411764705882,0.0,0.0,0.0
EroticGamesClub,0.2976493399585848,645.0,0.19735143168057867,0.39794724823659094,0.2976493399585848,0.20059581655601227,0.04618426126064541,439.0,752.0,313.0,75.48235294117647,0.0,0.0,0.0
MagicHouse,0.29735410079997693,646.0,0.19645417175502877,0.3982540298449251,0.29735410079997693,0.2017998580898963,0.04259620560728605,507.0,729.0,222.0,36.83529411764706,0.0,0.0,0.0
Oh,0.29717082079631973,647.0,0.21229618629404096,0.38204545529859857,0.29717082079631973,0.1697492690045576,0.054014058278261896,515.0,714.0,199.0,41.07058823529412,0.0,0.0,0.0
Gamuzumi,0.2969083598139805,648.0,0.21087966269119177,0.38293705693676916,0.29690835981398045,0.1720573942455774,0.03720524433400811,546.0,712.0,166.0,30.63529411764706,0.0,0.0,0.0
Mykhail Konokh,0.2966207955352739,649.0,0.23033923719167032,0.3629023538788774,0.2966207955352738,0.1325631166872071,0.031477700587581564,614.0,670.0,56.0,11.8,0.0,0.0,0.0
baKno Games,0.295899254773968,650.0,0.22686122642743226,0.3649372831205038,0.295899254773968,0.13807605669307152,0.027615440704352536,542.0,714.0,172.0,36.01176470588236,0.0,0.0,0.0
Doky,0.2949319883063785,651.0,0.19517038126909889,0.3946935953436582,0.2949319883063785,0.19952321407455934,0.042325384951494585,424.0,744.0,320.0,68.04705882352941,0.0,0.0,0.0
Dr. Cyril Splutterworth,0.29426504825040184,652.0,0.2140103735795527,0.37451972292125096,0.29426504825040184,0.16050934934169828,0.044064234101419616,574.0,697.0,123.0,25.623529411764707,0.0,0.0,0.0
Tim Rachor,0.29416741920896006,653.0,0.22427145665791284,0.36406338176000735,0.2941674192089601,0.1397919251020945,0.0381567728125735,593.0,694.0,101.0,20.870588235294118,0.0,0.0,0.0
Cute Pen Games,0.29365128243066274,654.0,0.20528741730483457,0.3820151475564909,0.2936512824306628,0.17672773025165633,0.036273162960192736,541.0,734.0,193.0,49.11764705882353,0.0,0.0,0.0
RoBot,0.29331066208890216,655.0,0.24709894588796594,0.3395223782898384,0.29331066208890216,0.09242343240187245,0.02518931836805054,617.0,676.0,59.0,10.941176470588236,0.0,0.0,0.0
Yai Gameworks,0.29276862823125377,656.0,0.21046618130825548,0.37507107515425214,0.29276862823125377,0.16460489384599666,0.04673851690286074,534.0,717.0,183.0,30.24705882352941,0.0,0.0,0.0
Meng Games,0.2926432523697858,657.0,0.2172412772926491,0.3680452274469225,0.2926432523697858,0.15080395015427336,0.03444707347671358,582.0,700.0,118.0,24.235294117647058,0.0,0.0,0.0
Source Byte Sp. z o.o.,0.29218841812754043,658.0,0.22850225316536785,0.3558745830897131,0.2921884181275405,0.12737232992434525,0.034842205026354,580.0,697.0,117.0,19.847058823529412,0.0,0.0,0.0
Sapphire Dragon Productions,0.29206709493810035,659.0,0.2192215985057678,0.36491259137043297,0.29206709493810035,0.14569099286466516,0.03645760204307261,600.0,692.0,92.0,21.423529411764704,0.0,0.0,0.0
Enaayah Software Development and Services Private Limited,0.29184645280961696,660.0,0.19340606484795875,0.39028684077127523,0.29184645280961696,0.1968807759233165,0.04167349620410194,565.0,733.0,168.0,29.08235294117647,0.0,0.0,0.0
Blessing Company,0.29133110659877015,661.0,0.22650432887399422,0.35615788432354617,0.2913311065987702,0.12965355544955195,0.02693216861379362,579.0,701.0,122.0,27.341176470588234,0.0,0.0,0.0
Chequered Ink Ltd.,0.29129626079488463,662.0,0.20911290946906935,0.3734796121207,0.2912962607948847,0.16436670265163067,0.048464417643712704,540.0,719.0,179.0,32.62352941176471,0.0,0.0,0.0
HaDe Games,0.29049511092425645,663.0,0.24606899983989816,0.33492122200861474,0.29049511092425645,0.08885222216871658,0.024463750168682314,625.0,676.0,51.0,11.282352941176471,0.0,0.0,0.0
City Interactive S.A.,0.29018329291013484,664.0,0.22109491191320124,0.3592716739070685,0.29018329291013484,0.13817676199386725,0.029491501454031597,559.0,718.0,159.0,29.96470588235294,0.0,0.0,0.0
No Gravity Games,0.2894187814570752,665.0,0.22025956797446355,0.3585779949396869,0.2894187814570752,0.13831842696522334,0.036659911672283024,594.0,694.0,100.0,20.71764705882353,0.0,0.0,0.0
Tegridy Made Games,0.28931913984763963,666.0,0.2214418388100905,0.3571964408851888,0.2893191398476397,0.13575460207509832,0.03171738804082727,589.0,698.0,109.0,22.67058823529412,0.0,0.0,0.0
BekkerDev Studio,0.2874287606337142,667.0,0.22971572308031513,0.34514179818711344,0.28742876063371425,0.11542607510679831,0.03475714453901629,631.0,683.0,52.0,9.964705882352941,0.0,0.0,0.0
Bitlock Studio,0.28617070765007063,668.0,0.2088242916387685,0.3635171236613728,0.28617070765007063,0.15469283202260428,0.031614171953787226,560.0,727.0,167.0,34.10588235294118,0.0,0.0,0.0
Kavkaz Sila Games,0.28564957672961583,669.0,0.22754742440022954,0.34375172905900203,0.28564957672961583,0.11620430465877249,0.03272982182515398,649.0,678.0,29.0,6.682352941176471,0.0,0.0,0.0
Enoops,0.2850393852313428,670.0,0.22018020697003965,0.349898563492646,0.2850393852313428,0.12971835652260633,0.026416254907967757,599.0,698.0,99.0,20.529411764705884,0.0,0.0,0.0
NS,0.2847086242513111,671.0,0.23673630004761415,0.33268094845500806,0.2847086242513111,0.09594464840739392,0.026021990205652674,636.0,677.0,41.0,7.5058823529411764,0.0,0.0,0.0
Kotovodk Studio,0.2838589521075085,672.0,0.1884174313654196,0.3793004728495975,0.2838589521075085,0.1908830414841779,0.04835639383482916,584.0,743.0,159.0,29.011764705882353,0.0,0.0,0.0
MumboJumbo,0.2829009957956564,673.0,0.19253267231271604,0.3732693192785968,0.2829009957956564,0.18073664696588077,0.03601880137699777,580.0,737.0,157.0,34.082352941176474,0.0,0.0,0.0
KPL,0.2822085622689566,674.0,0.23065118637193824,0.33376593816597505,0.2822085622689566,0.10311475179403681,0.023410045441778052,609.0,704.0,95.0,22.55294117647059,0.0,0.0,0.0
indiegames3000,0.2810581900591659,675.0,0.22552503793475936,0.3365913421835724,0.2810581900591659,0.11106630424881303,0.02566832160758503,588.0,740.0,152.0,26.44705882352941,0.0,0.0,0.0
Horny69Team,0.2806250777898569,676.0,0.21022392674520846,0.3510262288345054,0.28062507778985696,0.14080230208929695,0.03013417809154559,592.0,715.0,123.0,24.188235294117646,0.0,0.0,0.0
ESAT,0.27904412423876745,677.0,0.2018197061572633,0.3562685423202716,0.2790441242387674,0.1544488361630083,0.03799223796726177,627.0,717.0,90.0,18.6,0.0,0.0,0.0
Kajak Games,0.2787297587819691,678.0,0.2153260080306288,0.3421335095333094,0.2787297587819691,0.1268075015026806,0.0421036316866718,604.0,714.0,110.0,20.41176470588235,0.0,0.0,0.0
Tero Lunkka,0.27847652252119237,679.0,0.2149795313006471,0.3419735137417377,0.27847652252119237,0.12699398244109059,0.02773998162590037,628.0,713.0,85.0,20.51764705882353,0.0,0.0,0.0
Artur Rezende,0.27846118140547915,680.0,0.20340087769396645,0.3535214851169919,0.27846118140547915,0.15012060742302544,0.03668758750966066,607.0,724.0,117.0,18.8,0.0,0.0,0.0
Mihai Morosanu,0.27816582370721954,681.0,0.2220666160144135,0.33426503140002556,0.27816582370721954,0.11219841538561207,0.028028320882563566,596.0,715.0,119.0,22.776470588235295,0.0,0.0,0.0
Forestlight Games,0.2780318081112604,682.0,0.20007679267939316,0.3559868235431277,0.2780318081112604,0.15591003086373456,0.035138328143957086,623.0,719.0,96.0,19.611764705882354,0.0,0.0,0.0
Dharker Studios,0.2776319168316231,683.0,0.21270880659399002,0.3425550270692563,0.2776319168316231,0.12984622047526626,0.03188579605169098,658.0,700.0,42.0,9.176470588235293,0.0,0.0,0.0
familyplay,0.2773945508708069,684.0,0.19190490663296791,0.3628841951086459,0.2773945508708069,0.17097928847567798,0.03452064923890314,591.0,738.0,147.0,29.023529411764706,0.0,0.0,0.0
Excalibur Publishing,0.276820714826883,685.0,0.2280885875822915,0.3255528420714745,0.276820714826883,0.097464254489183,0.024363376341535365,582.0,732.0,150.0,27.71764705882353,0.0,0.0,0.0
Mikołaj Spychał,0.2766046839231147,686.0,0.19875664006234597,0.3544527277838835,0.2766046839231147,0.1556960877215375,0.048365814397102934,582.0,735.0,153.0,28.83529411764706,0.0,0.0,0.0
Kadragon,0.27166220603907615,687.0,0.22650349389403537,0.31682091818411695,0.27166220603907615,0.09031742429008158,0.024905665734035454,615.0,737.0,122.0,18.929411764705883,0.0,0.0,0.0
Saturn VR,0.27063867800127983,688.0,0.2080751009458728,0.3332022550566868,0.27063867800127983,0.12512715411081402,0.03986608206867894,629.0,722.0,93.0,17.31764705882353,0.0,0.0,0.0
Sprovieri Games,0.27026809539425056,689.0,0.19433878419263625,0.34619740659586484,0.27026809539425056,0.1518586224032286,0.0480656648199287,596.0,739.0,143.0,26.729411764705883,0.0,0.0,0.0
meokigame,0.27017207424531153,690.0,0.1863893983509742,0.35395475013964883,0.27017207424531153,0.16756535178867463,0.03360181045212957,597.0,744.0,147.0,28.294117647058822,0.0,0.0,0.0
Cow Games,0.2694982218007159,691.0,0.18399071325280705,0.3550057303486249,0.269498221800716,0.17101501709581787,0.03758366120654676,604.0,740.0,136.0,22.564705882352943,0.0,0.0,0.0
Nacks Soft,0.2693259560857961,692.0,0.1966366738200417,0.3420152383515506,0.2693259560857962,0.1453785645315089,0.033082366568213825,605.0,736.0,131.0,22.24705882352941,0.0,0.0,0.0
Dikobraz Games,0.26830827900635756,693.0,0.175777588691925,0.3608389693207902,0.26830827900635756,0.18506138062886518,0.04216844293674184,624.0,751.0,127.0,20.764705882352942,0.0,0.0,0.0
Zombie Developer,0.2680832311313121,694.0,0.16424890630746475,0.3719175559551595,0.26808323113131216,0.20766864964769477,0.0452180632182668,506.0,764.0,258.0,60.141176470588235,0.0,0.0,0.0
Ammonite Design Studios Ltd,0.26790943086986485,695.0,0.1865532658277372,0.3492655959119926,0.26790943086986485,0.16271233008425537,0.034128726285446685,615.0,736.0,121.0,24.694117647058825,0.0,0.0,0.0
Yash Future Tech Solutions Pvt Ltd,0.2672727845830986,696.0,0.22206342831902293,0.3124821408471743,0.2672727845830986,0.09041871252815137,0.022218411560947234,589.0,762.0,173.0,34.71764705882353,0.0,0.0,0.0
Marginal act,0.26673071500884304,697.0,0.2187907099670509,0.3146707200506352,0.26673071500884304,0.09588001008358427,0.02239498097850253,656.0,718.0,62.0,11.494117647058824,0.0,0.0,0.0
Guilty Pleasure Games,0.2649255254257402,698.0,0.17814847947800794,0.3517025713734726,0.26492552542574027,0.17355409189546467,0.03983546031783058,641.0,749.0,108.0,18.03529411764706,0.0,0.0,0.0
Uzura Studio,0.26419470142181595,699.0,0.1827430182512055,0.34564638459242647,0.26419470142181595,0.16290336634122096,0.03730828539420059,625.0,743.0,118.0,19.50588235294118,0.0,0.0,0.0
Libredia,0.26223728762732246,700.0,0.19767586234523632,0.32679871290940876,0.2622372876273225,0.12912285056417244,0.027111230147352755,588.0,754.0,166.0,28.905882352941177,0.0,0.0,0.0
Zeiva Inc,0.2616331407952739,701.0,0.18925403791282425,0.3340122436777235,0.2616331407952739,0.14475820576489923,0.04227425258584943,618.0,746.0,128.0,20.188235294117646,0.0,0.0,0.0
SIG Publishing,0.26102607993818877,702.0,0.23708946491592447,0.2849626949604531,0.2610260799381888,0.04787323004452865,0.010644966260918449,630.0,738.0,108.0,22.0,0.0,0.0,0.0
Ghost_RUS Games,0.2596077498696989,703.0,0.2171712192296442,0.3020442805097537,0.2596077498696989,0.08487306128010949,0.02142870470528706,667.0,731.0,64.0,12.729411764705882,0.0,0.0,0.0
Team Syukino,0.2583338223534296,704.0,0.19172880977897483,0.3249388349278844,0.2583338223534296,0.13321002514890956,0.037428672318107384,664.0,736.0,72.0,14.552941176470588,0.0,0.0,0.0
Warfare Studios,0.2582049303204671,705.0,0.20788497241535692,0.3085248882255773,0.2582049303204671,0.10063991581022036,0.026876763865793046,642.0,737.0,95.0,16.258823529411764,0.0,0.0,0.0
M.INDIE,0.2574147955696162,706.0,0.20287371102739257,0.31195588011183994,0.2574147955696162,0.10908216908444737,0.03020204829560521,659.0,729.0,70.0,13.658823529411764,0.0,0.0,0.0
LunarCore Games,0.2563775193507914,707.0,0.20216539130982808,0.31058964739175476,0.2563775193507914,0.10842425608192668,0.02964485559261726,676.0,726.0,50.0,11.329411764705883,0.0,0.0,0.0
Indie,0.2542402226723987,708.0,0.19890492220084433,0.3095755231439531,0.2542402226723987,0.11067060094310877,0.034715707623801,668.0,733.0,65.0,11.905882352941177,0.0,0.0,0.0
Vitok,0.2535233352799344,709.0,0.16696074289409968,0.3400859276657692,0.2535233352799344,0.17312518477166955,0.03618374728980666,663.0,757.0,94.0,20.023529411764706,0.0,0.0,0.0
GentleDriver,0.25291323735811294,710.0,0.1838467915976229,0.3219796831186029,0.25291323735811294,0.13813289152098002,0.03812388155417413,647.0,750.0,103.0,16.4,0.0,0.0,0.0
wow wow Games,0.25159050127818144,711.0,0.17747383763287075,0.32570716492349217,0.2515905012781815,0.14823332729062141,0.029478904425666412,642.0,752.0,110.0,25.50588235294118,0.0,0.0,0.0
Sunlight Games,0.25149240381037774,712.0,0.19984432890566953,0.30314047871508604,0.25149240381037774,0.10329614980941651,0.023587339218453195,632.0,752.0,120.0,21.36470588235294,0.0,0.0,0.0
ANPA.US,0.2508723769234334,713.0,0.20850616201152627,0.2932385918353405,0.2508723769234334,0.08473242982381424,0.023463278142139474,633.0,752.0,119.0,18.188235294117646,0.0,0.0,0.0
bitComposer Interactive GmbH,0.250750295940142,714.0,0.18902921413482587,0.3124713777454581,0.250750295940142,0.1234421636106322,0.026141737683734553,627.0,766.0,139.0,28.729411764705883,0.0,0.0,0.0
Azerbaijan Technology,0.2505576258101214,715.0,0.19951998968832013,0.3015952619319227,0.2505576258101214,0.10207527224360258,0.02319079978491992,618.0,758.0,140.0,22.67058823529412,0.0,0.0,0.0
W.T.B.,0.24984481470409992,716.0,0.1894914423602177,0.31019818704798213,0.2498448147040999,0.12070674468776443,0.030285959707080475,679.0,740.0,61.0,12.6,0.0,0.0,0.0
Reddiamondgames,0.24943926277126813,717.0,0.16565022216575187,0.33322830337678433,0.2494392627712681,0.16757808121103246,0.03407884560363856,652.0,761.0,109.0,24.71764705882353,0.0,0.0,0.0
Ready To Play,0.24794958341394402,718.0,0.18372944882359477,0.31216971800429333,0.24794958341394402,0.12844026918069856,0.02597851657675162,648.0,750.0,102.0,21.811764705882354,0.0,0.0,0.0
Anarchy Enterprises,0.24775336144472143,719.0,0.19095762679112144,0.3045490960983215,0.24775336144472143,0.11359146930720004,0.027564537813023243,662.0,748.0,86.0,13.823529411764707,0.0,0.0,0.0
My Label Game Studio,0.24770550856718107,720.0,0.1563274007307604,0.33908361640360174,0.24770550856718107,0.18275621567284134,0.037169430897562375,665.0,767.0,102.0,22.24705882352941,0.0,0.0,0.0
Phoenix Reborn Games,0.24766242069188704,721.0,0.18901365545819193,0.30631118592558215,0.24766242069188701,0.11729753046739022,0.02807579581737843,666.0,745.0,79.0,13.847058823529412,0.0,0.0,0.0
Black Phoenix Studio,0.2474754676382922,722.0,0.18944625125972483,0.3055046840168596,0.2474754676382922,0.11605843275713476,0.03719536087922023,685.0,744.0,59.0,13.376470588235295,0.0,0.0,0.0
Phoenixxx Games,0.24663336990690393,723.0,0.19176460505033932,0.30150213476346865,0.24663336990690396,0.10973752971312933,0.023717257642915688,661.0,755.0,94.0,20.176470588235293,0.0,0.0,0.0
IO Games,0.24605711243371833,724.0,0.18044854691575013,0.3116656779516866,0.24605711243371836,0.13121713103593646,0.03100925209906713,666.0,751.0,85.0,15.788235294117648,0.0,0.0,0.0
Blaze Epic,0.24576900397727297,725.0,0.18307636862866106,0.30846163932588494,0.245769003977273,0.12538527069722388,0.034014395459730784,682.0,742.0,60.0,11.6,0.0,0.0,0.0
NedoStudio,0.2438496226648338,726.0,0.17818863050192674,0.3095106148277409,0.24384962266483381,0.13132198432581416,0.03415895099962122,670.0,754.0,84.0,13.623529411764705,0.0,0.0,0.0
BadLand Publishing,0.2413276741132363,727.0,0.17631791869077545,0.30633742953569715,0.24132767411323627,0.1300195108449217,0.03455528723637514,681.0,757.0,76.0,13.188235294117646,0.0,0.0,0.0
Red twice potato,0.24128371748509883,728.0,0.1793121193019042,0.30325531566829345,0.24128371748509883,0.12394319636638926,0.032651886315431575,703.0,749.0,46.0,11.258823529411766,0.0,0.0,0.0
Cute Hannah's Games,0.24128047015317525,729.0,0.17712510135973422,0.3054358389466163,0.24128047015317525,0.12831073758688208,0.030600442794145748,683.0,755.0,72.0,14.023529411764706,0.0,0.0,0.0
indie_games_studio,0.24033039109210552,730.0,0.19370877768492725,0.28695200449928376,0.24033039109210552,0.09324322681435651,0.021643677836845548,624.0,770.0,146.0,23.32941176470588,0.0,0.0,0.0
Zloy Krot Studio,0.23979325530143672,731.0,0.19024420645150886,0.2893423041513647,0.23979325530143675,0.09909809769985584,0.02747530125927499,691.0,751.0,60.0,11.435294117647059,0.0,0.0,0.0
Studio Six,0.23977987383945557,732.0,0.16689434840785405,0.3126653992710572,0.23977987383945557,0.14577105086320313,0.03000844148445064,675.0,760.0,85.0,19.788235294117648,0.0,0.0,0.0
Boom Games,0.2394323671066372,733.0,0.18072280330630885,0.29814193090696567,0.23943236710663723,0.11741912760065681,0.02638413864566406,672.0,757.0,85.0,14.435294117647059,0.0,0.0,0.0
Studio Inward,0.23896577939304306,734.0,0.1696856165350269,0.30824594225105933,0.2389657793930431,0.13856032571603244,0.04317623329173128,684.0,760.0,76.0,18.68235294117647,0.0,0.0,0.0
Quarlellle,0.2376580936563924,735.0,0.16282150832724532,0.3124946789855395,0.2376580936563924,0.1496731706582942,0.0361351489858553,688.0,760.0,72.0,13.411764705882353,0.0,0.0,0.0
Cicada_Dancing,0.23731378742865925,736.0,0.1414526056596364,0.3331749691976821,0.23731378742865927,0.19172236353804567,0.046063225355493266,525.0,788.0,263.0,56.68235294117647,0.0,0.0,0.0
Chun Y.,0.23722987858272065,737.0,0.17536902191042175,0.29909073525501967,0.2372298785827207,0.12372171334459792,0.03311538907291512,697.0,751.0,54.0,10.6,0.0,0.0,0.0
Triority Interactive Novels,0.23709055790106442,738.0,0.17341915436836705,0.3007619614337619,0.23709055790106445,0.12734280706539483,0.03994158584384076,693.0,756.0,63.0,15.176470588235293,0.0,0.0,0.0
MCGame,0.23540693770556614,739.0,0.16096419534365028,0.30984968006748204,0.23540693770556617,0.14888548472383176,0.03034443180639739,630.0,770.0,140.0,31.50588235294118,0.0,0.0,0.0
Neki4 Electronics,0.23534567673859424,740.0,0.16294499448136981,0.3077463589958187,0.23534567673859427,0.1448013645144489,0.030023613410839343,684.0,764.0,80.0,18.188235294117646,0.0,0.0,0.0
Louie Inc,0.23525952820697926,741.0,0.17061383139839717,0.2999052250155614,0.2352595282069793,0.1292913936171642,0.03265628077324115,695.0,758.0,63.0,11.717647058823529,0.0,0.0,0.0
Tamashii,0.23341964856398345,742.0,0.1815341872486092,0.28530510987935775,0.23341964856398345,0.10377092263074855,0.029555214641271327,712.0,748.0,36.0,7.635294117647059,0.0,0.0,0.0
War Child Gaming,0.23320021631914917,743.0,0.1601214891315457,0.3062789435067527,0.2332002163191492,0.14615745437520702,0.04453808398873549,692.0,762.0,70.0,18.31764705882353,0.0,0.0,0.0
Brewsterland Studios,0.231472036622157,744.0,0.17781755917773415,0.2851265140665799,0.23147203662215704,0.10730895488884576,0.030506620528400183,713.0,752.0,39.0,7.258823529411765,0.0,0.0,0.0
GFI,0.23058013344193784,745.0,0.1719621252694851,0.2891981416143906,0.2305801334419378,0.11723601634490552,0.03082593770044597,719.0,755.0,36.0,9.447058823529412,0.0,0.0,0.0
Dharker Studios Ltd,0.22958485061436704,746.0,0.15696442676638833,0.3022052744623458,0.22958485061436704,0.14524084769595746,0.04407362524482204,702.0,766.0,64.0,16.83529411764706,0.0,0.0,0.0
Little Black Book Entertainment,0.22938328594162252,747.0,0.15891393786909738,0.29985263401414775,0.22938328594162255,0.14093869614505036,0.02920380503784845,696.0,768.0,72.0,16.541176470588237,0.0,0.0,0.0
Hede Games,0.22928032021084374,748.0,0.19306574654962844,0.26549489387205905,0.2292803202108437,0.07242914732243061,0.014525983830533778,640.0,776.0,136.0,29.647058823529413,0.0,0.0,0.0
Displacement Studios,0.2282752584889843,749.0,0.1844464475472281,0.27210406943074056,0.2282752584889843,0.08765762188351245,0.02041144536963543,673.0,768.0,95.0,16.564705882352943,0.0,0.0,0.0
GamesBraz,0.22814926872369293,750.0,0.19690704472960197,0.25939149271778383,0.2281492687236929,0.06248444798818187,0.013731512574177865,660.0,770.0,110.0,19.764705882352942,0.0,0.0,0.0
Hede,0.22378868355051765,751.0,0.20979084893534997,0.23778651816568538,0.22378868355051768,0.027995669230335418,0.008385835944096713,699.0,763.0,64.0,14.188235294117646,0.0,0.0,0.0
Jhinbrush,0.2236834097907319,752.0,0.15893659640446345,0.2884302231770004,0.22368340979073192,0.12949362677253695,0.02886359813736215,709.0,767.0,58.0,11.035294117647059,0.0,0.0,0.0
Half-Face Games,0.22121155471572193,753.0,0.16194659280949847,0.28047651662194545,0.22121155471572193,0.11852992381244698,0.03522622918228409,714.0,764.0,50.0,9.094117647058823,0.0,0.0,0.0
Indie Games Publisher,0.21666415462049085,754.0,0.17416656828892263,0.25916174095205907,0.21666415462049085,0.08499517266313644,0.018561659031731913,707.0,767.0,60.0,9.51764705882353,0.0,0.0,0.0
Boom Team,0.21609196262177088,755.0,0.1629252280838656,0.26925869715967615,0.21609196262177088,0.10633346907581057,0.02753510296534984,728.0,765.0,37.0,6.870588235294117,0.0,0.0,0.0
Ahlman Game Studio,0.21534706041765989,756.0,0.15520623919541984,0.2754878816398999,0.21534706041765989,0.12028164244448006,0.03726743726918221,725.0,769.0,44.0,8.811764705882354,0.0,0.0,0.0
United Independent Entertainment,0.21518828994823025,757.0,0.17966518144441815,0.2507113984520424,0.21518828994823025,0.07104621700762423,0.018229746169199573,670.0,776.0,106.0,15.458823529411765,0.0,0.0,0.0
Anamik Majumdar,0.21465099134811896,758.0,0.1561341070596183,0.2731678756366197,0.214650991348119,0.1170337685770014,0.023144737777302662,702.0,773.0,71.0,14.823529411764707,0.0,0.0,0.0
ZangGames,0.2137532671443604,759.0,0.1464100377863839,0.2810964965023369,0.21375326714436038,0.13468645871595303,0.04049655700819607,729.0,773.0,44.0,10.894117647058824,0.0,0.0,0.0
William at Oxford,0.21364523369388572,760.0,0.17833402227583153,0.24895644511193987,0.21364523369388572,0.07062242283610834,0.016845408776460406,719.0,769.0,50.0,8.658823529411764,0.0,0.0,0.0
azimuth team,0.2133093469972383,761.0,0.15928042385319902,0.26733827014127765,0.2133093469972383,0.10805784628807863,0.02243574046214037,714.0,772.0,58.0,11.988235294117647,0.0,0.0,0.0
PhoenixFire Games,0.20790414210894448,762.0,0.15308101915503539,0.2627272650628536,0.2079041421089445,0.10964624590781821,0.03221605098149142,738.0,769.0,31.0,6.235294117647059,0.0,0.0,0.0
Individual Software,0.20748200695146843,763.0,0.13988490875453713,0.2750791051483998,0.20748200695146843,0.13519419639386265,0.03048909945627007,733.0,775.0,42.0,8.058823529411764,0.0,0.0,0.0
CritoGames,0.204562764379872,764.0,0.14817807636658065,0.2609474523931634,0.20456276437987203,0.11276937602658277,0.027782473065380103,740.0,773.0,33.0,5.647058823529412,0.0,0.0,0.0
Playtouch,0.20445818652859465,765.0,0.15105545084271643,0.25786092221447293,0.20445818652859465,0.1068054713717565,0.029970211230173033,745.0,771.0,26.0,5.7176470588235295,0.0,0.0,0.0
Evil Bunneh,0.2019399909290721,766.0,0.1433475753657911,0.2605324064923532,0.2019399909290721,0.11718483112656211,0.027661376136992676,741.0,776.0,35.0,6.035294117647059,0.0,0.0,0.0
Ripknot Systems,0.19926433879511352,767.0,0.15374750928820474,0.24478116830202226,0.1992643387951135,0.09103365901381752,0.0232432585663189,734.0,772.0,38.0,5.2823529411764705,0.0,0.0,0.0
TigerQiuQiu,0.19868868503376166,768.0,0.1466333386995499,0.25074403136797346,0.19868868503376166,0.10411069266842357,0.03186548544500962,748.0,773.0,25.0,5.364705882352941,0.0,0.0,0.0
beans rolls,0.1906821080728872,769.0,0.15184090157673588,0.22952331456903852,0.1906821080728872,0.07768241299230264,0.022173565850219727,761.0,773.0,12.0,1.964705882352941,0.0,0.0,0.0
Silver Cow Studio,0.18900863581587643,770.0,0.13072545489730591,0.24729181673444697,0.18900863581587643,0.11656636183714106,0.034530343697709014,754.0,778.0,24.0,4.905882352941177,0.0,0.0,0.0
Shoho Games,0.18863117325697223,771.0,0.14121858789589178,0.2360437586180527,0.18863117325697223,0.09482517072216093,0.023043870907614814,755.0,775.0,20.0,3.5294117647058822,0.0,0.0,0.0
CodeRenderX,0.18699066051319846,772.0,0.11734162287636721,0.2566396981500297,0.18699066051319846,0.13929807527366247,0.031098578884385067,706.0,785.0,79.0,16.564705882352943,0.0,0.0,0.0
Uintani,0.1821552102217904,773.0,0.12579989098797859,0.23851052945560225,0.1821552102217904,0.11271063846762366,0.03315427961243451,759.0,780.0,21.0,3.823529411764706,0.0,0.0,0.0
Sabrina Aridi,0.17956736972123205,774.0,0.1334756382510813,0.22565910119138277,0.17956736972123202,0.09218346294030147,0.021361140062027602,757.0,778.0,21.0,3.0470588235294116,0.0,0.0,0.0
MCG,0.17914656084725844,775.0,0.12884208123617144,0.2294510404583455,0.17914656084725847,0.10060895922217405,0.02024997578819825,756.0,782.0,26.0,5.188235294117647,0.0,0.0,0.0
INFINITE BRIDGE,0.17758957513720353,776.0,0.1323018297856574,0.22287732048874967,0.17758957513720353,0.09057549070309226,0.02777246511211874,768.0,778.0,10.0,2.3529411764705883,0.0,0.0,0.0
CasGames,0.16942848668048355,777.0,0.1371555618698148,0.20170141149115228,0.16942848668048355,0.06454584962133747,0.019628623695226177,773.0,780.0,7.0,1.2588235294117647,0.0,0.0,0.0
Dystopian Edge Publishing,0.16850108969709676,778.0,0.12766766602195678,0.2093345133722368,0.1685010896970968,0.08166684735028001,0.01942602369551075,769.0,780.0,11.0,2.4,0.0,0.0,0.0
3000AD,0.166142237502066,779.0,0.14056173241727865,0.19172274258685335,0.166142237502066,0.051161010169574694,0.013869058656680231,748.0,784.0,36.0,4.341176470588235,0.0,0.0,0.0
cBlck,0.1620141173286266,780.0,0.12264072991413641,0.20138750474311687,0.1620141173286266,0.07874677482898046,0.021265364637472462,774.0,781.0,7.0,1.411764705882353,0.0,0.0,0.0
Kedexa,0.15686811456850644,781.0,0.11995352230003745,0.19378270683697546,0.15686811456850644,0.07382918453693801,0.023179184467373656,777.0,782.0,5.0,1.2117647058823529,0.0,0.0,0.0
EJRGames,0.15123340142199304,782.0,0.11499746145598867,0.18746934138799748,0.15123340142199307,0.0724718799320088,0.021293208888896215,778.0,784.0,6.0,1.0235294117647058,0.0,0.0,0.0
DIG Publishing,0.14926211138549844,783.0,0.10445853556127149,0.1940656872097254,0.14926211138549844,0.0896071516484539,0.025488936405579418,777.0,783.0,6.0,1.1529411764705881,0.0,0.0,0.0
Sinnera,0.14792783967830794,784.0,0.10252641947568225,0.1933292598809336,0.14792783967830794,0.09080284040525136,0.025679796702837772,779.0,784.0,5.0,0.8470588235294118,0.0,0.0,0.0
Astero,0.12875396634502098,785.0,0.09182582262041389,0.16568211006962805,0.12875396634502098,0.07385628744921416,0.0204306860211688,783.0,786.0,3.0,0.1411764705882353,0.0,0.0,0.0
SunshineOvercast,0.12283131152171745,786.0,0.08579540070462194,0.15986722233881295,0.12283131152171743,0.07407182163419102,0.020083165655556654,785.0,789.0,4.0,0.9058823529411765,0.0,0.0,0.0
Fury Games Production,0.12210024210002246,787.0,0.08978255835370455,0.15441792584634034,0.12210024210002245,0.06463536749263579,0.017874504970537348,786.0,788.0,2.0,0.35294117647058826,0.0,0.0,0.0
Metal Fox,0.1205333506361535,788.0,0.0897749919192903,0.1512917093530167,0.1205333506361535,0.0615167174337264,0.01707275972254612,787.0,789.0,2.0,0.25882352941176473,0.0,0.0,0.0
JY,0.11401757843005327,789.0,0.07991957864351246,0.14811557821659402,0.11401757843005327,0.06819599957308156,0.018132971939830857,789.0,790.0,1.0,0.36470588235294116,0.0,0.0,0.0
Pix Arts,0.10986023838688744,790.0,0.09234096164261771,0.12737951513115717,0.10986023838688744,0.03503855348853946,0.009449373419812682,785.0,790.0,5.0,0.8941176470588236,0.0,0.0,0.0
ALPHY,,,,,,,,,,,,,,
Anima Games,,,,,,,,,,,,,,
Bennaction,,,,,,,,,,,,,,
Casual Arts,,,,,,,,,,,,,,
Click on things together,,,,,,,,,,,,,,
Dinosaur workshop,,,,,,,,,,,,,,
Encore Software LLC,,,,,,,,,,,,,,
Gaming Factory S.A.,,,,,,,,,,,,,,
HUNTERS,,,,,,,,,,,,,,
Inoa Games,,,,,,,,,,,,,,
Kedronic UAB,,,,,,,,,,,,,,
LH Games Limited,,,,,,,,,,,,,,
LoadUpGames.com,,,,,,,,,,,,,,
Michael Richard Lannon,,,,,,,,,,,,,,
OG Games,,,,,,,,,,,,,,
Paul Connor,,,,,,,,,,,,,,
Pixel After Pixel,,,,,,,,,,,,,,
Pokies4fun,,,,,,,,,,,,,,
Queen's Court,,,,,,,,,,,,,,
QuickBobber,,,,,,,,,,,,,,
Schwan OG,,,,,,,,,,,,,,
Soomka Games,,,,,,,,,,,,,,
SupaGames,,,,,,,,,,,,,,
magnussoft,,,,,,,,,,,,,,
